component,name,bus,carrier,2025,2035,2045
Generator,DE gas primary,DE gas primary,gas primary,166141.1444,121158.00305,20478.39313
Generator,DE oil primary,DE oil primary,oil primary,98614.33046,55654.20303,28226.14503
Generator,DE0 0 0 onwind-2000,DE0 0,onwind,603.60282,,
Generator,DE0 0 0 onwind-2005,DE0 0,onwind,1203.54144,,
Generator,DE0 0 0 onwind-2010,DE0 0,onwind,849.20331,849.20331,
Generator,DE0 0 0 onwind-2015,DE0 0,onwind,1433.39577,1433.39577,
Generator,DE0 0 0 onwind-2020,DE0 0,onwind,1299.00873,1299.00873,1299.00873
Generator,DE0 0 0 onwind-2025,DE0 0,onwind,657.37825,657.37825,657.37825
Generator,DE0 0 0 solar rooftop-2025,DE0 0 low voltage,solar rooftop,0.07625,,
Generator,DE0 0 0 solar-2000,DE0 0,solar,10.61497,10.61497,
Generator,DE0 0 0 solar-2005,DE0 0,solar,180.82695,180.82695,
Generator,DE0 0 0 solar-2010,DE0 0,solar,1484.97851,1484.97851,1484.97851
Generator,DE0 0 0 solar-2015,DE0 0,solar,1975.68811,1975.68811,1975.68811
Generator,DE0 0 0 solar-2020,DE0 0,solar,1345.21473,1345.21473,1345.21473
Generator,DE0 0 0 solar-2025,DE0 0,solar,2613.51873,2613.51873,2613.51873
Generator,DE0 0 0 solar-hsat-2025,DE0 0,solar-hsat,28271.20033,28271.20033,28271.20033
Generator,DE0 0 biogas unsustainable,DE0 0 biogas,unsustainable biogas,7897266.7316,2574282.6805,
Generator,DE0 0 ror,DE0 0,ror,465.04803,465.04803,465.04803
Generator,DE0 0 rural heat vent,DE0 0 rural heat,rural heat vent,0.0051,0.06712,0.7518
Generator,DE0 0 solid biomass transported,DE0 0 solid biomass,solid biomass,10000.0,10000.0,10000.0
Generator,DE0 0 unsustainable bioliquids,DE0 0 unsustainable bioliquids,unsustainable bioliquids,3722438.39775,1213408.26165,
Generator,DE0 0 unsustainable solid biomass,DE0 0 solid biomass,unsustainable solid biomass,13274095.15582,4326974.68887,
Generator,DE0 0 unsustainable solid biomass transported,DE0 0 solid biomass,unsustainable solid biomass,10000.0,10000.0,
Generator,DE0 0 urban central heat vent,DE0 0 urban central heat,urban central heat vent,166.78694,0.09562,1.18978
Generator,DE0 0 urban decentral heat vent,DE0 0 urban decentral heat,urban decentral heat vent,0.00391,0.06395,0.88471
Generator,DE0 1 0 offwind-ac-2010,DE0 1,offwind-ac,42.62564,42.62564,
Generator,DE0 1 0 offwind-ac-2015,DE0 1,offwind-ac,1706.62416,1706.62416,
Generator,DE0 1 0 offwind-ac-2020,DE0 1,offwind-ac,2399.82367,2399.82367,2399.82367
Generator,DE0 1 0 offwind-ac-2025,DE0 1,offwind-ac,330.34908,330.34908,330.34908
Generator,DE0 1 0 offwind-dc-2025,DE0 1,offwind-dc,142.89076,142.89076,142.89076
Generator,DE0 1 0 onwind-2000,DE0 1,onwind,1068.90535,,
Generator,DE0 1 0 onwind-2005,DE0 1,onwind,2131.32186,,
Generator,DE0 1 0 onwind-2010,DE0 1,onwind,1503.8332,1503.8332,
Generator,DE0 1 0 onwind-2015,DE0 1,onwind,2538.36522,2538.36522,
Generator,DE0 1 0 onwind-2020,DE0 1,onwind,2300.38252,2300.38252,2300.38252
Generator,DE0 1 0 onwind-2025,DE0 1,onwind,9112.11014,9112.11014,9112.11014
Generator,DE0 1 0 solar rooftop-2025,DE0 1 low voltage,solar rooftop,0.04447,,
Generator,DE0 1 0 solar-2000,DE0 1,solar,20.83422,20.83422,
Generator,DE0 1 0 solar-2005,DE0 1,solar,354.91275,354.91275,
Generator,DE0 1 0 solar-2010,DE0 1,solar,2914.59757,2914.59757,2914.59757
Generator,DE0 1 0 solar-2015,DE0 1,solar,3877.72331,3877.72331,3877.72331
Generator,DE0 1 0 solar-2020,DE0 1,solar,2640.28036,2640.28036,2640.28036
Generator,DE0 1 0 solar-2025,DE0 1,solar,5129.60505,5129.60505,5129.60505
Generator,DE0 1 0 solar-hsat-2025,DE0 1,solar-hsat,0.06244,,
Generator,DE0 1 biogas unsustainable,DE0 1 biogas,unsustainable biogas,13162904.77653,4454540.89813,
Generator,DE0 1 ror,DE0 1,ror,19.03,19.03,19.03
Generator,DE0 1 rural heat vent,DE0 1 rural heat,rural heat vent,0.00521,0.3424,0.7344
Generator,DE0 1 solid biomass transported,DE0 1 solid biomass,solid biomass,10000.0,10000.0,10000.0
Generator,DE0 1 unsustainable bioliquids,DE0 1 unsustainable bioliquids,unsustainable bioliquids,6204438.04564,2099682.66834,
Generator,DE0 1 unsustainable solid biomass,DE0 1 solid biomass,unsustainable solid biomass,22124825.77438,7487400.61174,
Generator,DE0 1 unsustainable solid biomass transported,DE0 1 solid biomass,unsustainable solid biomass,10000.0,10000.0,
Generator,DE0 1 urban central heat vent,DE0 1 urban central heat,urban central heat vent,0.0121,0.08456,491.18328
Generator,DE0 1 urban decentral heat vent,DE0 1 urban decentral heat,urban decentral heat vent,0.00373,0.23546,0.82871
Generator,DE0 2 0 offwind-ac-2010,DE0 2,offwind-ac,15.48594,15.48594,
Generator,DE0 2 0 offwind-ac-2015,DE0 2,offwind-ac,620.01827,620.01827,
Generator,DE0 2 0 offwind-ac-2020,DE0 2,offwind-ac,871.85835,871.85835,871.85835
Generator,DE0 2 0 offwind-ac-2025,DE0 2,offwind-ac,120.02247,120.02247,120.02247
Generator,DE0 2 0 offwind-dc-2025,DE0 2,offwind-dc,2700.0352,2700.0352,2700.0352
Generator,DE0 2 0 onwind-2000,DE0 2,onwind,817.64164,,
Generator,DE0 2 0 onwind-2005,DE0 2,onwind,1630.31975,,
Generator,DE0 2 0 onwind-2010,DE0 2,onwind,1150.33258,1150.33258,
Generator,DE0 2 0 onwind-2015,DE0 2,onwind,1941.68091,1941.68091,
Generator,DE0 2 0 onwind-2020,DE0 2,onwind,1759.63994,1759.63994,1759.63994
Generator,DE0 2 0 onwind-2025,DE0 2,onwind,890.48845,890.48845,890.48845
Generator,DE0 2 0 solar rooftop-2025,DE0 2 low voltage,solar rooftop,0.04465,,
Generator,DE0 2 0 solar-2000,DE0 2,solar,16.92866,16.92866,
Generator,DE0 2 0 solar-2005,DE0 2,solar,288.38117,288.38117,
Generator,DE0 2 0 solar-2010,DE0 2,solar,2368.23016,2368.23016,2368.23016
Generator,DE0 2 0 solar-2015,DE0 2,solar,3150.80935,3150.80935,3150.80935
Generator,DE0 2 0 solar-2020,DE0 2,solar,2145.33616,2145.33616,2145.33616
Generator,DE0 2 0 solar-2025,DE0 2,solar,4168.01472,4168.01472,4168.01472
Generator,DE0 2 0 solar-hsat-2025,DE0 2,solar-hsat,0.06177,,
Generator,DE0 2 biogas unsustainable,DE0 2 biogas,unsustainable biogas,13046697.19156,4358933.90023,
Generator,DE0 2 ror,DE0 2,ror,23.404,23.404,23.404
Generator,DE0 2 rural heat vent,DE0 2 rural heat,rural heat vent,0.00509,1.12149,0.76056
Generator,DE0 2 solid biomass transported,DE0 2 solid biomass,solid biomass,10000.0,10000.0,10000.0
Generator,DE0 2 unsustainable bioliquids,DE0 2 unsustainable bioliquids,unsustainable bioliquids,6149662.69221,2054617.56263,
Generator,DE0 2 unsustainable solid biomass,DE0 2 solid biomass,unsustainable solid biomass,21929498.63233,7326699.8996,
Generator,DE0 2 unsustainable solid biomass transported,DE0 2 solid biomass,unsustainable solid biomass,10000.0,10000.0,
Generator,DE0 2 urban central heat vent,DE0 2 urban central heat,urban central heat vent,0.03063,0.10081,1.19812
Generator,DE0 2 urban decentral heat vent,DE0 2 urban decentral heat,urban decentral heat vent,0.00382,0.88112,0.84801
Generator,DE0 3 0 offwind-ac-2010,DE0 3,offwind-ac,21.88842,21.88842,
Generator,DE0 3 0 offwind-ac-2015,DE0 3,offwind-ac,876.35756,876.35756,
Generator,DE0 3 0 offwind-ac-2020,DE0 3,offwind-ac,1232.31797,1232.31797,1232.31797
Generator,DE0 3 0 offwind-ac-2025,DE0 3,offwind-ac,919.63558,919.63558,919.63558
Generator,DE0 3 0 offwind-dc-2025,DE0 3,offwind-dc,0.06249,,
Generator,DE0 3 0 onwind-2000,DE0 3,onwind,895.20059,,
Generator,DE0 3 0 onwind-2005,DE0 3,onwind,1784.96683,,
Generator,DE0 3 0 onwind-2010,DE0 3,onwind,1259.44957,1259.44957,
Generator,DE0 3 0 onwind-2015,DE0 3,onwind,2125.86274,2125.86274,
Generator,DE0 3 0 onwind-2020,DE0 3,onwind,1926.55393,1926.55393,1926.55393
Generator,DE0 3 0 onwind-2025,DE0 3,onwind,974.95626,974.95626,974.95626
Generator,DE0 3 0 solar rooftop-2025,DE0 3 low voltage,solar rooftop,0.05057,,
Generator,DE0 3 0 solar-2000,DE0 3,solar,17.46664,17.46664,
Generator,DE0 3 0 solar-2005,DE0 3,solar,297.54574,297.54574,
Generator,DE0 3 0 solar-2010,DE0 3,solar,2443.49096,2443.49096,2443.49096
Generator,DE0 3 0 solar-2015,DE0 3,solar,3250.94,3250.94,3250.94
Generator,DE0 3 0 solar-2020,DE0 3,solar,2213.51354,2213.51354,2213.51354
Generator,DE0 3 0 solar-2025,DE0 3,solar,4300.47163,4300.47163,4300.47163
Generator,DE0 3 0 solar-hsat-2025,DE0 3,solar-hsat,0.10658,,
Generator,DE0 3 biogas unsustainable,DE0 3 biogas,unsustainable biogas,13145784.55736,4364804.0486,
Generator,DE0 3 ror,DE0 3,ror,93.0114,93.0114,93.0114
Generator,DE0 3 rural heat vent,DE0 3 rural heat,rural heat vent,0.00541,1.17224,0.75885
Generator,DE0 3 solid biomass transported,DE0 3 solid biomass,solid biomass,10000.0,10000.0,10000.0
Generator,DE0 3 unsustainable bioliquids,DE0 3 unsustainable bioliquids,unsustainable bioliquids,6196368.29653,2057384.50294,
Generator,DE0 3 unsustainable solid biomass,DE0 3 solid biomass,unsustainable solid biomass,22096049.30956,7336566.71944,
Generator,DE0 3 unsustainable solid biomass transported,DE0 3 solid biomass,unsustainable solid biomass,10000.0,10000.0,
Generator,DE0 3 urban central heat vent,DE0 3 urban central heat,urban central heat vent,1608.01797,0.07842,1.14803
Generator,DE0 3 urban decentral heat vent,DE0 3 urban decentral heat,urban decentral heat vent,0.00434,0.81314,0.78819
Generator,DE0 4 0 onwind-2000,DE0 4,onwind,513.74258,,
Generator,DE0 4 0 onwind-2005,DE0 4,onwind,1024.36645,,
Generator,DE0 4 0 onwind-2010,DE0 4,onwind,722.77975,722.77975,
Generator,DE0 4 0 onwind-2015,DE0 4,onwind,1220.00165,1220.00165,
Generator,DE0 4 0 onwind-2020,DE0 4,onwind,1105.62122,1105.62122,1105.62122
Generator,DE0 4 0 onwind-2025,DE0 4,onwind,559.51358,559.51358,559.51358
Generator,DE0 4 0 solar rooftop-2025,DE0 4 low voltage,solar rooftop,0.04438,,
Generator,DE0 4 0 solar-2000,DE0 4,solar,11.6871,11.6871,
Generator,DE0 4 0 solar-2005,DE0 4,solar,199.09072,199.09072,
Generator,DE0 4 0 solar-2010,DE0 4,solar,1634.96337,1634.96337,1634.96337
Generator,DE0 4 0 solar-2015,DE0 4,solar,2175.23531,2175.23531,2175.23531
Generator,DE0 4 0 solar-2020,DE0 4,solar,1481.08326,1481.08326,1481.08326
Generator,DE0 4 0 solar-2025,DE0 4,solar,2877.48729,2877.48729,2877.48729
Generator,DE0 4 0 solar-hsat-2025,DE0 4,solar-hsat,0.07557,,
Generator,DE0 4 biogas unsustainable,DE0 4 biogas,unsustainable biogas,8337926.76658,2825553.32512,
Generator,DE0 4 ror,DE0 4,ror,280.359,280.359,280.359
Generator,DE0 4 rural heat vent,DE0 4 rural heat,rural heat vent,0.00517,0.24846,0.79257
Generator,DE0 4 solid biomass transported,DE0 4 solid biomass,solid biomass,10000.0,10000.0,10000.0
Generator,DE0 4 unsustainable bioliquids,DE0 4 unsustainable bioliquids,unsustainable bioliquids,3930146.94937,1331846.64388,
Generator,DE0 4 unsustainable solid biomass,DE0 4 solid biomass,unsustainable solid biomass,14014777.14548,4749322.1364,
Generator,DE0 4 unsustainable solid biomass transported,DE0 4 solid biomass,unsustainable solid biomass,10000.0,10000.0,
Generator,DE0 4 urban central heat vent,DE0 4 urban central heat,urban central heat vent,0.03531,0.07458,1.15532
Generator,DE0 4 urban decentral heat vent,DE0 4 urban decentral heat,urban decentral heat vent,0.00445,0.19174,1.04474
Generator,DE0 5 0 onwind-2000,DE0 5,onwind,817.36249,,
Generator,DE0 5 0 onwind-2005,DE0 5,onwind,1629.76315,,
Generator,DE0 5 0 onwind-2010,DE0 5,onwind,1149.93985,1149.93985,
Generator,DE0 5 0 onwind-2015,DE0 5,onwind,1941.01801,1941.01801,
Generator,DE0 5 0 onwind-2020,DE0 5,onwind,1759.03919,1759.03919,1759.03919
Generator,DE0 5 0 onwind-2025,DE0 5,onwind,890.18159,890.18159,890.18159
Generator,DE0 5 0 solar rooftop-2025,DE0 5 low voltage,solar rooftop,0.05461,,
Generator,DE0 5 0 solar-2000,DE0 5,solar,13.9306,13.9306,
Generator,DE0 5 0 solar-2005,DE0 5,solar,237.30907,237.30907,
Generator,DE0 5 0 solar-2010,DE0 5,solar,1948.81824,1948.81824,1948.81824
Generator,DE0 5 0 solar-2015,DE0 5,solar,2592.8032,2592.8032,2592.8032
Generator,DE0 5 0 solar-2020,DE0 5,solar,1765.39861,1765.39861,1765.39861
Generator,DE0 5 0 solar-2025,DE0 5,solar,3429.86279,3429.86279,3429.86279
Generator,DE0 5 0 solar-hsat-2025,DE0 5,solar-hsat,0.12348,,
Generator,DE0 5 biogas unsustainable,DE0 5 biogas,unsustainable biogas,10771523.78276,3501018.7056,
Generator,DE0 5 ror,DE0 5,ror,158.00312,158.00312,158.00312
Generator,DE0 5 rural heat vent,DE0 5 rural heat,rural heat vent,0.00538,0.0703,0.73782
Generator,DE0 5 solid biomass transported,DE0 5 solid biomass,solid biomass,10000.0,10000.0,10000.0
Generator,DE0 5 unsustainable bioliquids,DE0 5 unsustainable bioliquids,unsustainable bioliquids,5077241.92356,1650232.5303,
Generator,DE0 5 unsustainable solid biomass,DE0 5 solid biomass,unsustainable solid biomass,18105280.79206,5884675.92901,
Generator,DE0 5 unsustainable solid biomass transported,DE0 5 solid biomass,unsustainable solid biomass,10000.0,10000.0,
Generator,DE0 5 urban central heat vent,DE0 5 urban central heat,urban central heat vent,0.02436,0.10242,1317.31221
Generator,DE0 5 urban decentral heat vent,DE0 5 urban decentral heat,urban decentral heat vent,0.00363,0.06583,0.56862
Generator,DE0 6 0 onwind-2000,DE0 6,onwind,468.17442,,
Generator,DE0 6 0 onwind-2005,DE0 6,onwind,933.50676,,
Generator,DE0 6 0 onwind-2010,DE0 6,onwind,658.67032,658.67032,
Generator,DE0 6 0 onwind-2015,DE0 6,onwind,1111.78942,1111.78942,
Generator,DE0 6 0 onwind-2020,DE0 6,onwind,1007.55436,1007.55436,1007.55436
Generator,DE0 6 0 onwind-2025,DE0 6,onwind,509.88482,509.88482,509.88482
Generator,DE0 6 0 solar rooftop-2025,DE0 6 low voltage,solar rooftop,0.05673,,
Generator,DE0 6 0 solar-2005,DE0 6,solar,165.24433,165.24433,
Generator,DE0 6 0 solar-2010,DE0 6,solar,1357.01159,1357.01159,1357.01159
Generator,DE0 6 0 solar-2015,DE0 6,solar,1805.43466,1805.43466,1805.43466
Generator,DE0 6 0 solar-2020,DE0 6,solar,1229.29185,1229.29185,1229.29185
Generator,DE0 6 0 solar-2025,DE0 6,solar,2388.30091,2388.30091,2388.30091
Generator,DE0 6 0 solar-hsat-2025,DE0 6,solar-hsat,0.23942,,
Generator,DE0 6 biogas unsustainable,DE0 6 biogas,unsustainable biogas,9346726.68017,3040859.75643,
Generator,DE0 6 ror,DE0 6,ror,250.4458,250.4458,250.4458
Generator,DE0 6 rural heat vent,DE0 6 rural heat,rural heat vent,0.00508,0.06885,0.79727
Generator,DE0 6 solid biomass transported,DE0 6 solid biomass,solid biomass,10000.0,10000.0,10000.0
Generator,DE0 6 unsustainable bioliquids,DE0 6 unsustainable bioliquids,unsustainable bioliquids,4405652.67327,1433333.01308,
Generator,DE0 6 unsustainable solid biomass,DE0 6 solid biomass,unsustainable solid biomass,15710415.20625,5111219.25271,
Generator,DE0 6 unsustainable solid biomass transported,DE0 6 solid biomass,unsustainable solid biomass,10000.0,10000.0,
Generator,DE0 6 urban central heat vent,DE0 6 urban central heat,urban central heat vent,241.85756,0.08553,1.09112
Generator,DE0 6 urban decentral heat vent,DE0 6 urban decentral heat,urban decentral heat vent,0.00459,0.06687,1.03616
Generator,DE0 7 0 onwind-2000,DE0 7,onwind,910.3701,,
Generator,DE0 7 0 onwind-2005,DE0 7,onwind,1815.21376,,
Generator,DE0 7 0 onwind-2010,DE0 7,onwind,1280.79141,1280.79141,
Generator,DE0 7 0 onwind-2015,DE0 7,onwind,2161.88628,2161.88628,
Generator,DE0 7 0 onwind-2020,DE0 7,onwind,1959.20011,1959.20011,1959.20011
Generator,DE0 7 0 onwind-2025,DE0 7,onwind,991.47489,991.47489,991.47489
Generator,DE0 7 0 solar rooftop-2025,DE0 7 low voltage,solar rooftop,0.06718,,
Generator,DE0 7 0 solar-2000,DE0 7,solar,12.83758,12.83758,
Generator,DE0 7 0 solar-2005,DE0 7,solar,218.68927,218.68927,
Generator,DE0 7 0 solar-2010,DE0 7,solar,1795.9096,1795.9096,1795.9096
Generator,DE0 7 0 solar-2015,DE0 7,solar,2389.36605,2389.36605,2389.36605
Generator,DE0 7 0 solar-2020,DE0 7,solar,1626.88149,1626.88149,1626.88149
Generator,DE0 7 0 solar-2025,DE0 7,solar,3160.74817,3160.74817,3160.74817
Generator,DE0 7 0 solar-hsat-2025,DE0 7,solar-hsat,0.37803,,
Generator,DE0 7 biogas unsustainable,DE0 7 biogas,unsustainable biogas,12606447.12343,4024048.29668,
Generator,DE0 7 ror,DE0 7,ror,1482.1745,1482.1745,1482.1745
Generator,DE0 7 rural heat vent,DE0 7 rural heat,rural heat vent,0.00527,0.38482,0.68526
Generator,DE0 7 solid biomass transported,DE0 7 solid biomass,solid biomass,10000.0,10000.0,10000.0
Generator,DE0 7 unsustainable bioliquids,DE0 7 unsustainable bioliquids,unsustainable bioliquids,5942147.38167,1896766.61598,
Generator,DE0 7 unsustainable solid biomass,DE0 7 solid biomass,unsustainable solid biomass,21189505.73412,6763808.51972,
Generator,DE0 7 unsustainable solid biomass transported,DE0 7 solid biomass,unsustainable solid biomass,10000.0,10000.0,
Generator,DE0 7 urban central heat vent,DE0 7 urban central heat,urban central heat vent,53.95637,0.10339,1.25699
Generator,DE0 7 urban decentral heat vent,DE0 7 urban decentral heat,urban decentral heat vent,0.00392,0.29131,0.90729
Line,16,DE0 0,AC,1698.10686,1698.10882,1698.11148
Line,17,DE0 0,AC,5265.43599,5265.43709,5265.44788
Line,18,DE0 0,AC,15551.05147,15551.05341,15551.05662
Line,19,DE0 0,AC,5265.44117,5265.44365,5265.44672
Line,20,DE0 0,AC,5094.31643,5094.31834,5094.3203
Line,21,DE0 1,AC,17472.58645,17472.58826,17472.59159
Line,22,DE0 1,AC,5265.4415,5265.44396,5265.44644
Line,23,DE0 1,AC,7552.09157,7552.09293,7552.09423
Line,24,DE0 1,AC,6792.41321,6792.4142,6792.41507
Line,25,DE0 1,AC,7149.90859,12945.80223,12945.80446
Line,28,DE0 2,AC,25248.10895,35269.38898,41722.14759
Line,30,DE0 2,AC,5265.44189,7146.73173,8556.98028
Line,31,DE0 2,AC,6792.41391,6792.41493,6792.41612
Line,33,DE0 2,AC,3396.21035,4147.12409,4676.42848
Line,34,DE0 2,AC,3396.20981,5556.09538,5556.0969
Line,35,DE0 3,AC,15551.04575,15551.07642,15551.07779
Line,36,DE0 3,AC,6971.16061,6971.16255,6971.16533
Line,37,DE0 4,AC,15774.48386,15774.4853,15774.48674
Line,38,DE0 4,AC,3932.45672,3932.45923,3932.46241
Line,39,DE0 4,AC,10188.61971,10188.62219,10188.62358
Line,40,DE0 5,AC,8982.07321,8982.07447,8982.07613
Line,41,DE0 5,AC,7060.53714,7060.53856,7060.53991
Line,42,DE0 5,AC,5265.43673,5265.43826,5265.4397
Line,43,DE0 6,AC,7954.27233,7954.27303,7975.42634
Link,CO2 pipeline AT0 0 -> DE0 0-2025,AT0 0 co2 stored,CO2 pipeline,0.02594,,
Link,CO2 pipeline AT0 0 -> DE0 7-2025,AT0 0 co2 stored,CO2 pipeline,0.32856,,
Link,CO2 pipeline BE0 0 -> DE0 4-2025,BE0 0 co2 stored,CO2 pipeline,0.14065,,
Link,CO2 pipeline CH0 0 -> DE0 0-2025,CH0 0 co2 stored,CO2 pipeline,161.57191,161.57191,161.57191
Link,CO2 pipeline CZ0 0 -> DE0 3-2025,CZ0 0 co2 stored,CO2 pipeline,0.05012,,
Link,CO2 pipeline CZ0 0 -> DE0 7-2025,CZ0 0 co2 stored,CO2 pipeline,0.05399,,
Link,CO2 pipeline DE0 0 -> DE0 1-2025,DE0 0 co2 stored,CO2 pipeline,0.01595,,
Link,CO2 pipeline DE0 0 -> DE0 5-2025,DE0 0 co2 stored,CO2 pipeline,0.03233,,
Link,CO2 pipeline DE0 0 -> DE0 6-2025,DE0 0 co2 stored,CO2 pipeline,0.06869,,
Link,CO2 pipeline DE0 0 -> DE0 7-2025,DE0 0 co2 stored,CO2 pipeline,0.04671,,
Link,CO2 pipeline DE0 1 -> DE0 2-2025,DE0 1 co2 stored,CO2 pipeline,0.05289,,
Link,CO2 pipeline DE0 1 -> DE0 3-2025,DE0 1 co2 stored,CO2 pipeline,0.03319,,
Link,CO2 pipeline DE0 1 -> DE0 4-2025,DE0 1 co2 stored,CO2 pipeline,0.02386,,
Link,CO2 pipeline DE0 1 -> DE0 5-2025,DE0 1 co2 stored,CO2 pipeline,0.0259,,
Link,CO2 pipeline DE0 1 -> DE0 6-2025,DE0 1 co2 stored,CO2 pipeline,0.01955,,
Link,CO2 pipeline DE0 1 -> DE0 7-2025,DE0 1 co2 stored,CO2 pipeline,0.01611,,
Link,CO2 pipeline DE0 1 -> DK0 0-2025,DE0 1 co2 stored,CO2 pipeline,0.06198,,
Link,CO2 pipeline DE0 1 -> DK1 0-2025,DE0 1 co2 stored,CO2 pipeline,0.06544,,
Link,CO2 pipeline DE0 1 -> NO1 0-2025,DE0 1 co2 stored,CO2 pipeline,0.00571,,
Link,CO2 pipeline DE0 1 -> SE1 0-2025,DE0 1 co2 stored,CO2 pipeline,0.0066,,
Link,CO2 pipeline DE0 2 -> DE0 3-2025,DE0 2 co2 stored,CO2 pipeline,0.02471,,
Link,CO2 pipeline DE0 2 -> DE0 4-2025,DE0 2 co2 stored,CO2 pipeline,0.04363,,
Link,CO2 pipeline DE0 2 -> DE0 5-2025,DE0 2 co2 stored,CO2 pipeline,0.02862,,
Link,CO2 pipeline DE0 2 -> DE0 6-2025,DE0 2 co2 stored,CO2 pipeline,0.02705,,
Link,CO2 pipeline DE0 2 -> GB2 0-2025,DE0 2 co2 stored,CO2 pipeline,0.00808,,
Link,CO2 pipeline DE0 2 -> NL0 0-2025,DE0 2 co2 stored,CO2 pipeline,0.06279,,
Link,CO2 pipeline DE0 3 -> DE0 5-2025,DE0 3 co2 stored,CO2 pipeline,0.03238,,
Link,CO2 pipeline DE0 3 -> PL0 0-2025,DE0 3 co2 stored,CO2 pipeline,0.03307,,
Link,CO2 pipeline DE0 4 -> DE0 6-2025,DE0 4 co2 stored,CO2 pipeline,0.03892,,
Link,CO2 pipeline DE0 4 -> FR0 0-2025,DE0 4 co2 stored,CO2 pipeline,0.02845,,
Link,CO2 pipeline DE0 4 -> LU0 0-2025,DE0 4 co2 stored,CO2 pipeline,0.1122,,
Link,CO2 pipeline DE0 4 -> NL0 0-2025,DE0 4 co2 stored,CO2 pipeline,0.08617,,
Link,CO2 pipeline DE0 5 -> DE0 6-2025,DE0 5 co2 stored,CO2 pipeline,0.04222,,
Link,CO2 pipeline DE0 5 -> DE0 7-2025,DE0 5 co2 stored,CO2 pipeline,0.03949,,
Link,CO2 pipeline DE0 6 -> FR0 0-2025,DE0 6 co2 stored,CO2 pipeline,0.35261,,
Link,DE gas compressing,DE gas primary,gas compressing,1000000.0,1000000.0,1000000.0
Link,DE industry methanol,DE methanol,industry methanol,587.89954,728.3105,779.68037
Link,DE methanol -> EU methanol,DE methanol,methanol,1000000.0,1000000.0,1000000.0
Link,DE oil refining,DE oil primary,oil refining,1000000.0,1000000.0,1000000.0
Link,DE renewable gas -> DE gas,DE renewable gas,renewable gas,1000000.0,1000000.0,1000000.0
Link,DE renewable gas -> EU gas,DE renewable gas,renewable gas,1000000.0,1000000.0,1000000.0
Link,DE renewable oil -> DE oil,DE renewable oil,renewable oil,1000000.0,1000000.0,1000000.0
Link,DE renewable oil -> EU oil,DE renewable oil,renewable oil,1000000.0,1000000.0,1000000.0
Link,DE0 0 BEV charger-2025,DE0 0 low voltage,BEV charger,5096.37514,,
Link,DE0 0 CCGT-1965,DE gas,CCGT,153.50877,153.50877,153.50877
Link,DE0 0 CCGT-2015,DE gas,CCGT,33.15789,33.15789,33.15789
Link,DE0 0 CCGT-2025,DE gas,CCGT,319.00104,319.00104,319.00104
Link,DE0 0 Fischer-Tropsch-2025,DE0 0 H2,Fischer-Tropsch,0.01557,,
Link,DE0 0 H2 Electrolysis-2025,DE0 0,H2 Electrolysis,0.00581,,
Link,DE0 0 H2 Fuel Cell-2025,DE0 0 H2,H2 Fuel Cell,0.00938,,
Link,DE0 0 H2 turbine-2025,DE0 0 H2,H2 turbine,0.03765,,
Link,DE0 0 OCGT-2025,DE gas,OCGT,0.04275,,
Link,DE0 0 SMR CC-2025,DE gas,SMR CC,21.21262,21.21262,21.21262
Link,DE0 0 SMR-2025,DE gas,SMR,0.42975,,
Link,DE0 0 Sabatier-2025,DE0 0 H2,Sabatier,0.00938,,
Link,DE0 0 agriculture machinery oil,DE oil,agriculture machinery oil,80.25434,80.25434,80.25434
Link,DE0 0 battery charger-2025,DE0 0,battery charger,0.06351,,
Link,DE0 0 battery discharger-2025,DE0 0 battery,battery discharger,0.06499,,
Link,DE0 0 biogas to gas CC-2025,DE0 0 biogas,biogas to gas CC,0.36698,,
Link,DE0 0 biogas to gas-2025,DE0 0 biogas,biogas to gas,901.15477,901.15477,
Link,DE0 0 coal for industry,EU coal,coal for industry,263.53196,168.41096,48.34018
Link,DE0 0 coal-1985,EU coal,coal,248.61221,,
Link,DE0 0 electricity distribution grid-2025,DE0 0,electricity distribution grid,5903.74237,5903.74237,5903.74237
Link,DE0 0 electricity distribution grid-reversed-2025,DE0 0 low voltage,electricity distribution grid,5903.74237,5903.74237,5903.74237
Link,DE0 0 gas for industry,DE gas,gas for industry,1488.57438,1009.128,0.00684
Link,DE0 0 gas for industry CC-2025,DE gas,gas for industry CC,0.03437,,
Link,DE0 0 home battery charger-2025,DE0 0 low voltage,home battery charger,0.04794,,
Link,DE0 0 home battery discharger-2025,DE0 0 home battery,home battery discharger,0.04906,,
Link,DE0 0 kerosene for aviation,DE oil,kerosene for aviation,1656.63631,1821.09072,1691.85494
Link,DE0 0 land transport oil,DE oil,land transport oil,6294.37025,2087.18393,159.1432
Link,DE0 0 methanolisation-2025,DE0 0 H2,methanolisation,0.54782,,
Link,DE0 0 naphtha for industry,DE oil,naphtha for industry,350.45662,216.89498,76.48402
Link,DE0 0 oil-1990,DE oil,oil,101.14286,,
Link,DE0 0 process emissions,DE0 0 process emissions,process emissions,29.43069,0.00443,0.00057
Link,DE0 0 process emissions CC-2025,DE0 0 process emissions,process emissions CC,175.31301,175.31301,175.31301
Link,DE0 0 rural air heat pump-2025,DE0 0 low voltage,rural air heat pump,0.00417,,
Link,DE0 0 rural biomass boiler-2010,DE0 0 solid biomass,rural biomass boiler,160.10926,,
Link,DE0 0 rural biomass boiler-2015,DE0 0 solid biomass,rural biomass boiler,160.10926,,
Link,DE0 0 rural biomass boiler-2020,DE0 0 solid biomass,rural biomass boiler,160.10926,160.10926,
Link,DE0 0 rural biomass boiler-2024,DE0 0 solid biomass,rural biomass boiler,128.08741,128.08741,
Link,DE0 0 rural biomass boiler-2025,DE0 0 solid biomass,rural biomass boiler,0.00055,,
Link,DE0 0 rural gas boiler-2010,DE gas,rural gas boiler,563.58459,,
Link,DE0 0 rural gas boiler-2015,DE gas,rural gas boiler,563.58459,,
Link,DE0 0 rural gas boiler-2020,DE gas,rural gas boiler,563.58459,563.58459,
Link,DE0 0 rural gas boiler-2024,DE gas,rural gas boiler,450.86767,450.86767,
Link,DE0 0 rural gas boiler-2025,DE gas,rural gas boiler,0.00038,,
Link,DE0 0 rural ground heat pump-2010,DE0 0 low voltage,rural ground heat pump,27.94102,,
Link,DE0 0 rural ground heat pump-2015,DE0 0 low voltage,rural ground heat pump,27.94102,,
Link,DE0 0 rural ground heat pump-2020,DE0 0 low voltage,rural ground heat pump,27.94102,27.94102,
Link,DE0 0 rural ground heat pump-2024,DE0 0 low voltage,rural ground heat pump,22.35281,22.35281,
Link,DE0 0 rural ground heat pump-2025,DE0 0 low voltage,rural ground heat pump,0.00357,,
Link,DE0 0 rural oil boiler-2010,DE oil,rural oil boiler,321.51553,,
Link,DE0 0 rural oil boiler-2015,DE oil,rural oil boiler,321.51553,,
Link,DE0 0 rural oil boiler-2020,DE oil,rural oil boiler,321.51553,321.51553,
Link,DE0 0 rural oil boiler-2024,DE oil,rural oil boiler,257.21243,257.21243,
Link,DE0 0 rural resistive heater-2025,DE0 0 low voltage,rural resistive heater,8.56025,,
Link,DE0 0 rural water tanks charger-2025,DE0 0 rural heat,rural water tanks charger,0.70536,,
Link,DE0 0 rural water tanks discharger-2025,DE0 0 rural water tanks,rural water tanks discharger,0.70536,,
Link,DE0 0 shipping oil,DE oil,shipping oil,38.96911,25.32992,7.79382
Link,DE0 0 solid biomass biomass to liquid CC-2025,DE0 0 solid biomass,biomass to liquid CC,0.00689,,
Link,DE0 0 solid biomass biomass to liquid-2025,DE0 0 solid biomass,biomass to liquid,0.01023,,
Link,DE0 0 solid biomass for industry,DE0 0 solid biomass,solid biomass for industry,480.58307,589.03259,0.00225
Link,DE0 0 solid biomass for industry CC-2025,DE0 0 solid biomass,solid biomass for industry CC,0.03637,,
Link,DE0 0 solid biomass-2005,DE0 0 solid biomass,solid biomass,48.99777,,
Link,DE0 0 unsustainable bioliquids,DE0 0 unsustainable bioliquids,unsustainable bioliquids,3722438.39775,1213408.26165,
Link,DE0 0 urban central DAC-2025,DE0 0,DAC,0.00101,,
Link,DE0 0 urban central air heat pump-2025,DE0 0 low voltage,urban central air heat pump,0.00435,,
Link,DE0 0 urban central coal CHP-2010,EU coal,urban central coal CHP,82.90909,,
Link,DE0 0 urban central gas CHP CC-2025,DE gas,urban central gas CHP CC,0.01385,,
Link,DE0 0 urban central gas CHP-1990,DE gas,urban central gas CHP,23.91797,,
Link,DE0 0 urban central gas CHP-1995,DE gas,urban central gas CHP,204.27695,,
Link,DE0 0 urban central gas CHP-2000,DE gas,urban central gas CHP,36.58471,36.58471,
Link,DE0 0 urban central gas CHP-2005,DE gas,urban central gas CHP,265.21277,265.21277,
Link,DE0 0 urban central gas CHP-2010,DE gas,urban central gas CHP,257.57771,257.57771,257.57771
Link,DE0 0 urban central gas CHP-2015,DE gas,urban central gas CHP,750.78176,750.78176,750.78176
Link,DE0 0 urban central gas CHP-2020,DE gas,urban central gas CHP,289.54593,289.54593,289.54593
Link,DE0 0 urban central gas CHP-2025,DE gas,urban central gas CHP,1187.09794,1187.09794,1187.09794
Link,DE0 0 urban central gas boiler-2025,DE gas,urban central gas boiler,0.09547,,
Link,DE0 0 urban central oil CHP-2005,DE oil,urban central oil CHP,13.33333,,
Link,DE0 0 urban central resistive heater-2025,DE0 0 low voltage,urban central resistive heater,0.09145,,
Link,DE0 0 urban central solid biomass CHP CC-2025,DE0 0 solid biomass,urban central solid biomass CHP CC,0.00613,,
Link,DE0 0 urban central solid biomass CHP-2005,DE0 0 solid biomass,urban central solid biomass CHP,425.29004,,
Link,DE0 0 urban central solid biomass CHP-2010,DE0 0 solid biomass,urban central solid biomass CHP,350.64037,,
Link,DE0 0 urban central solid biomass CHP-2015,DE0 0 solid biomass,urban central solid biomass CHP,875.94092,875.94092,
Link,DE0 0 urban central solid biomass CHP-2020,DE0 0 solid biomass,urban central solid biomass CHP,173.42446,173.42446,
Link,DE0 0 urban central solid biomass CHP-2025,DE0 0 solid biomass,urban central solid biomass CHP,24.79292,24.79292,24.79292
Link,DE0 0 urban central water pits charger-2025,DE0 0 urban central heat,urban central water pits charger,0.48272,,
Link,DE0 0 urban central water pits discharger-2025,DE0 0 urban central water pits,urban central water pits discharger,0.48272,,
Link,DE0 0 urban central water tanks charger-2025,DE0 0 urban central heat,urban central water tanks charger,0.13924,,
Link,DE0 0 urban central water tanks discharger-2025,DE0 0 urban central water tanks,urban central water tanks discharger,0.13924,,
Link,DE0 0 urban decentral DAC-2025,DE0 0,DAC,0.00089,,
Link,DE0 0 urban decentral air heat pump-2010,DE0 0 low voltage,urban decentral air heat pump,30.73512,,
Link,DE0 0 urban decentral air heat pump-2015,DE0 0 low voltage,urban decentral air heat pump,30.73512,,
Link,DE0 0 urban decentral air heat pump-2020,DE0 0 low voltage,urban decentral air heat pump,30.73512,30.73512,
Link,DE0 0 urban decentral air heat pump-2024,DE0 0 low voltage,urban decentral air heat pump,24.5881,24.5881,
Link,DE0 0 urban decentral air heat pump-2025,DE0 0 low voltage,urban decentral air heat pump,0.00256,,
Link,DE0 0 urban decentral biomass boiler-2010,DE0 0 solid biomass,urban decentral biomass boiler,1060.04551,,
Link,DE0 0 urban decentral biomass boiler-2015,DE0 0 solid biomass,urban decentral biomass boiler,1060.04551,,
Link,DE0 0 urban decentral biomass boiler-2020,DE0 0 solid biomass,urban decentral biomass boiler,1060.04551,1060.04551,
Link,DE0 0 urban decentral biomass boiler-2024,DE0 0 solid biomass,urban decentral biomass boiler,848.03641,848.03641,
Link,DE0 0 urban decentral biomass boiler-2025,DE0 0 solid biomass,urban decentral biomass boiler,0.00034,,
Link,DE0 0 urban decentral gas boiler-2010,DE gas,urban decentral gas boiler,3731.3602,,
Link,DE0 0 urban decentral gas boiler-2015,DE gas,urban decentral gas boiler,3731.3602,,
Link,DE0 0 urban decentral gas boiler-2020,DE gas,urban decentral gas boiler,3731.3602,3731.3602,
Link,DE0 0 urban decentral gas boiler-2024,DE gas,urban decentral gas boiler,2985.08816,2985.08816,
Link,DE0 0 urban decentral gas boiler-2025,DE gas,urban decentral gas boiler,0.00029,,
Link,DE0 0 urban decentral oil boiler-2010,DE oil,urban decentral oil boiler,2128.67827,,
Link,DE0 0 urban decentral oil boiler-2015,DE oil,urban decentral oil boiler,2128.67827,,
Link,DE0 0 urban decentral oil boiler-2020,DE oil,urban decentral oil boiler,2128.67827,2128.67827,
Link,DE0 0 urban decentral oil boiler-2024,DE oil,urban decentral oil boiler,1702.94261,1702.94261,
Link,DE0 0 urban decentral resistive heater-2025,DE0 0 low voltage,urban decentral resistive heater,10.3175,10.3175,
Link,DE0 0 urban decentral water tanks charger-2025,DE0 0 urban decentral heat,urban decentral water tanks charger,0.71548,,
Link,DE0 0 urban decentral water tanks discharger-2025,DE0 0 urban decentral water tanks,urban decentral water tanks discharger,0.71548,,
Link,DE0 0 waste CHP CC-2025,DE0 0 non-sequestered HVC,waste CHP CC,0.1412,,
Link,DE0 0 waste CHP-2025,DE0 0 non-sequestered HVC,waste CHP,722.828,722.828,722.828
Link,DE0 1 BEV charger-2025,DE0 1 low voltage,BEV charger,5319.95834,,
Link,DE0 1 CCGT-2000,DE gas,CCGT,67.36842,67.36842,
Link,DE0 1 CCGT-2005,DE gas,CCGT,30.01754,30.01754,
Link,DE0 1 CCGT-2025,DE gas,CCGT,0.02212,,
Link,DE0 1 Fischer-Tropsch-2025,DE0 1 H2,Fischer-Tropsch,0.01556,,
Link,DE0 1 H2 Electrolysis-2025,DE0 1,H2 Electrolysis,0.00582,,
Link,DE0 1 H2 Fuel Cell-2025,DE0 1 H2,H2 Fuel Cell,0.00982,,
Link,DE0 1 H2 turbine-2025,DE0 1 H2,H2 turbine,0.0376,,
Link,DE0 1 OCGT-2025,DE gas,OCGT,0.04268,,
Link,DE0 1 SMR CC-2025,DE gas,SMR CC,31.65928,31.65928,31.65928
Link,DE0 1 SMR-2025,DE gas,SMR,488.66339,488.66339,488.66339
Link,DE0 1 Sabatier-2025,DE0 1 H2,Sabatier,0.00953,,
Link,DE0 1 agriculture machinery oil,DE oil,agriculture machinery oil,83.77518,83.77518,83.77518
Link,DE0 1 battery charger-2025,DE0 1,battery charger,0.06345,,
Link,DE0 1 battery discharger-2025,DE0 1 battery,battery discharger,0.06493,,
Link,DE0 1 biogas to gas CC-2025,DE0 1 biogas,biogas to gas CC,0.26469,,
Link,DE0 1 biogas to gas-2025,DE0 1 biogas,biogas to gas,1502.35729,1502.35729,
Link,DE0 1 coal for industry,EU coal,coal for industry,1543.03653,624.10274,59.25571
Link,DE0 1 coal-1975,EU coal,coal,258.97106,,
Link,DE0 1 coal-1990,EU coal,coal,776.91317,,
Link,DE0 1 electricity distribution grid-2025,DE0 1,electricity distribution grid,7248.94605,7248.94605,7248.94605
Link,DE0 1 electricity distribution grid-reversed-2025,DE0 1 low voltage,electricity distribution grid,7248.94605,7248.94605,7248.94605
Link,DE0 1 gas for industry,DE gas,gas for industry,3659.8075,2320.7698,0.00437
Link,DE0 1 gas for industry CC-2025,DE gas,gas for industry CC,0.03252,,
Link,DE0 1 home battery charger-2025,DE0 1 low voltage,home battery charger,0.04782,,
Link,DE0 1 home battery discharger-2025,DE0 1 home battery,home battery discharger,0.04894,,
Link,DE0 1 kerosene for aviation,DE oil,kerosene for aviation,1729.31464,1900.98383,1766.07835
Link,DE0 1 land transport oil,DE oil,land transport oil,6560.99315,2175.59485,165.88434
Link,DE0 1 methanolisation-2025,DE0 1 H2,methanolisation,26.0609,26.0609,
Link,DE0 1 naphtha for industry,DE oil,naphtha for industry,2279.68037,1757.99087,1200.91324
Link,DE0 1 process emissions,DE0 1 process emissions,process emissions,617.32414,0.00273,0.00036
Link,DE0 1 process emissions CC-2025,DE0 1 process emissions,process emissions CC,0.10424,,
Link,DE0 1 rural air heat pump-2025,DE0 1 low voltage,rural air heat pump,0.00443,,
Link,DE0 1 rural biomass boiler-2010,DE0 1 solid biomass,rural biomass boiler,382.22987,,
Link,DE0 1 rural biomass boiler-2015,DE0 1 solid biomass,rural biomass boiler,382.22987,,
Link,DE0 1 rural biomass boiler-2020,DE0 1 solid biomass,rural biomass boiler,382.22987,382.22987,
Link,DE0 1 rural biomass boiler-2024,DE0 1 solid biomass,rural biomass boiler,305.78389,305.78389,
Link,DE0 1 rural biomass boiler-2025,DE0 1 solid biomass,rural biomass boiler,0.00058,,
Link,DE0 1 rural gas boiler-2010,DE gas,rural gas boiler,1345.44913,,
Link,DE0 1 rural gas boiler-2015,DE gas,rural gas boiler,1345.44913,,
Link,DE0 1 rural gas boiler-2020,DE gas,rural gas boiler,1345.44913,1345.44913,
Link,DE0 1 rural gas boiler-2024,DE gas,rural gas boiler,1076.35931,1076.35931,
Link,DE0 1 rural gas boiler-2025,DE gas,rural gas boiler,0.00038,,
Link,DE0 1 rural ground heat pump-2010,DE0 1 low voltage,rural ground heat pump,29.16682,,
Link,DE0 1 rural ground heat pump-2015,DE0 1 low voltage,rural ground heat pump,29.16682,,
Link,DE0 1 rural ground heat pump-2020,DE0 1 low voltage,rural ground heat pump,29.16682,29.16682,
Link,DE0 1 rural ground heat pump-2024,DE0 1 low voltage,rural ground heat pump,23.33345,23.33345,
Link,DE0 1 rural ground heat pump-2025,DE0 1 low voltage,rural ground heat pump,0.00364,,
Link,DE0 1 rural oil boiler-2010,DE oil,rural oil boiler,767.55611,,
Link,DE0 1 rural oil boiler-2015,DE oil,rural oil boiler,767.55611,,
Link,DE0 1 rural oil boiler-2020,DE oil,rural oil boiler,767.55611,767.55611,
Link,DE0 1 rural oil boiler-2024,DE oil,rural oil boiler,614.04489,614.04489,
Link,DE0 1 rural resistive heater-2025,DE0 1 low voltage,rural resistive heater,6.2425,,
Link,DE0 1 rural water tanks charger-2025,DE0 1 rural heat,rural water tanks charger,0.7052,,
Link,DE0 1 rural water tanks discharger-2025,DE0 1 rural water tanks,rural water tanks discharger,0.7052,,
Link,DE0 1 shipping oil,DE oil,shipping oil,1117.70188,726.50622,223.54038
Link,DE0 1 solid biomass biomass to liquid CC-2025,DE0 1 solid biomass,biomass to liquid CC,0.00693,,
Link,DE0 1 solid biomass biomass to liquid-2025,DE0 1 solid biomass,biomass to liquid,0.0103,,
Link,DE0 1 solid biomass for industry,DE0 1 solid biomass,solid biomass for industry,434.92072,473.7032,0.00143
Link,DE0 1 solid biomass for industry CC-2025,DE0 1 solid biomass,solid biomass for industry CC,0.03261,,
Link,DE0 1 solid biomass-2005,DE0 1 solid biomass,solid biomass,241.27691,,
Link,DE0 1 unsustainable bioliquids,DE0 1 unsustainable bioliquids,unsustainable bioliquids,6204438.04564,2099682.66834,
Link,DE0 1 urban central DAC-2025,DE0 1,DAC,0.00094,,
Link,DE0 1 urban central air heat pump-2025,DE0 1 low voltage,urban central air heat pump,0.00582,,
Link,DE0 1 urban central gas CHP CC-2025,DE gas,urban central gas CHP CC,0.01644,,
Link,DE0 1 urban central gas CHP-1990,DE gas,urban central gas CHP,156.35259,,
Link,DE0 1 urban central gas CHP-1995,DE gas,urban central gas CHP,440.91523,,
Link,DE0 1 urban central gas CHP-2000,DE gas,urban central gas CHP,686.47924,686.47924,
Link,DE0 1 urban central gas CHP-2005,DE gas,urban central gas CHP,366.88381,366.88381,
Link,DE0 1 urban central gas CHP-2010,DE gas,urban central gas CHP,3014.21495,3014.21495,3014.21495
Link,DE0 1 urban central gas CHP-2015,DE gas,urban central gas CHP,2188.27094,2188.27094,2188.27094
Link,DE0 1 urban central gas CHP-2020,DE gas,urban central gas CHP,807.28456,807.28456,807.28456
Link,DE0 1 urban central gas CHP-2025,DE gas,urban central gas CHP,478.77574,478.77574,478.77574
Link,DE0 1 urban central gas boiler-2025,DE gas,urban central gas boiler,0.09764,,
Link,DE0 1 urban central lignite CHP-2010,EU lignite,urban central lignite CHP,27.86667,,
Link,DE0 1 urban central oil CHP-2005,DE oil,urban central oil CHP,37.24241,,
Link,DE0 1 urban central resistive heater-2025,DE0 1 low voltage,urban central resistive heater,0.09176,,
Link,DE0 1 urban central solid biomass CHP CC-2025,DE0 1 solid biomass,urban central solid biomass CHP CC,0.00871,,
Link,DE0 1 urban central solid biomass CHP-2005,DE0 1 solid biomass,urban central solid biomass CHP,1198.51535,,
Link,DE0 1 urban central solid biomass CHP-2010,DE0 1 solid biomass,urban central solid biomass CHP,894.97824,,
Link,DE0 1 urban central solid biomass CHP-2015,DE0 1 solid biomass,urban central solid biomass CHP,5170.63084,5170.63084,
Link,DE0 1 urban central solid biomass CHP-2020,DE0 1 solid biomass,urban central solid biomass CHP,307.59797,307.59797,
Link,DE0 1 urban central solid biomass CHP-2025,DE0 1 solid biomass,urban central solid biomass CHP,0.04568,,
Link,DE0 1 urban central water pits charger-2025,DE0 1 urban central heat,urban central water pits charger,0.40959,,
Link,DE0 1 urban central water pits discharger-2025,DE0 1 urban central water pits,urban central water pits discharger,0.40959,,
Link,DE0 1 urban central water tanks charger-2025,DE0 1 urban central heat,urban central water tanks charger,0.13511,,
Link,DE0 1 urban central water tanks discharger-2025,DE0 1 urban central water tanks,urban central water tanks discharger,0.13511,,
Link,DE0 1 urban decentral DAC-2025,DE0 1,DAC,0.0009,,
Link,DE0 1 urban decentral air heat pump-2010,DE0 1 low voltage,urban decentral air heat pump,32.0835,,
Link,DE0 1 urban decentral air heat pump-2015,DE0 1 low voltage,urban decentral air heat pump,32.0835,,
Link,DE0 1 urban decentral air heat pump-2020,DE0 1 low voltage,urban decentral air heat pump,32.0835,32.0835,
Link,DE0 1 urban decentral air heat pump-2024,DE0 1 low voltage,urban decentral air heat pump,25.6668,25.6668,
Link,DE0 1 urban decentral air heat pump-2025,DE0 1 low voltage,urban decentral air heat pump,0.00282,,
Link,DE0 1 urban decentral biomass boiler-2010,DE0 1 solid biomass,urban decentral biomass boiler,891.45434,,
Link,DE0 1 urban decentral biomass boiler-2015,DE0 1 solid biomass,urban decentral biomass boiler,891.45434,,
Link,DE0 1 urban decentral biomass boiler-2020,DE0 1 solid biomass,urban decentral biomass boiler,891.45434,891.45434,
Link,DE0 1 urban decentral biomass boiler-2024,DE0 1 solid biomass,urban decentral biomass boiler,713.16347,713.16347,
Link,DE0 1 urban decentral biomass boiler-2025,DE0 1 solid biomass,urban decentral biomass boiler,0.00041,,
Link,DE0 1 urban decentral gas boiler-2010,DE gas,urban decentral gas boiler,3137.91928,,
Link,DE0 1 urban decentral gas boiler-2015,DE gas,urban decentral gas boiler,3137.91928,,
Link,DE0 1 urban decentral gas boiler-2020,DE gas,urban decentral gas boiler,3137.91928,3137.91928,
Link,DE0 1 urban decentral gas boiler-2024,DE gas,urban decentral gas boiler,2510.33542,2510.33542,
Link,DE0 1 urban decentral gas boiler-2025,DE gas,urban decentral gas boiler,0.00032,,
Link,DE0 1 urban decentral oil boiler-2010,DE oil,urban decentral oil boiler,1790.1302,,
Link,DE0 1 urban decentral oil boiler-2015,DE oil,urban decentral oil boiler,1790.1302,,
Link,DE0 1 urban decentral oil boiler-2020,DE oil,urban decentral oil boiler,1790.1302,1790.1302,
Link,DE0 1 urban decentral oil boiler-2024,DE oil,urban decentral oil boiler,1432.10416,1432.10416,
Link,DE0 1 urban decentral resistive heater-2025,DE0 1 low voltage,urban decentral resistive heater,31.51574,31.51574,
Link,DE0 1 urban decentral water tanks charger-2025,DE0 1 urban decentral heat,urban decentral water tanks charger,0.71511,,
Link,DE0 1 urban decentral water tanks discharger-2025,DE0 1 urban decentral water tanks,urban decentral water tanks discharger,0.71511,,
Link,DE0 1 waste CHP CC-2025,DE0 1 non-sequestered HVC,waste CHP CC,0.09612,,
Link,DE0 1 waste CHP-2025,DE0 1 non-sequestered HVC,waste CHP,754.59103,754.59103,754.59103
Link,DE0 2 BEV charger-2025,DE0 2 low voltage,BEV charger,5124.221,,
Link,DE0 2 CCGT-1980,DE gas,CCGT,563.15789,563.15789,563.15789
Link,DE0 2 CCGT-2000,DE gas,CCGT,139.47368,139.47368,
Link,DE0 2 CCGT-2020,DE gas,CCGT,17.89474,17.89474,17.89474
Link,DE0 2 CCGT-2025,DE gas,CCGT,0.02236,,
Link,DE0 2 Fischer-Tropsch-2025,DE0 2 H2,Fischer-Tropsch,0.01621,,
Link,DE0 2 H2 Electrolysis-2025,DE0 2,H2 Electrolysis,0.0058,,
Link,DE0 2 H2 Fuel Cell-2025,DE0 2 H2,H2 Fuel Cell,0.00941,,
Link,DE0 2 H2 turbine-2025,DE0 2 H2,H2 turbine,0.0398,,
Link,DE0 2 OCGT-2025,DE gas,OCGT,0.04267,,
Link,DE0 2 SMR CC-2025,DE gas,SMR CC,0.42261,,
Link,DE0 2 SMR-2025,DE gas,SMR,0.22484,,
Link,DE0 2 Sabatier-2025,DE0 2 H2,Sabatier,0.01045,,
Link,DE0 2 agriculture machinery oil,DE oil,agriculture machinery oil,80.69284,80.69284,80.69284
Link,DE0 2 battery charger-2025,DE0 2,battery charger,0.06338,,
Link,DE0 2 battery discharger-2025,DE0 2 battery,battery discharger,0.06486,,
Link,DE0 2 biogas to gas CC-2025,DE0 2 biogas,biogas to gas CC,0.35074,,
Link,DE0 2 biogas to gas-2025,DE0 2 biogas,biogas to gas,1489.00553,1489.00553,
Link,DE0 2 coal for industry,EU coal,coal for industry,1779.94749,762.05023,92.00228
Link,DE0 2 coal-2015,EU coal,coal,4390.28056,4390.28056,
Link,DE0 2 electricity distribution grid-2025,DE0 2,electricity distribution grid,6651.81336,6651.81336,6651.81336
Link,DE0 2 electricity distribution grid-reversed-2025,DE0 2 low voltage,electricity distribution grid,6651.81336,6651.81336,6651.81336
Link,DE0 2 gas for industry,DE gas,gas for industry,3611.86219,2324.19451,0.00435
Link,DE0 2 gas for industry CC-2025,DE gas,gas for industry CC,0.03304,,
Link,DE0 2 home battery charger-2025,DE0 2 low voltage,home battery charger,0.04781,,
Link,DE0 2 home battery discharger-2025,DE0 2 home battery,home battery discharger,0.04892,,
Link,DE0 2 kerosene for aviation,DE oil,kerosene for aviation,1665.68793,1831.04089,1701.099
Link,DE0 2 land transport oil,DE oil,land transport oil,6323.01103,2096.68108,159.86734
Link,DE0 2 lignite-1990,EU lignite,lignite,106.1858,,
Link,DE0 2 methanolisation-2025,DE0 2 H2,methanolisation,2.75422,,
Link,DE0 2 naphtha for industry,DE oil,naphtha for industry,1780.82192,1356.16438,898.40183
Link,DE0 2 process emissions,DE0 2 process emissions,process emissions,805.26198,0.0031,0.00038
Link,DE0 2 process emissions CC-2025,DE0 2 process emissions,process emissions CC,0.52753,,
Link,DE0 2 rural air heat pump-2025,DE0 2 low voltage,rural air heat pump,0.00442,,
Link,DE0 2 rural biomass boiler-2010,DE0 2 solid biomass,rural biomass boiler,330.56068,,
Link,DE0 2 rural biomass boiler-2015,DE0 2 solid biomass,rural biomass boiler,330.56068,,
Link,DE0 2 rural biomass boiler-2020,DE0 2 solid biomass,rural biomass boiler,330.56068,330.56068,
Link,DE0 2 rural biomass boiler-2024,DE0 2 solid biomass,rural biomass boiler,264.44854,264.44854,
Link,DE0 2 rural biomass boiler-2025,DE0 2 solid biomass,rural biomass boiler,0.00058,,
Link,DE0 2 rural gas boiler-2010,DE gas,rural gas boiler,1163.57359,,
Link,DE0 2 rural gas boiler-2015,DE gas,rural gas boiler,1163.57359,,
Link,DE0 2 rural gas boiler-2020,DE gas,rural gas boiler,1163.57359,1163.57359,
Link,DE0 2 rural gas boiler-2024,DE gas,rural gas boiler,930.85887,930.85887,
Link,DE0 2 rural gas boiler-2025,DE gas,rural gas boiler,0.00038,,
Link,DE0 2 rural ground heat pump-2010,DE0 2 low voltage,rural ground heat pump,28.09368,,
Link,DE0 2 rural ground heat pump-2015,DE0 2 low voltage,rural ground heat pump,28.09368,,
Link,DE0 2 rural ground heat pump-2020,DE0 2 low voltage,rural ground heat pump,28.09368,28.09368,
Link,DE0 2 rural ground heat pump-2024,DE0 2 low voltage,rural ground heat pump,22.47495,22.47495,
Link,DE0 2 rural ground heat pump-2025,DE0 2 low voltage,rural ground heat pump,0.00367,,
Link,DE0 2 rural oil boiler-2010,DE oil,rural oil boiler,663.79917,,
Link,DE0 2 rural oil boiler-2015,DE oil,rural oil boiler,663.79917,,
Link,DE0 2 rural oil boiler-2020,DE oil,rural oil boiler,663.79917,663.79917,
Link,DE0 2 rural oil boiler-2024,DE oil,rural oil boiler,531.03934,531.03934,
Link,DE0 2 rural resistive heater-2025,DE0 2 low voltage,rural resistive heater,4.70137,,
Link,DE0 2 rural water tanks charger-2025,DE0 2 rural heat,rural water tanks charger,0.70538,,
Link,DE0 2 rural water tanks discharger-2025,DE0 2 rural water tanks,rural water tanks discharger,0.70538,,
Link,DE0 2 shipping oil,DE oil,shipping oil,777.72136,505.51889,155.54427
Link,DE0 2 solid biomass biomass to liquid CC-2025,DE0 2 solid biomass,biomass to liquid CC,0.00718,,
Link,DE0 2 solid biomass biomass to liquid-2025,DE0 2 solid biomass,biomass to liquid,0.01035,,
Link,DE0 2 solid biomass for industry,DE0 2 solid biomass,solid biomass for industry,752.27132,899.5224,0.00161
Link,DE0 2 solid biomass for industry CC-2025,DE0 2 solid biomass,solid biomass for industry CC,0.03552,,
Link,DE0 2 solid biomass-2005,DE0 2 solid biomass,solid biomass,163.32591,,
Link,DE0 2 unsustainable bioliquids,DE0 2 unsustainable bioliquids,unsustainable bioliquids,6149662.69221,2054617.56263,
Link,DE0 2 urban central DAC-2025,DE0 2,DAC,0.001,,
Link,DE0 2 urban central air heat pump-2025,DE0 2 low voltage,urban central air heat pump,0.00457,,
Link,DE0 2 urban central gas CHP CC-2025,DE gas,urban central gas CHP CC,0.0139,,
Link,DE0 2 urban central gas CHP-1990,DE gas,urban central gas CHP,275.78012,,
Link,DE0 2 urban central gas CHP-1995,DE gas,urban central gas CHP,156.49725,,
Link,DE0 2 urban central gas CHP-2000,DE gas,urban central gas CHP,889.52313,889.52313,
Link,DE0 2 urban central gas CHP-2005,DE gas,urban central gas CHP,297.39625,297.39625,
Link,DE0 2 urban central gas CHP-2010,DE gas,urban central gas CHP,397.10745,397.10745,397.10745
Link,DE0 2 urban central gas CHP-2015,DE gas,urban central gas CHP,1949.6414,1949.6414,1949.6414
Link,DE0 2 urban central gas CHP-2020,DE gas,urban central gas CHP,349.78071,349.78071,349.78071
Link,DE0 2 urban central gas CHP-2025,DE gas,urban central gas CHP,546.5686,546.5686,546.5686
Link,DE0 2 urban central gas boiler-2025,DE gas,urban central gas boiler,0.09588,,
Link,DE0 2 urban central lignite CHP-2010,EU lignite,urban central lignite CHP,17.93939,,
Link,DE0 2 urban central lignite CHP-2020,EU lignite,urban central lignite CHP,20.60606,20.60606,
Link,DE0 2 urban central oil CHP-2010,DE oil,urban central oil CHP,10.57425,,
Link,DE0 2 urban central resistive heater-2025,DE0 2 low voltage,urban central resistive heater,0.09153,,
Link,DE0 2 urban central solid biomass CHP CC-2025,DE0 2 solid biomass,urban central solid biomass CHP CC,0.00631,,
Link,DE0 2 urban central solid biomass CHP-2005,DE0 2 solid biomass,urban central solid biomass CHP,331.35448,,
Link,DE0 2 urban central solid biomass CHP-2010,DE0 2 solid biomass,urban central solid biomass CHP,9339.91957,,
Link,DE0 2 urban central solid biomass CHP-2015,DE0 2 solid biomass,urban central solid biomass CHP,1317.59236,1317.59236,
Link,DE0 2 urban central solid biomass CHP-2020,DE0 2 solid biomass,urban central solid biomass CHP,532.05407,532.05407,
Link,DE0 2 urban central solid biomass CHP-2025,DE0 2 solid biomass,urban central solid biomass CHP,33.62228,33.62228,33.62228
Link,DE0 2 urban central water pits charger-2025,DE0 2 urban central heat,urban central water pits charger,0.48137,,
Link,DE0 2 urban central water pits discharger-2025,DE0 2 urban central water pits,urban central water pits discharger,0.48137,,
Link,DE0 2 urban central water tanks charger-2025,DE0 2 urban central heat,urban central water tanks charger,0.13921,,
Link,DE0 2 urban central water tanks discharger-2025,DE0 2 urban central water tanks,urban central water tanks discharger,0.13921,,
Link,DE0 2 urban decentral DAC-2025,DE0 2,DAC,0.0009,,
Link,DE0 2 urban decentral air heat pump-2010,DE0 2 low voltage,urban decentral air heat pump,30.90305,,
Link,DE0 2 urban decentral air heat pump-2015,DE0 2 low voltage,urban decentral air heat pump,30.90305,,
Link,DE0 2 urban decentral air heat pump-2020,DE0 2 low voltage,urban decentral air heat pump,30.90305,30.90305,
Link,DE0 2 urban decentral air heat pump-2024,DE0 2 low voltage,urban decentral air heat pump,24.72244,24.72244,
Link,DE0 2 urban decentral air heat pump-2025,DE0 2 low voltage,urban decentral air heat pump,0.0027,,
Link,DE0 2 urban decentral biomass boiler-2010,DE0 2 solid biomass,urban decentral biomass boiler,896.26084,,
Link,DE0 2 urban decentral biomass boiler-2015,DE0 2 solid biomass,urban decentral biomass boiler,896.26084,,
Link,DE0 2 urban decentral biomass boiler-2020,DE0 2 solid biomass,urban decentral biomass boiler,896.26084,896.26084,
Link,DE0 2 urban decentral biomass boiler-2024,DE0 2 solid biomass,urban decentral biomass boiler,717.00867,717.00867,
Link,DE0 2 urban decentral biomass boiler-2025,DE0 2 solid biomass,urban decentral biomass boiler,0.00024,,
Link,DE0 2 urban decentral gas boiler-2010,DE gas,urban decentral gas boiler,3154.83815,,
Link,DE0 2 urban decentral gas boiler-2015,DE gas,urban decentral gas boiler,3154.83815,,
Link,DE0 2 urban decentral gas boiler-2020,DE gas,urban decentral gas boiler,3154.83815,3154.83815,
Link,DE0 2 urban decentral gas boiler-2024,DE gas,urban decentral gas boiler,2523.87052,2523.87052,
Link,DE0 2 urban decentral gas boiler-2025,DE gas,urban decentral gas boiler,0.00029,,
Link,DE0 2 urban decentral oil boiler-2010,DE oil,urban decentral oil boiler,1799.78213,,
Link,DE0 2 urban decentral oil boiler-2015,DE oil,urban decentral oil boiler,1799.78213,,
Link,DE0 2 urban decentral oil boiler-2020,DE oil,urban decentral oil boiler,1799.78213,1799.78213,
Link,DE0 2 urban decentral oil boiler-2024,DE oil,urban decentral oil boiler,1439.8257,1439.8257,
Link,DE0 2 urban decentral resistive heater-2025,DE0 2 low voltage,urban decentral resistive heater,36.5594,36.5594,
Link,DE0 2 urban decentral water tanks charger-2025,DE0 2 urban decentral heat,urban decentral water tanks charger,0.71548,,
Link,DE0 2 urban decentral water tanks discharger-2025,DE0 2 urban decentral water tanks,urban decentral water tanks discharger,0.71548,,
Link,DE0 2 waste CHP CC-2025,DE0 2 non-sequestered HVC,waste CHP CC,0.12572,,
Link,DE0 2 waste CHP-2025,DE0 2 non-sequestered HVC,waste CHP,726.79356,726.79356,726.79356
Link,DE0 3 BEV charger-2025,DE0 3 low voltage,BEV charger,6306.16178,,
Link,DE0 3 CCGT-1990,DE gas,CCGT,263.15789,,
Link,DE0 3 CCGT-1995,DE gas,CCGT,411.94737,,
Link,DE0 3 CCGT-2000,DE gas,CCGT,250.91228,250.91228,
Link,DE0 3 CCGT-2025,DE gas,CCGT,0.02136,,
Link,DE0 3 Fischer-Tropsch-2025,DE0 3 H2,Fischer-Tropsch,0.01557,,
Link,DE0 3 H2 Electrolysis-2025,DE0 3,H2 Electrolysis,0.00583,,
Link,DE0 3 H2 Fuel Cell-2025,DE0 3 H2,H2 Fuel Cell,0.00971,,
Link,DE0 3 H2 turbine-2025,DE0 3 H2,H2 turbine,0.03757,,
Link,DE0 3 OCGT-2025,DE gas,OCGT,0.04263,,
Link,DE0 3 SMR CC-2025,DE gas,SMR CC,1.40245,,
Link,DE0 3 SMR-2025,DE gas,SMR,830.77174,830.77174,830.77174
Link,DE0 3 Sabatier-2025,DE0 3 H2,Sabatier,0.00969,,
Link,DE0 3 agriculture machinery oil,DE oil,agriculture machinery oil,99.30526,99.30526,99.30526
Link,DE0 3 battery charger-2025,DE0 3,battery charger,0.06356,,
Link,DE0 3 battery discharger-2025,DE0 3 battery,battery discharger,0.06504,,
Link,DE0 3 biogas to gas CC-2025,DE0 3 biogas,biogas to gas CC,0.23951,,
Link,DE0 3 biogas to gas-2025,DE0 3 biogas,biogas to gas,1500.42811,1500.42811,
Link,DE0 3 coal for industry,EU coal,coal for industry,1302.61872,579.52283,82.64612
Link,DE0 3 coal-1975,EU coal,coal,258.97106,,
Link,DE0 3 electricity distribution grid-2025,DE0 3,electricity distribution grid,7600.92052,7600.92052,7600.92052
Link,DE0 3 electricity distribution grid-reversed-2025,DE0 3 low voltage,electricity distribution grid,7600.92052,7600.92052,7600.92052
Link,DE0 3 gas for industry,DE gas,gas for industry,4651.81726,2942.91703,0.00525
Link,DE0 3 gas for industry CC-2025,DE gas,gas for industry CC,0.03168,,
Link,DE0 3 home battery charger-2025,DE0 3 low voltage,home battery charger,0.04781,,
Link,DE0 3 home battery discharger-2025,DE0 3 home battery,home battery discharger,0.04893,,
Link,DE0 3 kerosene for aviation,DE oil,kerosene for aviation,2049.8916,2253.38448,2093.4705
Link,DE0 3 land transport oil,DE oil,land transport oil,7798.65606,2585.99812,197.17669
Link,DE0 3 lignite-1980,EU lignite,lignite,7215.04594,7215.04594,
Link,DE0 3 lignite-1985,EU lignite,lignite,8969.90607,,
Link,DE0 3 lignite-2000,EU lignite,lignite,4470.98122,4470.98122,
Link,DE0 3 methanolisation-2025,DE0 3 H2,methanolisation,1.39798,,
Link,DE0 3 naphtha for industry,DE oil,naphtha for industry,3997.71689,3125.57078,2189.49772
Link,DE0 3 oil-1975,DE oil,oil,1025.71429,1025.71429,1025.71429
Link,DE0 3 oil-1995,DE oil,oil,48.57143,48.57143,
Link,DE0 3 process emissions,DE0 3 process emissions,process emissions,468.19472,0.00397,0.00037
Link,DE0 3 process emissions CC-2025,DE0 3 process emissions,process emissions CC,0.07643,,
Link,DE0 3 rural air heat pump-2025,DE0 3 low voltage,rural air heat pump,0.00325,,
Link,DE0 3 rural biomass boiler-2010,DE0 3 solid biomass,rural biomass boiler,504.26113,,
Link,DE0 3 rural biomass boiler-2015,DE0 3 solid biomass,rural biomass boiler,504.26113,,
Link,DE0 3 rural biomass boiler-2020,DE0 3 solid biomass,rural biomass boiler,504.26113,504.26113,
Link,DE0 3 rural biomass boiler-2024,DE0 3 solid biomass,rural biomass boiler,403.4089,403.4089,
Link,DE0 3 rural biomass boiler-2025,DE0 3 solid biomass,rural biomass boiler,0.00055,,
Link,DE0 3 rural gas boiler-2010,DE gas,rural gas boiler,1774.99916,,
Link,DE0 3 rural gas boiler-2015,DE gas,rural gas boiler,1774.99916,,
Link,DE0 3 rural gas boiler-2020,DE gas,rural gas boiler,1774.99916,1774.99916,
Link,DE0 3 rural gas boiler-2024,DE gas,rural gas boiler,1419.99933,1419.99933,
Link,DE0 3 rural gas boiler-2025,DE gas,rural gas boiler,0.00036,,
Link,DE0 3 rural ground heat pump-2010,DE0 3 low voltage,rural ground heat pump,44.70569,,
Link,DE0 3 rural ground heat pump-2015,DE0 3 low voltage,rural ground heat pump,44.70569,,
Link,DE0 3 rural ground heat pump-2020,DE0 3 low voltage,rural ground heat pump,44.70569,44.70569,
Link,DE0 3 rural ground heat pump-2024,DE0 3 low voltage,rural ground heat pump,27.65896,27.65896,
Link,DE0 3 rural ground heat pump-2025,DE0 3 low voltage,rural ground heat pump,0.00271,,
Link,DE0 3 rural oil boiler-2010,DE oil,rural oil boiler,1012.60718,,
Link,DE0 3 rural oil boiler-2015,DE oil,rural oil boiler,1012.60718,,
Link,DE0 3 rural oil boiler-2020,DE oil,rural oil boiler,1012.60718,1012.60718,
Link,DE0 3 rural oil boiler-2024,DE oil,rural oil boiler,810.08575,810.08575,
Link,DE0 3 rural resistive heater-2025,DE0 3 low voltage,rural resistive heater,17.46064,17.46064,
Link,DE0 3 rural water tanks charger-2025,DE0 3 rural heat,rural water tanks charger,0.70859,,
Link,DE0 3 rural water tanks discharger-2025,DE0 3 rural water tanks,rural water tanks discharger,0.70859,,
Link,DE0 3 shipping oil,DE oil,shipping oil,48.21967,31.34278,9.64393
Link,DE0 3 solid biomass biomass to liquid CC-2025,DE0 3 solid biomass,biomass to liquid CC,0.00685,,
Link,DE0 3 solid biomass biomass to liquid-2025,DE0 3 solid biomass,biomass to liquid,0.01022,,
Link,DE0 3 solid biomass for industry,DE0 3 solid biomass,solid biomass for industry,633.55116,715.74434,0.00174
Link,DE0 3 solid biomass for industry CC-2025,DE0 3 solid biomass,solid biomass for industry CC,0.0326,,
Link,DE0 3 solid biomass-2010,DE0 3 solid biomass,solid biomass,337.41648,,
Link,DE0 3 solid biomass-2015,DE0 3 solid biomass,solid biomass,118.78248,,
Link,DE0 3 unsustainable bioliquids,DE0 3 unsustainable bioliquids,unsustainable bioliquids,6196368.29653,2057384.50294,
Link,DE0 3 urban central DAC-2025,DE0 3,DAC,0.00096,,
Link,DE0 3 urban central air heat pump-2025,DE0 3 low voltage,urban central air heat pump,0.00559,,
Link,DE0 3 urban central gas CHP CC-2025,DE gas,urban central gas CHP CC,0.01576,,
Link,DE0 3 urban central gas CHP-1995,DE gas,urban central gas CHP,1121.26268,,
Link,DE0 3 urban central gas CHP-2000,DE gas,urban central gas CHP,2129.25682,2129.25682,
Link,DE0 3 urban central gas CHP-2005,DE gas,urban central gas CHP,329.65252,329.65252,
Link,DE0 3 urban central gas CHP-2010,DE gas,urban central gas CHP,99.51116,99.51116,99.51116
Link,DE0 3 urban central gas CHP-2015,DE gas,urban central gas CHP,945.6585,945.6585,945.6585
Link,DE0 3 urban central gas CHP-2020,DE gas,urban central gas CHP,1655.03454,1655.03454,1655.03454
Link,DE0 3 urban central gas CHP-2025,DE gas,urban central gas CHP,914.90935,914.90935,914.90935
Link,DE0 3 urban central gas boiler-2025,DE gas,urban central gas boiler,0.0979,,
Link,DE0 3 urban central lignite CHP-2010,EU lignite,urban central lignite CHP,38.31758,,
Link,DE0 3 urban central lignite CHP-2015,EU lignite,urban central lignite CHP,38.54545,38.54545,
Link,DE0 3 urban central resistive heater-2025,DE0 3 low voltage,urban central resistive heater,0.09169,,
Link,DE0 3 urban central solid biomass CHP CC-2025,DE0 3 solid biomass,urban central solid biomass CHP CC,0.00777,,
Link,DE0 3 urban central solid biomass CHP-2005,DE0 3 solid biomass,urban central solid biomass CHP,437.66747,,
Link,DE0 3 urban central solid biomass CHP-2010,DE0 3 solid biomass,urban central solid biomass CHP,2870.33518,,
Link,DE0 3 urban central solid biomass CHP-2015,DE0 3 solid biomass,urban central solid biomass CHP,1580.90552,1580.90552,
Link,DE0 3 urban central solid biomass CHP-2020,DE0 3 solid biomass,urban central solid biomass CHP,130.4657,130.4657,
Link,DE0 3 urban central solid biomass CHP-2025,DE0 3 solid biomass,urban central solid biomass CHP,5508.1756,5508.1756,5508.1756
Link,DE0 3 urban central water pits charger-2025,DE0 3 urban central heat,urban central water pits charger,0.58884,,
Link,DE0 3 urban central water pits discharger-2025,DE0 3 urban central water pits,urban central water pits discharger,0.58884,,
Link,DE0 3 urban central water tanks charger-2025,DE0 3 urban central heat,urban central water tanks charger,0.14686,,
Link,DE0 3 urban central water tanks discharger-2025,DE0 3 urban central water tanks,urban central water tanks discharger,0.14686,,
Link,DE0 3 urban decentral DAC-2025,DE0 3,DAC,0.0009,,
Link,DE0 3 urban decentral air heat pump-2010,DE0 3 low voltage,urban decentral air heat pump,49.17625,,
Link,DE0 3 urban decentral air heat pump-2015,DE0 3 low voltage,urban decentral air heat pump,49.17625,,
Link,DE0 3 urban decentral air heat pump-2020,DE0 3 low voltage,urban decentral air heat pump,49.17625,49.17625,
Link,DE0 3 urban decentral air heat pump-2024,DE0 3 low voltage,urban decentral air heat pump,30.42486,30.42486,
Link,DE0 3 urban decentral air heat pump-2025,DE0 3 low voltage,urban decentral air heat pump,0.0028,,
Link,DE0 3 urban decentral biomass boiler-2010,DE0 3 solid biomass,urban decentral biomass boiler,1005.53616,,
Link,DE0 3 urban decentral biomass boiler-2015,DE0 3 solid biomass,urban decentral biomass boiler,1005.53616,,
Link,DE0 3 urban decentral biomass boiler-2020,DE0 3 solid biomass,urban decentral biomass boiler,1005.53616,1005.53616,
Link,DE0 3 urban decentral biomass boiler-2024,DE0 3 solid biomass,urban decentral biomass boiler,804.42893,804.42893,
Link,DE0 3 urban decentral biomass boiler-2025,DE0 3 solid biomass,urban decentral biomass boiler,0.0004,,
Link,DE0 3 urban decentral gas boiler-2010,DE gas,urban decentral gas boiler,3539.48729,,
Link,DE0 3 urban decentral gas boiler-2015,DE gas,urban decentral gas boiler,3539.48729,,
Link,DE0 3 urban decentral gas boiler-2020,DE gas,urban decentral gas boiler,3539.48729,3539.48729,
Link,DE0 3 urban decentral gas boiler-2024,DE gas,urban decentral gas boiler,2831.58983,2831.58983,
Link,DE0 3 urban decentral gas boiler-2025,DE gas,urban decentral gas boiler,0.00032,,
Link,DE0 3 urban decentral oil boiler-2010,DE oil,urban decentral oil boiler,2019.218,,
Link,DE0 3 urban decentral oil boiler-2015,DE oil,urban decentral oil boiler,2019.218,,
Link,DE0 3 urban decentral oil boiler-2020,DE oil,urban decentral oil boiler,2019.218,2019.218,
Link,DE0 3 urban decentral oil boiler-2024,DE oil,urban decentral oil boiler,1615.3744,1615.3744,
Link,DE0 3 urban decentral resistive heater-2025,DE0 3 low voltage,urban decentral resistive heater,0.0729,,
Link,DE0 3 urban decentral water tanks charger-2025,DE0 3 urban decentral heat,urban decentral water tanks charger,0.71453,,
Link,DE0 3 urban decentral water tanks discharger-2025,DE0 3 urban decentral water tanks,urban decentral water tanks discharger,0.71453,,
Link,DE0 3 waste CHP CC-2025,DE0 3 non-sequestered HVC,waste CHP CC,0.08937,,
Link,DE0 3 waste CHP-2025,DE0 3 non-sequestered HVC,waste CHP,894.50263,894.50263,894.50263
Link,DE0 4 BEV charger-2025,DE0 4 low voltage,BEV charger,9594.89552,,
Link,DE0 4 CCGT-1995,DE gas,CCGT,52.59474,52.59474,
Link,DE0 4 CCGT-2000,DE gas,CCGT,26.49123,26.49123,
Link,DE0 4 CCGT-2005,DE gas,CCGT,20.0,20.0,
Link,DE0 4 CCGT-2010,DE gas,CCGT,2824.5614,2824.5614,2824.5614
Link,DE0 4 CCGT-2025,DE gas,CCGT,0.0227,,
Link,DE0 4 Fischer-Tropsch-2025,DE0 4 H2,Fischer-Tropsch,0.01624,,
Link,DE0 4 H2 Electrolysis-2025,DE0 4,H2 Electrolysis,0.00583,,
Link,DE0 4 H2 Fuel Cell-2025,DE0 4 H2,H2 Fuel Cell,0.01,,
Link,DE0 4 H2 turbine-2025,DE0 4 H2,H2 turbine,0.03983,,
Link,DE0 4 OCGT-2025,DE gas,OCGT,0.04276,,
Link,DE0 4 SMR CC-2025,DE gas,SMR CC,4.22134,,
Link,DE0 4 SMR-2025,DE gas,SMR,0.35247,,
Link,DE0 4 Sabatier-2025,DE0 4 H2,Sabatier,0.00857,,
Link,DE0 4 agriculture machinery oil,DE oil,agriculture machinery oil,151.09407,151.09407,151.09407
Link,DE0 4 battery charger-2025,DE0 4,battery charger,0.06367,,
Link,DE0 4 battery discharger-2025,DE0 4 battery,battery discharger,0.06515,,
Link,DE0 4 biogas to gas CC-2025,DE0 4 biogas,biogas to gas CC,0.40365,,
Link,DE0 4 biogas to gas-2025,DE0 4 biogas,biogas to gas,951.42175,951.42175,
Link,DE0 4 coal for industry,EU coal,coal for industry,6724.37671,2558.00228,146.57991
Link,DE0 4 coal-1950,EU coal,coal,2113.20381,,
Link,DE0 4 coal-1985,EU coal,coal,213.48315,,
Link,DE0 4 coal-2015,EU coal,coal,2123.56265,2123.56265,
Link,DE0 4 electricity distribution grid-2025,DE0 4,electricity distribution grid,14261.12475,14261.12475,14261.12475
Link,DE0 4 electricity distribution grid-reversed-2025,DE0 4 low voltage,electricity distribution grid,14261.12475,14261.12475,14261.12475
Link,DE0 4 gas for industry,DE gas,gas for industry,11312.7774,6618.71552,0.00549
Link,DE0 4 gas for industry CC-2025,DE gas,gas for industry CC,0.02999,,
Link,DE0 4 home battery charger-2025,DE0 4 low voltage,home battery charger,0.04791,,
Link,DE0 4 home battery discharger-2025,DE0 4 home battery,home battery discharger,0.04902,,
Link,DE0 4 kerosene for aviation,DE oil,kerosene for aviation,3118.93294,3428.54964,3185.23872
Link,DE0 4 land transport oil,DE oil,land transport oil,11844.66969,3927.63744,299.47375
Link,DE0 4 lignite-1920,EU lignite,lignite,159.27871,,
Link,DE0 4 lignite-1955,EU lignite,lignite,5471.36327,,
Link,DE0 4 lignite-1965,EU lignite,lignite,9377.88311,9377.88311,
Link,DE0 4 lignite-1975,EU lignite,lignite,12362.26307,12362.26307,
Link,DE0 4 lignite-1995,EU lignite,lignite,212.37161,,
Link,DE0 4 lignite-2005,EU lignite,lignite,70.36364,70.36364,
Link,DE0 4 lignite-2010,EU lignite,lignite,59.09091,59.09091,
Link,DE0 4 lignite-2015,EU lignite,lignite,6424.24242,6424.24242,
Link,DE0 4 methanolisation-2025,DE0 4 H2,methanolisation,625.72007,625.72007,
Link,DE0 4 naphtha for industry,DE oil,naphtha for industry,6663.24201,5212.32877,3656.39269
Link,DE0 4 oil-2005,DE oil,oil,277.42857,277.42857,
Link,DE0 4 oil-2010,DE oil,oil,171.42857,171.42857,171.42857
Link,DE0 4 process emissions,DE0 4 process emissions,process emissions,1885.05579,0.00485,0.00038
Link,DE0 4 process emissions CC-2025,DE0 4 process emissions,process emissions CC,150.88315,150.88315,150.88315
Link,DE0 4 rural air heat pump-2025,DE0 4 low voltage,rural air heat pump,0.00328,,
Link,DE0 4 rural biomass boiler-2010,DE0 4 solid biomass,rural biomass boiler,118.98677,,
Link,DE0 4 rural biomass boiler-2015,DE0 4 solid biomass,rural biomass boiler,118.98677,,
Link,DE0 4 rural biomass boiler-2020,DE0 4 solid biomass,rural biomass boiler,118.98677,118.98677,
Link,DE0 4 rural biomass boiler-2024,DE0 4 solid biomass,rural biomass boiler,95.18942,95.18942,
Link,DE0 4 rural biomass boiler-2025,DE0 4 solid biomass,rural biomass boiler,0.00053,,
Link,DE0 4 rural gas boiler-2010,DE gas,rural gas boiler,418.83343,,
Link,DE0 4 rural gas boiler-2015,DE gas,rural gas boiler,418.83343,,
Link,DE0 4 rural gas boiler-2020,DE gas,rural gas boiler,418.83343,418.83343,
Link,DE0 4 rural gas boiler-2024,DE gas,rural gas boiler,335.06674,335.06674,
Link,DE0 4 rural gas boiler-2025,DE gas,rural gas boiler,0.00036,,
Link,DE0 4 rural ground heat pump-2010,DE0 4 low voltage,rural ground heat pump,68.0202,,
Link,DE0 4 rural ground heat pump-2015,DE0 4 low voltage,rural ground heat pump,68.0202,,
Link,DE0 4 rural ground heat pump-2020,DE0 4 low voltage,rural ground heat pump,68.0202,68.0202,
Link,DE0 4 rural ground heat pump-2024,DE0 4 low voltage,rural ground heat pump,54.41616,54.41616,
Link,DE0 4 rural ground heat pump-2025,DE0 4 low voltage,rural ground heat pump,0.00287,,
Link,DE0 4 rural oil boiler-2010,DE oil,rural oil boiler,238.93743,,
Link,DE0 4 rural oil boiler-2015,DE oil,rural oil boiler,238.93743,,
Link,DE0 4 rural oil boiler-2020,DE oil,rural oil boiler,238.93743,238.93743,
Link,DE0 4 rural oil boiler-2024,DE oil,rural oil boiler,191.14994,191.14994,
Link,DE0 4 rural resistive heater-2025,DE0 4 low voltage,rural resistive heater,30.36942,30.36942,
Link,DE0 4 rural water tanks charger-2025,DE0 4 rural heat,rural water tanks charger,0.7066,,
Link,DE0 4 rural water tanks discharger-2025,DE0 4 rural water tanks,rural water tanks discharger,0.7066,,
Link,DE0 4 shipping oil,DE oil,shipping oil,73.36676,47.68839,14.67335
Link,DE0 4 solid biomass biomass to liquid CC-2025,DE0 4 solid biomass,biomass to liquid CC,0.00688,,
Link,DE0 4 solid biomass biomass to liquid-2025,DE0 4 solid biomass,biomass to liquid,0.01022,,
Link,DE0 4 solid biomass for industry,DE0 4 solid biomass,solid biomass for industry,1214.60041,1515.97061,0.00196
Link,DE0 4 solid biomass for industry CC-2025,DE0 4 solid biomass,solid biomass for industry CC,0.03629,,
Link,DE0 4 solid biomass-2005,DE0 4 solid biomass,solid biomass,65.70156,,
Link,DE0 4 solid biomass-2010,DE0 4 solid biomass,solid biomass,460.28211,,
Link,DE0 4 solid biomass-2020,DE0 4 solid biomass,solid biomass,204.15739,204.15739,
Link,DE0 4 unsustainable bioliquids,DE0 4 unsustainable bioliquids,unsustainable bioliquids,3930146.94937,1331846.64388,
Link,DE0 4 urban central DAC-2025,DE0 4,DAC,0.00094,,
Link,DE0 4 urban central air heat pump-2025,DE0 4 low voltage,urban central air heat pump,0.00574,,
Link,DE0 4 urban central coal CHP-2015,EU coal,urban central coal CHP,1659.57908,1659.57908,
Link,DE0 4 urban central coal CHP-2020,EU coal,urban central coal CHP,639.58588,639.58588,
Link,DE0 4 urban central gas CHP CC-2025,DE gas,urban central gas CHP CC,0.0166,,
Link,DE0 4 urban central gas CHP-1990,DE gas,urban central gas CHP,185.16876,,
Link,DE0 4 urban central gas CHP-1995,DE gas,urban central gas CHP,204.91993,,
Link,DE0 4 urban central gas CHP-2000,DE gas,urban central gas CHP,1581.95679,1581.95679,
Link,DE0 4 urban central gas CHP-2005,DE gas,urban central gas CHP,2264.254,2264.254,
Link,DE0 4 urban central gas CHP-2010,DE gas,urban central gas CHP,964.54451,964.54451,964.54451
Link,DE0 4 urban central gas CHP-2015,DE gas,urban central gas CHP,826.69534,826.69534,826.69534
Link,DE0 4 urban central gas CHP-2020,DE gas,urban central gas CHP,2615.83527,2615.83527,2615.83527
Link,DE0 4 urban central gas CHP-2025,DE gas,urban central gas CHP,2276.84741,2276.84741,2276.84741
Link,DE0 4 urban central gas boiler-2025,DE gas,urban central gas boiler,0.09843,,
Link,DE0 4 urban central lignite CHP-2005,EU lignite,urban central lignite CHP,121.21212,,
Link,DE0 4 urban central lignite CHP-2010,EU lignite,urban central lignite CHP,252.84848,,
Link,DE0 4 urban central lignite CHP-2020,EU lignite,urban central lignite CHP,24.12121,24.12121,
Link,DE0 4 urban central oil CHP-2020,DE oil,urban central oil CHP,335.87879,335.87879,
Link,DE0 4 urban central resistive heater-2025,DE0 4 low voltage,urban central resistive heater,0.09168,,
Link,DE0 4 urban central solid biomass CHP CC-2025,DE0 4 solid biomass,urban central solid biomass CHP CC,0.00861,,
Link,DE0 4 urban central solid biomass CHP-2005,DE0 4 solid biomass,urban central solid biomass CHP,262.88848,,
Link,DE0 4 urban central solid biomass CHP-2010,DE0 4 solid biomass,urban central solid biomass CHP,1772.11767,,
Link,DE0 4 urban central solid biomass CHP-2015,DE0 4 solid biomass,urban central solid biomass CHP,374.40743,374.40743,
Link,DE0 4 urban central solid biomass CHP-2020,DE0 4 solid biomass,urban central solid biomass CHP,111.25691,111.25691,
Link,DE0 4 urban central solid biomass CHP-2025,DE0 4 solid biomass,urban central solid biomass CHP,0.04523,,
Link,DE0 4 urban central water pits charger-2025,DE0 4 urban central heat,urban central water pits charger,0.4726,,
Link,DE0 4 urban central water pits discharger-2025,DE0 4 urban central water pits,urban central water pits discharger,0.4726,,
Link,DE0 4 urban central water tanks charger-2025,DE0 4 urban central heat,urban central water tanks charger,0.13853,,
Link,DE0 4 urban central water tanks discharger-2025,DE0 4 urban central water tanks,urban central water tanks discharger,0.13853,,
Link,DE0 4 urban decentral DAC-2025,DE0 4,DAC,0.0009,,
Link,DE0 4 urban decentral air heat pump-2010,DE0 4 low voltage,urban decentral air heat pump,74.82222,,
Link,DE0 4 urban decentral air heat pump-2015,DE0 4 low voltage,urban decentral air heat pump,74.82222,,
Link,DE0 4 urban decentral air heat pump-2020,DE0 4 low voltage,urban decentral air heat pump,74.82222,74.82222,
Link,DE0 4 urban decentral air heat pump-2024,DE0 4 low voltage,urban decentral air heat pump,59.85778,59.85778,
Link,DE0 4 urban decentral air heat pump-2025,DE0 4 low voltage,urban decentral air heat pump,0.00243,,
Link,DE0 4 urban decentral biomass boiler-2010,DE0 4 solid biomass,urban decentral biomass boiler,2178.18665,,
Link,DE0 4 urban decentral biomass boiler-2015,DE0 4 solid biomass,urban decentral biomass boiler,2178.18665,,
Link,DE0 4 urban decentral biomass boiler-2020,DE0 4 solid biomass,urban decentral biomass boiler,2178.18665,2178.18665,
Link,DE0 4 urban decentral biomass boiler-2024,DE0 4 solid biomass,urban decentral biomass boiler,1742.54932,1742.54932,
Link,DE0 4 urban decentral biomass boiler-2025,DE0 4 solid biomass,urban decentral biomass boiler,0.00043,,
Link,DE0 4 urban decentral gas boiler-2010,DE gas,urban decentral gas boiler,7667.21701,,
Link,DE0 4 urban decentral gas boiler-2015,DE gas,urban decentral gas boiler,7667.21701,,
Link,DE0 4 urban decentral gas boiler-2020,DE gas,urban decentral gas boiler,7667.21701,7667.21701,
Link,DE0 4 urban decentral gas boiler-2024,DE gas,urban decentral gas boiler,6133.77361,6133.77361,
Link,DE0 4 urban decentral gas boiler-2025,DE gas,urban decentral gas boiler,0.00028,,
Link,DE0 4 urban decentral oil boiler-2010,DE oil,urban decentral oil boiler,4374.01842,,
Link,DE0 4 urban decentral oil boiler-2015,DE oil,urban decentral oil boiler,4374.01842,,
Link,DE0 4 urban decentral oil boiler-2020,DE oil,urban decentral oil boiler,4374.01842,4374.01842,
Link,DE0 4 urban decentral oil boiler-2024,DE oil,urban decentral oil boiler,3499.21473,3499.21473,
Link,DE0 4 urban decentral resistive heater-2025,DE0 4 low voltage,urban decentral resistive heater,0.0728,,
Link,DE0 4 urban decentral water tanks charger-2025,DE0 4 urban decentral heat,urban decentral water tanks charger,0.71733,,
Link,DE0 4 urban decentral water tanks discharger-2025,DE0 4 urban decentral water tanks,urban decentral water tanks discharger,0.71733,,
Link,DE0 4 waste CHP CC-2025,DE0 4 non-sequestered HVC,waste CHP CC,0.16099,,
Link,DE0 4 waste CHP-2025,DE0 4 non-sequestered HVC,waste CHP,1360.96254,1360.96254,1360.96254
Link,DE0 5 BEV charger-2025,DE0 5 low voltage,BEV charger,3835.25366,,
Link,DE0 5 CCGT-1990,DE gas,CCGT,23.15789,,
Link,DE0 5 CCGT-1995,DE gas,CCGT,159.47368,159.47368,
Link,DE0 5 CCGT-2025,DE gas,CCGT,0.02219,,
Link,DE0 5 Fischer-Tropsch-2025,DE0 5 H2,Fischer-Tropsch,0.01544,,
Link,DE0 5 H2 Electrolysis-2025,DE0 5,H2 Electrolysis,0.00569,,
Link,DE0 5 H2 Fuel Cell-2025,DE0 5 H2,H2 Fuel Cell,0.01,,
Link,DE0 5 H2 turbine-2025,DE0 5 H2,H2 turbine,0.03777,,
Link,DE0 5 OCGT-2025,DE gas,OCGT,0.0411,,
Link,DE0 5 SMR CC-2025,DE gas,SMR CC,7.86783,,
Link,DE0 5 SMR-2025,DE gas,SMR,0.3063,,
Link,DE0 5 Sabatier-2025,DE0 5 H2,Sabatier,0.01377,,
Link,DE0 5 agriculture machinery oil,DE oil,agriculture machinery oil,60.39504,60.39504,60.39504
Link,DE0 5 battery charger-2025,DE0 5,battery charger,0.05803,,
Link,DE0 5 battery discharger-2025,DE0 5 battery,battery discharger,0.05938,,
Link,DE0 5 biogas to gas CC-2025,DE0 5 biogas,biogas to gas CC,0.33728,,
Link,DE0 5 biogas to gas-2025,DE0 5 biogas,biogas to gas,1229.29601,1229.29601,
Link,DE0 5 coal for industry,EU coal,coal for industry,358.65297,222.98858,62.37443
Link,DE0 5 coal-1990,EU coal,coal,75.10161,75.10161,
Link,DE0 5 electricity distribution grid-2025,DE0 5,electricity distribution grid,5940.39545,5940.39545,5940.39545
Link,DE0 5 electricity distribution grid-reversed-2025,DE0 5 low voltage,electricity distribution grid,5940.39545,5940.39545,5940.39545
Link,DE0 5 gas for industry,DE gas,gas for industry,1925.78862,1359.58436,0.00557
Link,DE0 5 gas for industry CC-2025,DE gas,gas for industry CC,0.03411,,
Link,DE0 5 home battery charger-2025,DE0 5 low voltage,home battery charger,0.04789,,
Link,DE0 5 home battery discharger-2025,DE0 5 home battery,home battery discharger,0.049,,
Link,DE0 5 kerosene for aviation,DE oil,kerosene for aviation,1246.69403,1370.45344,1273.19765
Link,DE0 5 land transport oil,DE oil,land transport oil,4734.98372,1570.0986,119.71658
Link,DE0 5 lignite-1970,EU lignite,lignite,5219.87058,5219.87058,
Link,DE0 5 lignite-1995,EU lignite,lignite,173.9975,,
Link,DE0 5 lignite-2015,EU lignite,lignite,61.51515,61.51515,
Link,DE0 5 methanolisation-2025,DE0 5 H2,methanolisation,10.20436,10.20436,
Link,DE0 5 naphtha for industry,DE oil,naphtha for industry,1318.49315,1005.70776,668.94977
Link,DE0 5 oil-1995,DE oil,oil,342.85714,,
Link,DE0 5 oil-2000,DE oil,oil,264.28571,264.28571,
Link,DE0 5 process emissions,DE0 5 process emissions,process emissions,317.40232,0.00468,0.00055
Link,DE0 5 process emissions CC-2025,DE0 5 process emissions,process emissions CC,0.80162,,
Link,DE0 5 rural air heat pump-2025,DE0 5 low voltage,rural air heat pump,0.00407,,
Link,DE0 5 rural biomass boiler-2010,DE0 5 solid biomass,rural biomass boiler,476.34902,,
Link,DE0 5 rural biomass boiler-2015,DE0 5 solid biomass,rural biomass boiler,476.34902,,
Link,DE0 5 rural biomass boiler-2020,DE0 5 solid biomass,rural biomass boiler,476.34902,476.34902,
Link,DE0 5 rural biomass boiler-2024,DE0 5 solid biomass,rural biomass boiler,381.07922,381.07922,
Link,DE0 5 rural biomass boiler-2025,DE0 5 solid biomass,rural biomass boiler,0.00056,,
Link,DE0 5 rural gas boiler-2010,DE gas,rural gas boiler,1676.74857,,
Link,DE0 5 rural gas boiler-2015,DE gas,rural gas boiler,1676.74857,,
Link,DE0 5 rural gas boiler-2020,DE gas,rural gas boiler,1676.74857,1676.74857,
Link,DE0 5 rural gas boiler-2024,DE gas,rural gas boiler,1341.39885,1341.39885,
Link,DE0 5 rural gas boiler-2025,DE gas,rural gas boiler,0.00036,,
Link,DE0 5 rural ground heat pump-2010,DE0 5 low voltage,rural ground heat pump,21.02688,,
Link,DE0 5 rural ground heat pump-2015,DE0 5 low voltage,rural ground heat pump,21.02688,,
Link,DE0 5 rural ground heat pump-2020,DE0 5 low voltage,rural ground heat pump,21.02688,21.02688,
Link,DE0 5 rural ground heat pump-2024,DE0 5 low voltage,rural ground heat pump,16.82151,16.82151,
Link,DE0 5 rural ground heat pump-2025,DE0 5 low voltage,rural ground heat pump,0.00329,,
Link,DE0 5 rural oil boiler-2010,DE oil,rural oil boiler,956.55687,,
Link,DE0 5 rural oil boiler-2015,DE oil,rural oil boiler,956.55687,,
Link,DE0 5 rural oil boiler-2020,DE oil,rural oil boiler,956.55687,956.55687,
Link,DE0 5 rural oil boiler-2024,DE oil,rural oil boiler,765.2455,765.2455,
Link,DE0 5 rural resistive heater-2025,DE0 5 low voltage,rural resistive heater,7.33262,,
Link,DE0 5 rural water tanks charger-2025,DE0 5 rural heat,rural water tanks charger,0.70595,,
Link,DE0 5 rural water tanks discharger-2025,DE0 5 rural water tanks,rural water tanks discharger,0.70595,,
Link,DE0 5 shipping oil,DE oil,shipping oil,29.32602,19.06192,5.8652
Link,DE0 5 solid biomass biomass to liquid CC-2025,DE0 5 solid biomass,biomass to liquid CC,0.00726,,
Link,DE0 5 solid biomass biomass to liquid-2025,DE0 5 solid biomass,biomass to liquid,0.01034,,
Link,DE0 5 solid biomass for industry,DE0 5 solid biomass,solid biomass for industry,457.75136,520.53758,0.00171
Link,DE0 5 solid biomass for industry CC-2025,DE0 5 solid biomass,solid biomass for industry CC,0.03511,,
Link,DE0 5 solid biomass-2005,DE0 5 solid biomass,solid biomass,67.18634,,
Link,DE0 5 solid biomass-2010,DE0 5 solid biomass,solid biomass,497.40163,,
Link,DE0 5 unsustainable bioliquids,DE0 5 unsustainable bioliquids,unsustainable bioliquids,5077241.92356,1650232.5303,
Link,DE0 5 urban central DAC-2025,DE0 5,DAC,0.00092,,
Link,DE0 5 urban central air heat pump-2025,DE0 5 low voltage,urban central air heat pump,0.00548,,
Link,DE0 5 urban central gas CHP CC-2025,DE gas,urban central gas CHP CC,0.01688,,
Link,DE0 5 urban central gas CHP-1990,DE gas,urban central gas CHP,55.84008,,
Link,DE0 5 urban central gas CHP-1995,DE gas,urban central gas CHP,979.71887,,
Link,DE0 5 urban central gas CHP-2000,DE gas,urban central gas CHP,1135.37179,1135.37179,
Link,DE0 5 urban central gas CHP-2005,DE gas,urban central gas CHP,130.31988,130.31988,
Link,DE0 5 urban central gas CHP-2010,DE gas,urban central gas CHP,2077.41209,2077.41209,2077.41209
Link,DE0 5 urban central gas CHP-2015,DE gas,urban central gas CHP,1436.82686,1436.82686,1436.82686
Link,DE0 5 urban central gas CHP-2020,DE gas,urban central gas CHP,999.35281,999.35281,999.35281
Link,DE0 5 urban central gas CHP-2025,DE gas,urban central gas CHP,98.92432,98.92432,98.92432
Link,DE0 5 urban central gas boiler-2025,DE gas,urban central gas boiler,0.09822,,
Link,DE0 5 urban central lignite CHP-2015,EU lignite,urban central lignite CHP,17.50303,17.50303,
Link,DE0 5 urban central oil CHP-2015,DE oil,urban central oil CHP,12.12121,12.12121,
Link,DE0 5 urban central resistive heater-2025,DE0 5 low voltage,urban central resistive heater,0.09168,,
Link,DE0 5 urban central solid biomass CHP CC-2025,DE0 5 solid biomass,urban central solid biomass CHP CC,0.00843,,
Link,DE0 5 urban central solid biomass CHP-2005,DE0 5 solid biomass,urban central solid biomass CHP,4263.84802,,
Link,DE0 5 urban central solid biomass CHP-2010,DE0 5 solid biomass,urban central solid biomass CHP,487.54909,,
Link,DE0 5 urban central solid biomass CHP-2015,DE0 5 solid biomass,urban central solid biomass CHP,580.72196,580.72196,
Link,DE0 5 urban central solid biomass CHP-2020,DE0 5 solid biomass,urban central solid biomass CHP,431.45659,431.45659,
Link,DE0 5 urban central solid biomass CHP-2025,DE0 5 solid biomass,urban central solid biomass CHP,0.03961,,
Link,DE0 5 urban central water pits charger-2025,DE0 5 urban central heat,urban central water pits charger,0.50334,,
Link,DE0 5 urban central water pits discharger-2025,DE0 5 urban central water pits,urban central water pits discharger,0.50334,,
Link,DE0 5 urban central water tanks charger-2025,DE0 5 urban central heat,urban central water tanks charger,0.14035,,
Link,DE0 5 urban central water tanks discharger-2025,DE0 5 urban central water tanks,urban central water tanks discharger,0.14035,,
Link,DE0 5 urban decentral DAC-2025,DE0 5,DAC,0.00085,,
Link,DE0 5 urban decentral air heat pump-2010,DE0 5 low voltage,urban decentral air heat pump,23.12957,,
Link,DE0 5 urban decentral air heat pump-2015,DE0 5 low voltage,urban decentral air heat pump,23.12957,,
Link,DE0 5 urban decentral air heat pump-2020,DE0 5 low voltage,urban decentral air heat pump,23.12957,23.12957,
Link,DE0 5 urban decentral air heat pump-2024,DE0 5 low voltage,urban decentral air heat pump,18.50366,18.50366,
Link,DE0 5 urban decentral air heat pump-2025,DE0 5 low voltage,urban decentral air heat pump,0.0033,,
Link,DE0 5 urban decentral biomass boiler-2010,DE0 5 solid biomass,urban decentral biomass boiler,441.87283,,
Link,DE0 5 urban decentral biomass boiler-2015,DE0 5 solid biomass,urban decentral biomass boiler,441.87283,,
Link,DE0 5 urban decentral biomass boiler-2020,DE0 5 solid biomass,urban decentral biomass boiler,441.87283,441.87283,
Link,DE0 5 urban decentral biomass boiler-2024,DE0 5 solid biomass,urban decentral biomass boiler,353.49827,353.49827,
Link,DE0 5 urban decentral biomass boiler-2025,DE0 5 solid biomass,urban decentral biomass boiler,0.00027,,
Link,DE0 5 urban decentral gas boiler-2010,DE gas,urban decentral gas boiler,1555.39237,,
Link,DE0 5 urban decentral gas boiler-2015,DE gas,urban decentral gas boiler,1555.39237,,
Link,DE0 5 urban decentral gas boiler-2020,DE gas,urban decentral gas boiler,1555.39237,1555.39237,
Link,DE0 5 urban decentral gas boiler-2024,DE gas,urban decentral gas boiler,1244.3139,1244.3139,
Link,DE0 5 urban decentral gas boiler-2025,DE gas,urban decentral gas boiler,0.00034,,
Link,DE0 5 urban decentral oil boiler-2010,DE oil,urban decentral oil boiler,887.3252,,
Link,DE0 5 urban decentral oil boiler-2015,DE oil,urban decentral oil boiler,887.3252,,
Link,DE0 5 urban decentral oil boiler-2020,DE oil,urban decentral oil boiler,887.3252,887.3252,
Link,DE0 5 urban decentral oil boiler-2024,DE oil,urban decentral oil boiler,709.86016,709.86016,
Link,DE0 5 urban decentral resistive heater-2025,DE0 5 low voltage,urban decentral resistive heater,18.50729,18.50729,
Link,DE0 5 urban decentral water tanks charger-2025,DE0 5 urban decentral heat,urban decentral water tanks charger,0.71261,,
Link,DE0 5 urban decentral water tanks discharger-2025,DE0 5 urban decentral water tanks,urban decentral water tanks discharger,0.71261,,
Link,DE0 5 waste CHP CC-2025,DE0 5 non-sequestered HVC,waste CHP CC,0.12172,,
Link,DE0 5 waste CHP-2025,DE0 5 non-sequestered HVC,waste CHP,543.95005,543.95005,543.95005
Link,DE0 6 BEV charger-2025,DE0 6 low voltage,BEV charger,7029.00167,,
Link,DE0 6 CCGT-1965,DE gas,CCGT,636.84211,636.84211,
Link,DE0 6 CCGT-1995,DE gas,CCGT,20.17544,,
Link,DE0 6 CCGT-2000,DE gas,CCGT,20.0,20.0,
Link,DE0 6 CCGT-2005,DE gas,CCGT,44.66667,44.66667,
Link,DE0 6 CCGT-2015,DE gas,CCGT,335.96491,335.96491,335.96491
Link,DE0 6 CCGT-2020,DE gas,CCGT,67.89474,67.89474,67.89474
Link,DE0 6 CCGT-2025,DE gas,CCGT,374.00148,374.00148,374.00148
Link,DE0 6 Fischer-Tropsch-2025,DE0 6 H2,Fischer-Tropsch,0.01553,,
Link,DE0 6 H2 Electrolysis-2025,DE0 6,H2 Electrolysis,0.00546,,
Link,DE0 6 H2 Fuel Cell-2025,DE0 6 H2,H2 Fuel Cell,0.01014,,
Link,DE0 6 H2 turbine-2025,DE0 6 H2,H2 turbine,0.03782,,
Link,DE0 6 OCGT-2025,DE gas,OCGT,0.04104,,
Link,DE0 6 SMR CC-2025,DE gas,SMR CC,2.34455,,
Link,DE0 6 SMR-2025,DE gas,SMR,565.05314,565.05314,565.05314
Link,DE0 6 Sabatier-2025,DE0 6 H2,Sabatier,0.00951,,
Link,DE0 6 agriculture machinery oil,DE oil,agriculture machinery oil,110.68807,110.68807,110.68807
Link,DE0 6 battery charger-2025,DE0 6,battery charger,0.0573,,
Link,DE0 6 battery discharger-2025,DE0 6 battery,battery discharger,0.05863,,
Link,DE0 6 biogas to gas CC-2025,DE0 6 biogas,biogas to gas CC,0.23813,,
Link,DE0 6 biogas to gas-2025,DE0 6 biogas,biogas to gas,1066.74709,1066.74709,
Link,DE0 6 coal for industry,EU coal,coal for industry,2583.26484,1050.80822,99.79909
Link,DE0 6 coal-1990,EU coal,coal,1081.67174,,
Link,DE0 6 electricity distribution grid-2025,DE0 6,electricity distribution grid,10417.03736,10417.03736,10417.03736
Link,DE0 6 electricity distribution grid-reversed-2025,DE0 6 low voltage,electricity distribution grid,10417.03736,10417.03736,10417.03736
Link,DE0 6 gas for industry,DE gas,gas for industry,5835.60796,3561.63892,0.00635
Link,DE0 6 gas for industry CC-2025,DE gas,gas for industry CC,0.03075,,
Link,DE0 6 home battery charger-2025,DE0 6 low voltage,home battery charger,0.04787,,
Link,DE0 6 home battery discharger-2025,DE0 6 home battery,home battery discharger,0.04899,,
Link,DE0 6 kerosene for aviation,DE oil,kerosene for aviation,2284.85915,2511.67729,2333.43326
Link,DE0 6 land transport oil,DE oil,land transport oil,8745.79165,2900.06388,221.12352
Link,DE0 6 methanolisation-2025,DE0 6 H2,methanolisation,0.72858,,
Link,DE0 6 naphtha for industry,DE oil,naphtha for industry,3844.74886,2993.15068,2078.76712
Link,DE0 6 process emissions,DE0 6 process emissions,process emissions,873.81679,0.00593,0.00043
Link,DE0 6 process emissions CC-2025,DE0 6 process emissions,process emissions CC,0.09402,,
Link,DE0 6 rural air heat pump-2025,DE0 6 low voltage,rural air heat pump,0.00327,,
Link,DE0 6 rural biomass boiler-2010,DE0 6 solid biomass,rural biomass boiler,131.13306,,
Link,DE0 6 rural biomass boiler-2015,DE0 6 solid biomass,rural biomass boiler,131.13306,,
Link,DE0 6 rural biomass boiler-2020,DE0 6 solid biomass,rural biomass boiler,131.13306,131.13306,
Link,DE0 6 rural biomass boiler-2024,DE0 6 solid biomass,rural biomass boiler,104.90645,104.90645,
Link,DE0 6 rural biomass boiler-2025,DE0 6 solid biomass,rural biomass boiler,0.00054,,
Link,DE0 6 rural gas boiler-2010,DE gas,rural gas boiler,461.58836,,
Link,DE0 6 rural gas boiler-2015,DE gas,rural gas boiler,461.58836,,
Link,DE0 6 rural gas boiler-2020,DE gas,rural gas boiler,461.58836,461.58836,
Link,DE0 6 rural gas boiler-2024,DE gas,rural gas boiler,369.27069,369.27069,
Link,DE0 6 rural gas boiler-2025,DE gas,rural gas boiler,0.00036,,
Link,DE0 6 rural ground heat pump-2010,DE0 6 low voltage,rural ground heat pump,49.83005,,
Link,DE0 6 rural ground heat pump-2015,DE0 6 low voltage,rural ground heat pump,49.83005,,
Link,DE0 6 rural ground heat pump-2020,DE0 6 low voltage,rural ground heat pump,49.83005,49.83005,
Link,DE0 6 rural ground heat pump-2024,DE0 6 low voltage,rural ground heat pump,30.82936,30.82936,
Link,DE0 6 rural ground heat pump-2025,DE0 6 low voltage,rural ground heat pump,0.0029,,
Link,DE0 6 rural oil boiler-2010,DE oil,rural oil boiler,263.3284,,
Link,DE0 6 rural oil boiler-2015,DE oil,rural oil boiler,263.3284,,
Link,DE0 6 rural oil boiler-2020,DE oil,rural oil boiler,263.3284,263.3284,
Link,DE0 6 rural oil boiler-2024,DE oil,rural oil boiler,210.66272,210.66272,
Link,DE0 6 rural resistive heater-2025,DE0 6 low voltage,rural resistive heater,13.6773,13.6773,
Link,DE0 6 rural water tanks charger-2025,DE0 6 rural heat,rural water tanks charger,0.70668,,
Link,DE0 6 rural water tanks discharger-2025,DE0 6 rural water tanks,rural water tanks discharger,0.70668,,
Link,DE0 6 shipping oil,DE oil,shipping oil,53.74682,34.93543,10.74936
Link,DE0 6 solid biomass biomass to liquid CC-2025,DE0 6 solid biomass,biomass to liquid CC,0.00698,,
Link,DE0 6 solid biomass biomass to liquid-2025,DE0 6 solid biomass,biomass to liquid,0.01023,,
Link,DE0 6 solid biomass for industry,DE0 6 solid biomass,solid biomass for industry,915.51489,1178.07449,0.00219
Link,DE0 6 solid biomass for industry CC-2025,DE0 6 solid biomass,solid biomass for industry CC,0.03339,,
Link,DE0 6 solid biomass-2010,DE0 6 solid biomass,solid biomass,152.19005,,
Link,DE0 6 unsustainable bioliquids,DE0 6 unsustainable bioliquids,unsustainable bioliquids,4405652.67327,1433333.01308,
Link,DE0 6 urban central DAC-2025,DE0 6,DAC,0.00093,,
Link,DE0 6 urban central air heat pump-2025,DE0 6 low voltage,urban central air heat pump,0.0054,,
Link,DE0 6 urban central coal CHP-2015,EU coal,urban central coal CHP,1219.09025,1219.09025,
Link,DE0 6 urban central gas CHP CC-2025,DE gas,urban central gas CHP CC,0.01649,,
Link,DE0 6 urban central gas CHP-1990,DE gas,urban central gas CHP,327.17576,,
Link,DE0 6 urban central gas CHP-1995,DE gas,urban central gas CHP,81.8249,,
Link,DE0 6 urban central gas CHP-2000,DE gas,urban central gas CHP,1831.20627,1831.20627,
Link,DE0 6 urban central gas CHP-2005,DE gas,urban central gas CHP,1925.15339,1925.15339,
Link,DE0 6 urban central gas CHP-2010,DE gas,urban central gas CHP,1132.53046,1132.53046,1132.53046
Link,DE0 6 urban central gas CHP-2015,DE gas,urban central gas CHP,1261.62284,1261.62284,1261.62284
Link,DE0 6 urban central gas CHP-2020,DE gas,urban central gas CHP,604.35482,604.35482,604.35482
Link,DE0 6 urban central gas CHP-2025,DE gas,urban central gas CHP,385.29766,385.29766,385.29766
Link,DE0 6 urban central gas boiler-2025,DE gas,urban central gas boiler,0.09885,,
Link,DE0 6 urban central lignite CHP-2005,EU lignite,urban central lignite CHP,79.75758,,
Link,DE0 6 urban central lignite CHP-2015,EU lignite,urban central lignite CHP,24.0,24.0,
Link,DE0 6 urban central oil CHP-2010,DE oil,urban central oil CHP,12.72727,,
Link,DE0 6 urban central oil CHP-2020,DE oil,urban central oil CHP,446.67892,446.67892,
Link,DE0 6 urban central resistive heater-2025,DE0 6 low voltage,urban central resistive heater,0.09158,,
Link,DE0 6 urban central solid biomass CHP CC-2025,DE0 6 solid biomass,urban central solid biomass CHP CC,0.00777,,
Link,DE0 6 urban central solid biomass CHP-2005,DE0 6 solid biomass,urban central solid biomass CHP,165.84929,,
Link,DE0 6 urban central solid biomass CHP-2010,DE0 6 solid biomass,urban central solid biomass CHP,167.18567,,
Link,DE0 6 urban central solid biomass CHP-2015,DE0 6 solid biomass,urban central solid biomass CHP,253.73956,253.73956,
Link,DE0 6 urban central solid biomass CHP-2020,DE0 6 solid biomass,urban central solid biomass CHP,151.56661,151.56661,
Link,DE0 6 urban central solid biomass CHP-2025,DE0 6 solid biomass,urban central solid biomass CHP,0.03386,,
Link,DE0 6 urban central water pits charger-2025,DE0 6 urban central heat,urban central water pits charger,0.54806,,
Link,DE0 6 urban central water pits discharger-2025,DE0 6 urban central water pits,urban central water pits discharger,0.54806,,
Link,DE0 6 urban central water tanks charger-2025,DE0 6 urban central heat,urban central water tanks charger,0.14355,,
Link,DE0 6 urban central water tanks discharger-2025,DE0 6 urban central water tanks,urban central water tanks discharger,0.14355,,
Link,DE0 6 urban decentral DAC-2025,DE0 6,DAC,0.00085,,
Link,DE0 6 urban decentral air heat pump-2010,DE0 6 low voltage,urban decentral air heat pump,54.81305,,
Link,DE0 6 urban decentral air heat pump-2015,DE0 6 low voltage,urban decentral air heat pump,54.81305,,
Link,DE0 6 urban decentral air heat pump-2020,DE0 6 low voltage,urban decentral air heat pump,54.81305,54.81305,
Link,DE0 6 urban decentral air heat pump-2024,DE0 6 low voltage,urban decentral air heat pump,33.91229,33.91229,
Link,DE0 6 urban decentral air heat pump-2025,DE0 6 low voltage,urban decentral air heat pump,0.00257,,
Link,DE0 6 urban decentral biomass boiler-2010,DE0 6 solid biomass,urban decentral biomass boiler,1551.72381,,
Link,DE0 6 urban decentral biomass boiler-2015,DE0 6 solid biomass,urban decentral biomass boiler,1551.72381,,
Link,DE0 6 urban decentral biomass boiler-2020,DE0 6 solid biomass,urban decentral biomass boiler,1551.72381,1551.72381,
Link,DE0 6 urban decentral biomass boiler-2024,DE0 6 solid biomass,urban decentral biomass boiler,1241.37905,1241.37905,
Link,DE0 6 urban decentral biomass boiler-2025,DE0 6 solid biomass,urban decentral biomass boiler,0.00031,,
Link,DE0 6 urban decentral gas boiler-2010,DE gas,urban decentral gas boiler,5462.06781,,
Link,DE0 6 urban decentral gas boiler-2015,DE gas,urban decentral gas boiler,5462.06781,,
Link,DE0 6 urban decentral gas boiler-2020,DE gas,urban decentral gas boiler,5462.06781,5462.06781,
Link,DE0 6 urban decentral gas boiler-2024,DE gas,urban decentral gas boiler,4369.65425,4369.65425,
Link,DE0 6 urban decentral gas boiler-2025,DE gas,urban decentral gas boiler,0.00028,,
Link,DE0 6 urban decentral oil boiler-2010,DE oil,urban decentral oil boiler,3116.01787,,
Link,DE0 6 urban decentral oil boiler-2015,DE oil,urban decentral oil boiler,3116.01787,,
Link,DE0 6 urban decentral oil boiler-2020,DE oil,urban decentral oil boiler,3116.01787,3116.01787,
Link,DE0 6 urban decentral oil boiler-2024,DE oil,urban decentral oil boiler,2492.81429,2492.81429,
Link,DE0 6 urban decentral resistive heater-2025,DE0 6 low voltage,urban decentral resistive heater,0.07282,,
Link,DE0 6 urban decentral water tanks charger-2025,DE0 6 urban decentral heat,urban decentral water tanks charger,0.71622,,
Link,DE0 6 urban decentral water tanks discharger-2025,DE0 6 urban decentral water tanks,urban decentral water tanks discharger,0.71622,,
Link,DE0 6 waste CHP CC-2025,DE0 6 non-sequestered HVC,waste CHP CC,0.08837,,
Link,DE0 6 waste CHP-2025,DE0 6 non-sequestered HVC,waste CHP,997.04324,997.04324,997.04324
Link,DE0 7 BEV charger-2025,DE0 7 low voltage,BEV charger,4690.98389,,
Link,DE0 7 CCGT-1980,DE gas,CCGT,1143.68421,1143.68421,
Link,DE0 7 CCGT-1995,DE gas,CCGT,59.19298,59.19298,59.19298
Link,DE0 7 CCGT-2000,DE gas,CCGT,26.49123,26.49123,
Link,DE0 7 CCGT-2005,DE gas,CCGT,42.10526,42.10526,
Link,DE0 7 CCGT-2010,DE gas,CCGT,3196.49123,3196.49123,3196.49123
Link,DE0 7 CCGT-2015,DE gas,CCGT,23.24561,23.24561,23.24561
Link,DE0 7 CCGT-2025,DE gas,CCGT,0.02268,,
Link,DE0 7 Fischer-Tropsch-2025,DE0 7 H2,Fischer-Tropsch,0.01623,,
Link,DE0 7 H2 Electrolysis-2025,DE0 7,H2 Electrolysis,0.00584,,
Link,DE0 7 H2 Fuel Cell-2025,DE0 7 H2,H2 Fuel Cell,0.01005,,
Link,DE0 7 H2 turbine-2025,DE0 7 H2,H2 turbine,0.03769,,
Link,DE0 7 OCGT-2015,DE gas,OCGT,57.55556,57.55556,57.55556
Link,DE0 7 OCGT-2025,DE gas,OCGT,0.04278,,
Link,DE0 7 SMR CC-2025,DE gas,SMR CC,2.948,,
Link,DE0 7 SMR-2025,DE gas,SMR,3.63964,,
Link,DE0 7 Sabatier-2025,DE0 7 H2,Sabatier,0.00839,,
Link,DE0 7 agriculture machinery oil,DE oil,agriculture machinery oil,73.87051,73.87051,73.87051
Link,DE0 7 battery charger-2025,DE0 7,battery charger,0.06358,,
Link,DE0 7 battery discharger-2025,DE0 7 battery,battery discharger,0.06506,,
Link,DE0 7 biogas to gas CC-2025,DE0 7 biogas,biogas to gas CC,0.2787,,
Link,DE0 7 biogas to gas-2025,DE0 7 biogas,biogas to gas,1438.82072,1438.82072,
Link,DE0 7 coal for industry,EU coal,coal for industry,419.46804,263.53196,74.84932
Link,DE0 7 electricity distribution grid-2025,DE0 7,electricity distribution grid,6597.15398,6597.15398,6597.15398
Link,DE0 7 electricity distribution grid-reversed-2025,DE0 7 low voltage,electricity distribution grid,6597.15398,6597.15398,6597.15398
Link,DE0 7 gas for industry,DE gas,gas for industry,2063.91819,1436.06845,0.00665
Link,DE0 7 gas for industry CC-2025,DE gas,gas for industry CC,0.03369,,
Link,DE0 7 home battery charger-2025,DE0 7 low voltage,home battery charger,0.048,,
Link,DE0 7 home battery discharger-2025,DE0 7 home battery,home battery discharger,0.04912,,
Link,DE0 7 kerosene for aviation,DE oil,kerosene for aviation,1524.85914,1676.23202,1557.27631
Link,DE0 7 land transport oil,DE oil,land transport oil,5786.09498,1918.64222,146.29227
Link,DE0 7 methanolisation-2025,DE0 7 H2,methanolisation,1.87056,,
Link,DE0 7 naphtha for industry,DE oil,naphtha for industry,1028.53881,761.41553,473.74429
Link,DE0 7 process emissions,DE0 7 process emissions,process emissions,296.39523,0.00442,0.00059
Link,DE0 7 process emissions CC-2025,DE0 7 process emissions,process emissions CC,0.19211,,
Link,DE0 7 rural air heat pump-2025,DE0 7 low voltage,rural air heat pump,0.00397,,
Link,DE0 7 rural biomass boiler-2010,DE0 7 solid biomass,rural biomass boiler,372.05896,,
Link,DE0 7 rural biomass boiler-2015,DE0 7 solid biomass,rural biomass boiler,372.05896,,
Link,DE0 7 rural biomass boiler-2020,DE0 7 solid biomass,rural biomass boiler,372.05896,372.05896,
Link,DE0 7 rural biomass boiler-2024,DE0 7 solid biomass,rural biomass boiler,297.64717,297.64717,
Link,DE0 7 rural biomass boiler-2025,DE0 7 solid biomass,rural biomass boiler,0.00056,,
Link,DE0 7 rural gas boiler-2010,DE gas,rural gas boiler,1309.64755,,
Link,DE0 7 rural gas boiler-2015,DE gas,rural gas boiler,1309.64755,,
Link,DE0 7 rural gas boiler-2020,DE gas,rural gas boiler,1309.64755,1309.64755,
Link,DE0 7 rural gas boiler-2024,DE gas,rural gas boiler,1047.71804,1047.71804,
Link,DE0 7 rural gas boiler-2025,DE gas,rural gas boiler,0.00037,,
Link,DE0 7 rural ground heat pump-2010,DE0 7 low voltage,rural ground heat pump,25.71845,,
Link,DE0 7 rural ground heat pump-2015,DE0 7 low voltage,rural ground heat pump,25.71845,,
Link,DE0 7 rural ground heat pump-2020,DE0 7 low voltage,rural ground heat pump,25.71845,25.71845,
Link,DE0 7 rural ground heat pump-2024,DE0 7 low voltage,rural ground heat pump,20.57476,20.57476,
Link,DE0 7 rural ground heat pump-2025,DE0 7 low voltage,rural ground heat pump,0.00323,,
Link,DE0 7 rural oil boiler-2010,DE oil,rural oil boiler,747.13191,,
Link,DE0 7 rural oil boiler-2015,DE oil,rural oil boiler,747.13191,,
Link,DE0 7 rural oil boiler-2020,DE oil,rural oil boiler,747.13191,747.13191,
Link,DE0 7 rural oil boiler-2024,DE oil,rural oil boiler,597.70553,597.70553,
Link,DE0 7 rural resistive heater-2025,DE0 7 low voltage,rural resistive heater,9.56857,,
Link,DE0 7 rural water tanks charger-2025,DE0 7 rural heat,rural water tanks charger,0.70624,,
Link,DE0 7 rural water tanks discharger-2025,DE0 7 rural water tanks,rural water tanks discharger,0.70624,,
Link,DE0 7 shipping oil,DE oil,shipping oil,35.86931,23.31505,7.17386
Link,DE0 7 solid biomass biomass to liquid CC-2025,DE0 7 solid biomass,biomass to liquid CC,0.00689,,
Link,DE0 7 solid biomass biomass to liquid-2025,DE0 7 solid biomass,biomass to liquid,0.0103,,
Link,DE0 7 solid biomass for industry,DE0 7 solid biomass,solid biomass for industry,549.07883,619.8517,0.0021
Link,DE0 7 solid biomass for industry CC-2025,DE0 7 solid biomass,solid biomass for industry CC,0.03445,,
Link,DE0 7 solid biomass-2010,DE0 7 solid biomass,solid biomass,56.16184,,
Link,DE0 7 unsustainable bioliquids,DE0 7 unsustainable bioliquids,unsustainable bioliquids,5942147.38167,1896766.61598,
Link,DE0 7 urban central DAC-2025,DE0 7,DAC,0.00095,,
Link,DE0 7 urban central air heat pump-2025,DE0 7 low voltage,urban central air heat pump,0.00532,,
Link,DE0 7 urban central gas CHP CC-2025,DE gas,urban central gas CHP CC,0.0161,,
Link,DE0 7 urban central gas CHP-1995,DE gas,urban central gas CHP,305.32869,,
Link,DE0 7 urban central gas CHP-2000,DE gas,urban central gas CHP,137.23235,137.23235,
Link,DE0 7 urban central gas CHP-2005,DE gas,urban central gas CHP,614.12351,614.12351,
Link,DE0 7 urban central gas CHP-2010,DE gas,urban central gas CHP,1076.95945,1076.95945,1076.95945
Link,DE0 7 urban central gas CHP-2015,DE gas,urban central gas CHP,1016.0474,1016.0474,1016.0474
Link,DE0 7 urban central gas CHP-2020,DE gas,urban central gas CHP,1633.72715,1633.72715,1633.72715
Link,DE0 7 urban central gas CHP-2025,DE gas,urban central gas CHP,338.79175,338.79175,338.79175
Link,DE0 7 urban central gas boiler-2025,DE gas,urban central gas boiler,0.09704,,
Link,DE0 7 urban central resistive heater-2025,DE0 7 low voltage,urban central resistive heater,0.09165,,
Link,DE0 7 urban central solid biomass CHP CC-2025,DE0 7 solid biomass,urban central solid biomass CHP CC,0.00807,,
Link,DE0 7 urban central solid biomass CHP-2005,DE0 7 solid biomass,urban central solid biomass CHP,371.6284,,
Link,DE0 7 urban central solid biomass CHP-2010,DE0 7 solid biomass,urban central solid biomass CHP,552.79159,,
Link,DE0 7 urban central solid biomass CHP-2015,DE0 7 solid biomass,urban central solid biomass CHP,2669.8639,2669.8639,
Link,DE0 7 urban central solid biomass CHP-2020,DE0 7 solid biomass,urban central solid biomass CHP,154.0195,154.0195,
Link,DE0 7 urban central solid biomass CHP-2025,DE0 7 solid biomass,urban central solid biomass CHP,10.21933,10.21933,10.21933
Link,DE0 7 urban central water pits charger-2025,DE0 7 urban central heat,urban central water pits charger,0.49856,,
Link,DE0 7 urban central water pits discharger-2025,DE0 7 urban central water pits,urban central water pits discharger,0.49856,,
Link,DE0 7 urban central water tanks charger-2025,DE0 7 urban central heat,urban central water tanks charger,0.14079,,
Link,DE0 7 urban central water tanks discharger-2025,DE0 7 urban central water tanks,urban central water tanks discharger,0.14079,,
Link,DE0 7 urban decentral DAC-2025,DE0 7,DAC,0.00089,,
Link,DE0 7 urban decentral air heat pump-2010,DE0 7 low voltage,urban decentral air heat pump,28.29029,,
Link,DE0 7 urban decentral air heat pump-2015,DE0 7 low voltage,urban decentral air heat pump,28.29029,,
Link,DE0 7 urban decentral air heat pump-2020,DE0 7 low voltage,urban decentral air heat pump,28.29029,28.29029,
Link,DE0 7 urban decentral air heat pump-2024,DE0 7 low voltage,urban decentral air heat pump,22.63223,22.63223,
Link,DE0 7 urban decentral air heat pump-2025,DE0 7 low voltage,urban decentral air heat pump,0.00266,,
Link,DE0 7 urban decentral biomass boiler-2010,DE0 7 solid biomass,urban decentral biomass boiler,751.03857,,
Link,DE0 7 urban decentral biomass boiler-2015,DE0 7 solid biomass,urban decentral biomass boiler,751.03857,,
Link,DE0 7 urban decentral biomass boiler-2020,DE0 7 solid biomass,urban decentral biomass boiler,751.03857,751.03857,
Link,DE0 7 urban decentral biomass boiler-2024,DE0 7 solid biomass,urban decentral biomass boiler,600.83086,600.83086,
Link,DE0 7 urban decentral biomass boiler-2025,DE0 7 solid biomass,urban decentral biomass boiler,0.00029,,
Link,DE0 7 urban decentral gas boiler-2010,DE gas,urban decentral gas boiler,2643.65578,,
Link,DE0 7 urban decentral gas boiler-2015,DE gas,urban decentral gas boiler,2643.65578,,
Link,DE0 7 urban decentral gas boiler-2020,DE gas,urban decentral gas boiler,2643.65578,2643.65578,
Link,DE0 7 urban decentral gas boiler-2024,DE gas,urban decentral gas boiler,2114.92462,2114.92462,
Link,DE0 7 urban decentral gas boiler-2025,DE gas,urban decentral gas boiler,0.0003,,
Link,DE0 7 urban decentral oil boiler-2010,DE oil,urban decentral oil boiler,1508.16118,,
Link,DE0 7 urban decentral oil boiler-2015,DE oil,urban decentral oil boiler,1508.16118,,
Link,DE0 7 urban decentral oil boiler-2020,DE oil,urban decentral oil boiler,1508.16118,1508.16118,
Link,DE0 7 urban decentral oil boiler-2024,DE oil,urban decentral oil boiler,1206.52894,1206.52894,
Link,DE0 7 urban decentral resistive heater-2025,DE0 7 low voltage,urban decentral resistive heater,9.73556,,
Link,DE0 7 urban decentral water tanks charger-2025,DE0 7 urban decentral heat,urban decentral water tanks charger,0.71413,,
Link,DE0 7 urban decentral water tanks discharger-2025,DE0 7 urban decentral water tanks,urban decentral water tanks discharger,0.71413,,
Link,DE0 7 waste CHP CC-2025,DE0 7 non-sequestered HVC,waste CHP CC,0.10141,,
Link,DE0 7 waste CHP-2025,DE0 7 non-sequestered HVC,waste CHP,665.36467,665.36467,665.36467
Link,EU methanol -> DE methanol,EU methanol,methanol,1000000.0,1000000.0,1000000.0
Link,EU renewable gas -> DE gas,EU renewable gas,renewable gas,1000000.0,1000000.0,1000000.0
Link,EU renewable oil -> DE oil,EU renewable oil,renewable oil,1000000.0,1000000.0,1000000.0
Link,H2 pipeline AT0 0 -> DE0 0-2025,AT0 0 H2,H2 pipeline,0.28316,,
Link,H2 pipeline AT0 0 -> DE0 0-reversed-2025,DE0 0 H2,H2 pipeline,0.28316,,
Link,H2 pipeline AT0 0 -> DE0 7-2025,AT0 0 H2,H2 pipeline,0.86224,,
Link,H2 pipeline AT0 0 -> DE0 7-reversed-2025,DE0 7 H2,H2 pipeline,0.86224,,
Link,H2 pipeline BE0 0 -> DE0 4-2025,BE0 0 H2,H2 pipeline,1.18172,,
Link,H2 pipeline BE0 0 -> DE0 4-reversed-2025,DE0 4 H2,H2 pipeline,1.18172,,
Link,H2 pipeline CH0 0 -> DE0 0-2025,CH0 0 H2,H2 pipeline,0.42178,,
Link,H2 pipeline CH0 0 -> DE0 0-reversed-2025,DE0 0 H2,H2 pipeline,0.42178,,
Link,H2 pipeline CZ0 0 -> DE0 3-2025,CZ0 0 H2,H2 pipeline,0.66227,,
Link,H2 pipeline CZ0 0 -> DE0 3-reversed-2025,DE0 3 H2,H2 pipeline,0.66227,,
Link,H2 pipeline CZ0 0 -> DE0 7-2025,CZ0 0 H2,H2 pipeline,0.41715,,
Link,H2 pipeline CZ0 0 -> DE0 7-reversed-2025,DE0 7 H2,H2 pipeline,0.41715,,
Link,H2 pipeline DE0 1 -> DK0 0-2025,DE0 1 H2,H2 pipeline,0.31039,,
Link,H2 pipeline DE0 1 -> DK0 0-reversed-2025,DK0 0 H2,H2 pipeline,0.31039,,
Link,H2 pipeline DE0 1 -> DK1 0-2025,DE0 1 H2,H2 pipeline,0.36081,,
Link,H2 pipeline DE0 1 -> DK1 0-reversed-2025,DK1 0 H2,H2 pipeline,0.36081,,
Link,H2 pipeline DE0 1 -> NO1 0-2025,DE0 1 H2,H2 pipeline,0.11729,,
Link,H2 pipeline DE0 1 -> NO1 0-reversed-2025,NO1 0 H2,H2 pipeline,0.11729,,
Link,H2 pipeline DE0 1 -> SE1 0-2025,DE0 1 H2,H2 pipeline,0.20665,,
Link,H2 pipeline DE0 1 -> SE1 0-reversed-2025,SE1 0 H2,H2 pipeline,0.20665,,
Link,H2 pipeline DE0 2 -> GB2 0-2025,DE0 2 H2,H2 pipeline,0.12148,,
Link,H2 pipeline DE0 2 -> GB2 0-reversed-2025,GB2 0 H2,H2 pipeline,0.12148,,
Link,H2 pipeline DE0 2 -> NL0 0-2025,DE0 2 H2,H2 pipeline,0.41773,,
Link,H2 pipeline DE0 2 -> NL0 0-reversed-2025,NL0 0 H2,H2 pipeline,0.41773,,
Link,H2 pipeline DE0 3 -> PL0 0-2025,DE0 3 H2,H2 pipeline,0.21166,,
Link,H2 pipeline DE0 3 -> PL0 0-reversed-2025,PL0 0 H2,H2 pipeline,0.21166,,
Link,H2 pipeline DE0 4 -> FR0 0-2025,DE0 4 H2,H2 pipeline,0.27246,,
Link,H2 pipeline DE0 4 -> FR0 0-reversed-2025,FR0 0 H2,H2 pipeline,0.27246,,
Link,H2 pipeline DE0 4 -> LU0 0-2025,DE0 4 H2,H2 pipeline,1.03065,,
Link,H2 pipeline DE0 4 -> LU0 0-reversed-2025,LU0 0 H2,H2 pipeline,1.03065,,
Link,H2 pipeline DE0 4 -> NL0 0-2025,DE0 4 H2,H2 pipeline,0.44262,,
Link,H2 pipeline DE0 4 -> NL0 0-reversed-2025,NL0 0 H2,H2 pipeline,0.44262,,
Link,H2 pipeline DE0 4 <-> NL0 0-kernnetz-2025,DE0 4 H2,H2 pipeline (Kernnetz),960.0,960.0,960.0
Link,H2 pipeline DE0 4 <-> NL0 0-kernnetz-2025-reversed,NL0 0 H2,H2 pipeline (Kernnetz),960.0,960.0,960.0
Link,H2 pipeline DE0 6 -> FR0 0-2025,DE0 6 H2,H2 pipeline,0.19594,,
Link,H2 pipeline DE0 6 -> FR0 0-reversed-2025,FR0 0 H2,H2 pipeline,0.19594,,
Link,H2 pipeline retrofitted DE0 0 -> CH0 0-2025,DE0 0 H2,H2 pipeline retrofitted,0.71636,,
Link,H2 pipeline retrofitted DE0 4 <-> NL0 0-2025,DE0 4 H2,H2 pipeline retrofitted,0.25795,,
Link,H2 pipeline retrofitted FR0 0 -> DE0 0-2025,FR0 0 H2,H2 pipeline retrofitted,0.70009,,
Link,H2 pipeline retrofitted NL0 0 -> DE0 4-2025,NL0 0 H2,H2 pipeline retrofitted,0.2535,,
Link,TYNDP2020_10,DE0 4,DC,2000.00206,2000.00251,2000.00375
Link,TYNDP2020_10-reversed,DE0 6,DC,2000.00206,2000.00251,2000.00375
Link,TYNDP2020_22,DE0 1,DC,2000.00133,2000.00137,2000.00129
Link,TYNDP2020_22-reversed,DE0 7,DC,2000.00133,2000.00137,2000.00129
Link,TYNDP2020_32-reversed,DE0 2,DC,1400.0007,1400.0015,1400.0029
Link,relation/16213216-525-DC,DE0 1,DC,1400.00072,1400.00117,1400.00194
Link,relation/2505320-400-DC-reversed,DE0 1,DC,600.00065,3210.32863,3210.33069
Link,relation/3918230-450-DC,DE0 1,DC,600.00068,600.00118,600.00148
Link,relation/8193755-320-DC-reversed,DE0 4,DC,1000.00208,1000.00358,1000.00486
StorageUnit,DE0 0 PHS,DE0 0,PHS,1830.0,1830.0,1830.0
StorageUnit,DE0 0 hydro,DE0 0,hydro,120.0,120.0,120.0
StorageUnit,DE0 1 PHS,DE0 1,PHS,340.0,340.0,340.0
StorageUnit,DE0 2 PHS,DE0 2,PHS,480.0,480.0,480.0
StorageUnit,DE0 3 PHS,DE0 3,PHS,39.8,39.8,39.8
StorageUnit,DE0 4 PHS,DE0 4,PHS,1733.42,1733.42,1733.42
StorageUnit,DE0 5 PHS,DE0 5,PHS,2660.0,2660.0,2660.0
StorageUnit,DE0 6 PHS,DE0 6,PHS,208.0,208.0,208.0
StorageUnit,DE0 7 PHS,DE0 7,PHS,235.0,235.0,235.0
StorageUnit,DE0 7 hydro,DE0 7,hydro,169.5,169.5,169.5
Store,DE gas Store,DE gas,gas,239.56948,122.86807,164.36119
Store,DE methanol Store,DE methanol,methanol,2605.21287,2749699.97444,5452488.18722
Store,DE oil Store,DE oil,oil,318.64925,164.53081,227.23591
Store,DE0 0 H2 Store-2025,DE0 0 H2,H2 Store,0.33595,,
Store,DE0 0 battery-2025,DE0 0 battery,battery,0.10155,,
Store,DE0 0 co2 stored,DE0 0 co2 stored,co2 stored,5.79302,2.32436,2.33142
Store,DE0 0 home battery-2025,DE0 0 home battery,home battery,0.07394,,
Store,DE0 0 non-sequestered HVC,DE0 0 non-sequestered HVC,non-sequestered HVC,6333135.33536,4426771.14726,2644004.20657
Store,DE0 0 rural water tanks-2025,DE0 0 rural water tanks,rural water tanks,0.1058,,
Store,DE0 0 urban central water pits-2025,DE0 0 urban central water pits,urban central water pits,72.40743,72.40743,72.40743
Store,DE0 0 urban central water tanks-2025,DE0 0 urban central water tanks,urban central water tanks,8.40241,,
Store,DE0 0 urban decentral water tanks-2025,DE0 0 urban decentral water tanks,urban decentral water tanks,0.10732,,
Store,DE0 1 H2 Store-2025,DE0 1 H2,H2 Store,213.89364,213.89364,213.89364
Store,DE0 1 battery-2025,DE0 1 battery,battery,0.10154,,
Store,DE0 1 co2 stored,DE0 1 co2 stored,co2 stored,5.72384,2.2343,2.21189
Store,DE0 1 home battery-2025,DE0 1 home battery,home battery,0.0739,,
Store,DE0 1 non-sequestered HVC,DE0 1 non-sequestered HVC,non-sequestered HVC,6610976.47183,4620978.13342,2759999.38032
Store,DE0 1 rural water tanks-2025,DE0 1 rural water tanks,rural water tanks,0.10578,,
Store,DE0 1 urban central water pits-2025,DE0 1 urban central water pits,urban central water pits,61.43844,61.43844,61.43844
Store,DE0 1 urban central water tanks-2025,DE0 1 urban central water tanks,urban central water tanks,8.15321,,
Store,DE0 1 urban decentral water tanks-2025,DE0 1 urban decentral water tanks,urban decentral water tanks,0.10727,,
Store,DE0 2 H2 Store-2025,DE0 2 H2,H2 Store,230.46901,230.46901,230.46901
Store,DE0 2 battery-2025,DE0 2 battery,battery,0.10157,,
Store,DE0 2 co2 stored,DE0 2 co2 stored,co2 stored,5.69917,2.21729,2.2119
Store,DE0 2 home battery-2025,DE0 2 home battery,home battery,0.07393,,
Store,DE0 2 non-sequestered HVC,DE0 2 non-sequestered HVC,non-sequestered HVC,6367738.67507,4450958.3875,2658450.66491
Store,DE0 2 rural water tanks-2025,DE0 2 rural water tanks,rural water tanks,0.10581,,
Store,DE0 2 urban central water pits-2025,DE0 2 urban central water pits,urban central water pits,72.20554,72.20554,72.20554
Store,DE0 2 urban central water tanks-2025,DE0 2 urban central water tanks,urban central water tanks,8.40036,,
Store,DE0 2 urban decentral water tanks-2025,DE0 2 urban decentral water tanks,urban decentral water tanks,0.10732,,
Store,DE0 3 H2 Store-2025,DE0 3 H2,H2 Store,554.16819,554.16819,554.16819
Store,DE0 3 battery-2025,DE0 3 battery,battery,0.1015,,
Store,DE0 3 co2 stored,DE0 3 co2 stored,co2 stored,5.70846,2.27962,2.21832
Store,DE0 3 home battery-2025,DE0 3 home battery,home battery,0.07382,,
Store,DE0 3 non-sequestered HVC,DE0 3 non-sequestered HVC,non-sequestered HVC,7836506.32223,5477605.99538,3271642.65149
Store,DE0 3 rural water tanks-2025,DE0 3 rural water tanks,rural water tanks,0.10629,,
Store,DE0 3 urban central water pits-2025,DE0 3 urban central water pits,urban central water pits,88.32646,88.32646,88.32646
Store,DE0 3 urban central water tanks-2025,DE0 3 urban central water tanks,urban central water tanks,8.8621,,
Store,DE0 3 urban decentral water tanks-2025,DE0 3 urban decentral water tanks,urban decentral water tanks,0.10718,,
Store,DE0 4 H2 Store-2025,DE0 4 H2,H2 Store,1446.3791,1446.3791,1446.3791
Store,DE0 4 battery-2025,DE0 4 battery,battery,0.10168,,
Store,DE0 4 co2 stored,DE0 4 co2 stored,co2 stored,5.73413,2.24755,2.21254
Store,DE0 4 home battery-2025,DE0 4 home battery,home battery,0.07388,,
Store,DE0 4 non-sequestered HVC,DE0 4 non-sequestered HVC,non-sequestered HVC,11923331.81493,8334238.64524,4977840.80169
Store,DE0 4 rural water tanks-2025,DE0 4 rural water tanks,rural water tanks,0.10599,,
Store,DE0 4 urban central water pits-2025,DE0 4 urban central water pits,urban central water pits,70.89063,70.89063,70.89063
Store,DE0 4 urban central water tanks-2025,DE0 4 urban central water tanks,urban central water tanks,8.3593,,
Store,DE0 4 urban decentral water tanks-2025,DE0 4 urban decentral water tanks,urban decentral water tanks,0.1076,,
Store,DE0 5 H2 Store-2025,DE0 5 H2,H2 Store,26.84543,26.84543,26.84543
Store,DE0 5 battery-2025,DE0 5 battery,battery,0.10146,,
Store,DE0 5 co2 stored,DE0 5 co2 stored,co2 stored,5.71386,2.28548,2.25516
Store,DE0 5 home battery-2025,DE0 5 home battery,home battery,0.07388,,
Store,DE0 5 non-sequestered HVC,DE0 5 non-sequestered HVC,non-sequestered HVC,4765971.85776,3331346.25922,1989733.20055
Store,DE0 5 rural water tanks-2025,DE0 5 rural water tanks,rural water tanks,0.10589,,
Store,DE0 5 urban central water pits-2025,DE0 5 urban central water pits,urban central water pits,75.50146,75.50146,75.50146
Store,DE0 5 urban central water tanks-2025,DE0 5 urban central water tanks,urban central water tanks,8.4693,,
Store,DE0 5 urban decentral water tanks-2025,DE0 5 urban decentral water tanks,urban decentral water tanks,0.10689,,
Store,DE0 6 H2 Store-2025,DE0 6 H2,H2 Store,0.31321,,
Store,DE0 6 battery-2025,DE0 6 battery,battery,0.10137,,
Store,DE0 6 co2 stored,DE0 6 co2 stored,co2 stored,5.77313,2.30334,2.26548
Store,DE0 6 home battery-2025,DE0 6 home battery,home battery,0.07387,,
Store,DE0 6 non-sequestered HVC,DE0 6 non-sequestered HVC,non-sequestered HVC,8734761.00768,6105473.19131,3646652.66487
Store,DE0 6 rural water tanks-2025,DE0 6 rural water tanks,rural water tanks,0.106,,
Store,DE0 6 urban central water pits-2025,DE0 6 urban central water pits,urban central water pits,82.20917,82.20917,82.20917
Store,DE0 6 urban central water tanks-2025,DE0 6 urban central water tanks,urban central water tanks,8.66226,,
Store,DE0 6 urban decentral water tanks-2025,DE0 6 urban decentral water tanks,urban decentral water tanks,0.10743,,
Store,DE0 7 H2 Store-2025,DE0 7 H2,H2 Store,0.33593,,
Store,DE0 7 battery-2025,DE0 7 battery,battery,0.10139,,
Store,DE0 7 co2 stored,DE0 7 co2 stored,co2 stored,5.99045,2.32385,2.27709
Store,DE0 7 home battery-2025,DE0 7 home battery,home battery,0.07389,,
Store,DE0 7 non-sequestered HVC,DE0 7 non-sequestered HVC,non-sequestered HVC,5829365.97223,4074643.55745,2433686.84483
Store,DE0 7 rural water tanks-2025,DE0 7 rural water tanks,rural water tanks,0.10594,,
Store,DE0 7 urban central water pits-2025,DE0 7 urban central water pits,urban central water pits,74.78375,74.78375,74.78375
Store,DE0 7 urban central water tanks-2025,DE0 7 urban central water tanks,urban central water tanks,8.49624,,
Store,DE0 7 urban decentral water tanks-2025,DE0 7 urban decentral water tanks,urban decentral water tanks,0.10712,,
Generator,DE0 0 0 onwind-2035,DE0 0,onwind,,0.02944,
Generator,DE0 0 0 solar rooftop-2035,DE0 0 low voltage,solar rooftop,,17857.54847,17857.54847
Generator,DE0 0 0 solar-2035,DE0 0,solar,,0.08266,
Generator,DE0 0 0 solar-hsat-2035,DE0 0,solar-hsat,,6371.247,6371.247
Generator,DE0 0 biogas,DE0 0 biogas,biogas,,1331400.58466,2072904.59819
Generator,DE0 0 solid biomass,DE0 0 solid biomass,solid biomass,,9365203.25549,13714299.98384
Generator,DE0 1 0 offwind-ac-2035,DE0 1,offwind-ac,,0.02332,
Generator,DE0 1 0 offwind-dc-2035,DE0 1,offwind-dc,,460.64561,460.64561
Generator,DE0 1 0 onwind-2035,DE0 1,onwind,,24501.4582,24501.4582
Generator,DE0 1 0 solar rooftop-2035,DE0 1 low voltage,solar rooftop,,18640.94597,18640.94597
Generator,DE0 1 0 solar-2035,DE0 1,solar,,0.03872,
Generator,DE0 1 0 solar-hsat-2035,DE0 1,solar-hsat,,0.04841,
Generator,DE0 1 biogas,DE0 1 biogas,biogas,,3999208.90589,6169028.16455
Generator,DE0 1 solid biomass,DE0 1 solid biomass,solid biomass,,15424468.09196,22609500.76903
Generator,DE0 2 0 offwind-ac-2035,DE0 2,offwind-ac,,835.21715,835.21715
Generator,DE0 2 0 offwind-dc-2035,DE0 2,offwind-dc,,21704.11114,21704.11114
Generator,DE0 2 0 onwind-2035,DE0 2,onwind,,24821.65968,24821.65968
Generator,DE0 2 0 solar rooftop-2035,DE0 2 low voltage,solar rooftop,,17955.1077,17955.1077
Generator,DE0 2 0 solar-2035,DE0 2,solar,,0.03995,
Generator,DE0 2 0 solar-hsat-2035,DE0 2,solar-hsat,,0.05142,
Generator,DE0 2 biogas,DE0 2 biogas,biogas,,5653740.86129,8989250.72876
Generator,DE0 2 solid biomass,DE0 2 solid biomass,solid biomass,,15124866.55862,22661136.54352
Generator,DE0 3 0 offwind-ac-2035,DE0 3,offwind-ac,,0.03318,
Generator,DE0 3 0 offwind-dc-2035,DE0 3,offwind-dc,,0.06135,
Generator,DE0 3 0 onwind-2035,DE0 3,onwind,,27176.16243,27176.16243
Generator,DE0 3 0 solar rooftop-2035,DE0 3 low voltage,solar rooftop,,22096.59679,22096.59679
Generator,DE0 3 0 solar-2035,DE0 3,solar,,0.04573,
Generator,DE0 3 0 solar-hsat-2035,DE0 3,solar-hsat,,0.06242,
Generator,DE0 3 biogas,DE0 3 biogas,biogas,,3500329.06267,5225291.66721
Generator,DE0 3 solid biomass,DE0 3 solid biomass,solid biomass,,15070775.85107,21896172.13015
Generator,DE0 4 0 onwind-2035,DE0 4,onwind,,15596.0056,15596.0056
Generator,DE0 4 0 solar rooftop-2035,DE0 4 low voltage,solar rooftop,,33620.22004,33620.22004
Generator,DE0 4 0 solar-2035,DE0 4,solar,,0.04854,
Generator,DE0 4 0 solar-hsat-2035,DE0 4,solar-hsat,,0.07053,
Generator,DE0 4 biogas,DE0 4 biogas,biogas,,2237407.57188,3513160.87286
Generator,DE0 4 solid biomass,DE0 4 solid biomass,solid biomass,,8370772.65836,12565439.63439
Generator,DE0 5 0 onwind-2035,DE0 5,onwind,,0.08854,
Generator,DE0 5 0 solar rooftop-2035,DE0 5 low voltage,solar rooftop,,13438.61397,13438.61397
Generator,DE0 5 0 solar-2035,DE0 5,solar,,0.05151,
Generator,DE0 5 0 solar-hsat-2035,DE0 5,solar-hsat,,0.08057,
Generator,DE0 5 biogas,DE0 5 biogas,biogas,,1620560.13804,2444204.26181
Generator,DE0 5 solid biomass,DE0 5 solid biomass,solid biomass,,13317432.50896,19381885.46567
Generator,DE0 6 0 onwind-2035,DE0 6,onwind,,0.05364,
Generator,DE0 6 0 solar rooftop-2035,DE0 6 low voltage,solar rooftop,,24629.4141,24629.4141
Generator,DE0 6 0 solar-2035,DE0 6,solar,,0.05444,
Generator,DE0 6 0 solar-hsat-2035,DE0 6,solar-hsat,,0.09456,
Generator,DE0 6 biogas,DE0 6 biogas,biogas,,767593.22969,1222389.05347
Generator,DE0 6 solid biomass,DE0 6 solid biomass,solid biomass,,10885123.98203,15947707.30863
Generator,DE0 7 0 onwind-2035,DE0 7,onwind,,0.02067,
Generator,DE0 7 0 solar rooftop-2035,DE0 7 low voltage,solar rooftop,,16437.06891,16437.06891
Generator,DE0 7 0 solar-2035,DE0 7,solar,,0.06284,
Generator,DE0 7 0 solar-hsat-2035,DE0 7,solar-hsat,,0.13076,
Generator,DE0 7 biogas,DE0 7 biogas,biogas,,1448775.79606,2238029.2881
Generator,DE0 7 solid biomass,DE0 7 solid biomass,solid biomass,,16991534.47412,24909477.00071
Link,CO2 pipeline AT0 0 -> DE0 0-2035,AT0 0 co2 stored,CO2 pipeline,,0.01251,
Link,CO2 pipeline AT0 0 -> DE0 7-2035,AT0 0 co2 stored,CO2 pipeline,,307.40832,307.40832
Link,CO2 pipeline BE0 0 -> DE0 4-2035,BE0 0 co2 stored,CO2 pipeline,,0.0216,
Link,CO2 pipeline CH0 0 -> DE0 0-2035,CH0 0 co2 stored,CO2 pipeline,,184.06058,184.06058
Link,CO2 pipeline CZ0 0 -> DE0 3-2035,CZ0 0 co2 stored,CO2 pipeline,,0.03102,
Link,CO2 pipeline CZ0 0 -> DE0 7-2035,CZ0 0 co2 stored,CO2 pipeline,,0.01427,
Link,CO2 pipeline DE0 0 -> DE0 1-2035,DE0 0 co2 stored,CO2 pipeline,,0.01509,
Link,CO2 pipeline DE0 0 -> DE0 5-2035,DE0 0 co2 stored,CO2 pipeline,,0.02406,
Link,CO2 pipeline DE0 0 -> DE0 6-2035,DE0 0 co2 stored,CO2 pipeline,,135.96736,135.96736
Link,CO2 pipeline DE0 0 -> DE0 7-2035,DE0 0 co2 stored,CO2 pipeline,,0.01812,
Link,CO2 pipeline DE0 1 -> DE0 2-2035,DE0 1 co2 stored,CO2 pipeline,,0.02508,
Link,CO2 pipeline DE0 1 -> DE0 3-2035,DE0 1 co2 stored,CO2 pipeline,,1360.21369,1360.21369
Link,CO2 pipeline DE0 1 -> DE0 4-2035,DE0 1 co2 stored,CO2 pipeline,,0.01819,
Link,CO2 pipeline DE0 1 -> DE0 5-2035,DE0 1 co2 stored,CO2 pipeline,,59.8504,59.8504
Link,CO2 pipeline DE0 1 -> DE0 6-2035,DE0 1 co2 stored,CO2 pipeline,,0.03093,
Link,CO2 pipeline DE0 1 -> DE0 7-2035,DE0 1 co2 stored,CO2 pipeline,,0.01396,
Link,CO2 pipeline DE0 1 -> DK0 0-2035,DE0 1 co2 stored,CO2 pipeline,,1910.75215,1910.75215
Link,CO2 pipeline DE0 1 -> DK1 0-2035,DE0 1 co2 stored,CO2 pipeline,,0.03318,
Link,CO2 pipeline DE0 1 -> NO1 0-2035,DE0 1 co2 stored,CO2 pipeline,,0.00234,
Link,CO2 pipeline DE0 1 -> SE1 0-2035,DE0 1 co2 stored,CO2 pipeline,,0.00258,
Link,CO2 pipeline DE0 2 -> DE0 3-2035,DE0 2 co2 stored,CO2 pipeline,,0.03068,
Link,CO2 pipeline DE0 2 -> DE0 4-2035,DE0 2 co2 stored,CO2 pipeline,,1186.12655,1186.12655
Link,CO2 pipeline DE0 2 -> DE0 5-2035,DE0 2 co2 stored,CO2 pipeline,,270.62609,270.62609
Link,CO2 pipeline DE0 2 -> DE0 6-2035,DE0 2 co2 stored,CO2 pipeline,,492.42362,492.42362
Link,CO2 pipeline DE0 2 -> GB2 0-2035,DE0 2 co2 stored,CO2 pipeline,,0.00359,
Link,CO2 pipeline DE0 2 -> NL0 0-2035,DE0 2 co2 stored,CO2 pipeline,,0.01644,
Link,CO2 pipeline DE0 3 -> DE0 5-2035,DE0 3 co2 stored,CO2 pipeline,,0.01599,
Link,CO2 pipeline DE0 3 -> PL0 0-2035,DE0 3 co2 stored,CO2 pipeline,,999.52711,999.52711
Link,CO2 pipeline DE0 4 -> DE0 6-2035,DE0 4 co2 stored,CO2 pipeline,,0.05096,
Link,CO2 pipeline DE0 4 -> FR0 0-2035,DE0 4 co2 stored,CO2 pipeline,,0.0196,
Link,CO2 pipeline DE0 4 -> LU0 0-2035,DE0 4 co2 stored,CO2 pipeline,,0.07334,
Link,CO2 pipeline DE0 4 -> NL0 0-2035,DE0 4 co2 stored,CO2 pipeline,,75.20222,75.20222
Link,CO2 pipeline DE0 5 -> DE0 6-2035,DE0 5 co2 stored,CO2 pipeline,,0.01732,
Link,CO2 pipeline DE0 5 -> DE0 7-2035,DE0 5 co2 stored,CO2 pipeline,,0.02539,
Link,CO2 pipeline DE0 6 -> FR0 0-2035,DE0 6 co2 stored,CO2 pipeline,,0.01238,
Link,DC1,DE0 2,DC,,2000.00105,2000.00225
Link,DC1-reversed,DE0 4,DC,,2000.00105,2000.00225
Link,DC2,DE0 4,DC,,2000.00059,2000.00221
Link,DC20,DE0 1,DC,,2000.00037,2000.00029
Link,DC20-reversed,DE0 7,DC,,2000.00037,2000.00029
Link,DC25,DE0 1,DC,,0.02419,0.02674
Link,DC25-reversed,DE0 4,DC,,0.02419,0.02674
Link,DC3,DE0 1,DC,,2000.0004,2000.00033
Link,DC3-reversed,DE0 0,DC,,2000.0004,2000.00033
Link,DC34,DE0 2,DC,,0.02493,0.02755
Link,DC34-reversed,DE0 6,DC,,0.02493,0.02755
Link,DC35,DE0 2,DC,,0.02494,0.02755
Link,DC35-reversed,DE0 6,DC,,0.02494,0.02755
Link,DC4,DE0 1,DC,,2000.0005,2000.00057
Link,DC4-reversed,DE0 5,DC,,2000.0005,2000.00057
Link,DC5,DE0 1,DC,,2000.00037,2000.00029
Link,DC5-reversed,DE0 7,DC,,2000.00037,2000.00029
Link,DE shipping methanol,DE methanol,shipping methanol,,661.93246,1512.98848
Link,DE0 0 BEV charger-2035,DE0 0 low voltage,BEV charger,,31012.08032,
Link,DE0 0 Fischer-Tropsch-2035,DE0 0 H2,Fischer-Tropsch,,0.23885,
Link,DE0 0 H2 CCGT-2035,DE0 0 H2,H2 CCGT,,0.00874,
Link,DE0 0 H2 Electrolysis-2035,DE0 0,H2 Electrolysis,,0.01356,
Link,DE0 0 H2 Fuel Cell-2035,DE0 0 H2,H2 Fuel Cell,,0.00516,
Link,DE0 0 H2 OCGT-2035,DE0 0 H2,H2 OCGT,,0.01722,
Link,DE0 0 H2 turbine-2035,DE0 0 H2,H2 turbine,,0.0168,
Link,DE0 0 SMR CC-2035,DE gas,SMR CC,,0.00684,
Link,DE0 0 SMR-2035,DE gas,SMR,,0.00724,
Link,DE0 0 Sabatier-2035,DE0 0 H2,Sabatier,,0.00757,
Link,DE0 0 battery charger-2035,DE0 0,battery charger,,0.04573,
Link,DE0 0 battery discharger-2035,DE0 0 battery,battery discharger,,0.04667,
Link,DE0 0 biogas to gas CC-2035,DE0 0 biogas,biogas to gas CC,,0.00351,
Link,DE0 0 biogas to gas-2035,DE0 0 biogas,biogas to gas,,0.00354,
Link,DE0 0 electricity distribution grid-2035,DE0 0,electricity distribution grid,,4213.54126,4213.54126
Link,DE0 0 electricity distribution grid-reversed-2035,DE0 0 low voltage,electricity distribution grid,,4213.54126,4213.54126
Link,DE0 0 gas for industry CC-2035,DE gas,gas for industry CC,,0.01285,
Link,DE0 0 home battery charger-2035,DE0 0 low voltage,home battery charger,,0.03387,
Link,DE0 0 home battery discharger-2035,DE0 0 home battery,home battery discharger,,0.03457,
Link,DE0 0 methanolisation-2035,DE0 0 H2,methanolisation,,0.04883,
Link,DE0 0 process emissions CC-2035,DE0 0 process emissions,process emissions CC,,56.11324,56.11324
Link,DE0 0 rural air heat pump-2035,DE0 0 low voltage,rural air heat pump,,0.00311,
Link,DE0 0 rural biomass boiler-2035,DE0 0 solid biomass,rural biomass boiler,,0.00033,
Link,DE0 0 rural ground heat pump-2035,DE0 0 low voltage,rural ground heat pump,,379.64101,379.64101
Link,DE0 0 rural resistive heater-2035,DE0 0 low voltage,rural resistive heater,,555.48333,555.48333
Link,DE0 0 rural water tanks charger-2035,DE0 0 rural heat,rural water tanks charger,,0.37518,
Link,DE0 0 rural water tanks discharger-2035,DE0 0 rural water tanks,rural water tanks discharger,,0.37518,
Link,DE0 0 solid biomass biomass to liquid CC-2035,DE0 0 solid biomass,biomass to liquid CC,,0.00375,
Link,DE0 0 solid biomass biomass to liquid-2035,DE0 0 solid biomass,biomass to liquid,,0.00453,
Link,DE0 0 solid biomass for industry CC-2035,DE0 0 solid biomass,solid biomass for industry CC,,0.01548,
Link,DE0 0 urban central DAC-2035,DE0 0,DAC,,0.00062,
Link,DE0 0 urban central H2 CHP-2035,DE0 0 H2,urban central H2 CHP,,0.01536,
Link,DE0 0 urban central air heat pump-2035,DE0 0 low voltage,urban central air heat pump,,251.88349,251.88349
Link,DE0 0 urban central gas CHP CC-2035,DE gas,urban central gas CHP CC,,0.00656,
Link,DE0 0 urban central gas boiler-2035,DE gas,urban central gas boiler,,0.04509,
Link,DE0 0 urban central resistive heater-2035,DE0 0 low voltage,urban central resistive heater,,585.69493,585.69493
Link,DE0 0 urban central solid biomass CHP CC-2035,DE0 0 solid biomass,urban central solid biomass CHP CC,,0.00292,
Link,DE0 0 urban central solid biomass CHP-2035,DE0 0 solid biomass,urban central solid biomass CHP,,0.00728,
Link,DE0 0 urban central water pits charger-2035,DE0 0 urban central heat,urban central water pits charger,,1076.43428,1076.43428
Link,DE0 0 urban central water pits discharger-2035,DE0 0 urban central water pits,urban central water pits discharger,,1076.43428,1076.43428
Link,DE0 0 urban central water tanks charger-2035,DE0 0 urban central heat,urban central water tanks charger,,0.07223,
Link,DE0 0 urban central water tanks discharger-2035,DE0 0 urban central water tanks,urban central water tanks discharger,,0.07223,
Link,DE0 0 urban decentral DAC-2035,DE0 0,DAC,,0.00061,
Link,DE0 0 urban decentral air heat pump-2035,DE0 0 low voltage,urban decentral air heat pump,,761.9077,761.9077
Link,DE0 0 urban decentral biomass boiler-2035,DE0 0 solid biomass,urban decentral biomass boiler,,0.00383,
Link,DE0 0 urban decentral resistive heater-2035,DE0 0 low voltage,urban decentral resistive heater,,1541.16004,1541.16004
Link,DE0 0 urban decentral water tanks charger-2035,DE0 0 urban decentral heat,urban decentral water tanks charger,,0.37782,
Link,DE0 0 urban decentral water tanks discharger-2035,DE0 0 urban decentral water tanks,urban decentral water tanks discharger,,0.37782,
Link,DE0 0 waste CHP CC-2035,DE0 0 non-sequestered HVC,waste CHP CC,,0.01927,
Link,DE0 0 waste CHP-2035,DE0 0 non-sequestered HVC,waste CHP,,289.87056,289.87056
Link,DE0 1 BEV charger-2035,DE0 1 low voltage,BEV charger,,32372.61206,
Link,DE0 1 Fischer-Tropsch-2035,DE0 1 H2,Fischer-Tropsch,,0.15359,
Link,DE0 1 H2 CCGT-2035,DE0 1 H2,H2 CCGT,,0.00813,
Link,DE0 1 H2 Electrolysis-2035,DE0 1,H2 Electrolysis,,0.01766,
Link,DE0 1 H2 Fuel Cell-2035,DE0 1 H2,H2 Fuel Cell,,0.0048,
Link,DE0 1 H2 OCGT-2035,DE0 1 H2,H2 OCGT,,0.01678,
Link,DE0 1 H2 turbine-2035,DE0 1 H2,H2 turbine,,0.01657,
Link,DE0 1 SMR CC-2035,DE gas,SMR CC,,0.00695,
Link,DE0 1 SMR-2035,DE gas,SMR,,0.00724,
Link,DE0 1 Sabatier-2035,DE0 1 H2,Sabatier,,0.00722,
Link,DE0 1 battery charger-2035,DE0 1,battery charger,,0.04614,
Link,DE0 1 battery discharger-2035,DE0 1 battery,battery discharger,,0.04709,
Link,DE0 1 biogas to gas CC-2035,DE0 1 biogas,biogas to gas CC,,0.00379,
Link,DE0 1 biogas to gas-2035,DE0 1 biogas,biogas to gas,,0.00374,
Link,DE0 1 co2 sequestered,DE0 1 co2 stored,co2 sequestered,,4.25316,2577.5163
Link,DE0 1 electricity distribution grid-2035,DE0 1,electricity distribution grid,,4169.18557,4169.18557
Link,DE0 1 electricity distribution grid-reversed-2035,DE0 1 low voltage,electricity distribution grid,,4169.18557,4169.18557
Link,DE0 1 gas for industry CC-2035,DE gas,gas for industry CC,,0.01394,
Link,DE0 1 home battery charger-2035,DE0 1 low voltage,home battery charger,,0.03418,
Link,DE0 1 home battery discharger-2035,DE0 1 home battery,home battery discharger,,0.03488,
Link,DE0 1 methanolisation-2035,DE0 1 H2,methanolisation,,0.05023,
Link,DE0 1 process emissions CC-2035,DE0 1 process emissions,process emissions CC,,510.77778,510.77778
Link,DE0 1 rural air heat pump-2035,DE0 1 low voltage,rural air heat pump,,0.00377,
Link,DE0 1 rural biomass boiler-2035,DE0 1 solid biomass,rural biomass boiler,,0.00064,
Link,DE0 1 rural ground heat pump-2035,DE0 1 low voltage,rural ground heat pump,,831.12727,831.12727
Link,DE0 1 rural resistive heater-2035,DE0 1 low voltage,rural resistive heater,,1490.76579,1490.76579
Link,DE0 1 rural water tanks charger-2035,DE0 1 rural heat,rural water tanks charger,,0.37518,
Link,DE0 1 rural water tanks discharger-2035,DE0 1 rural water tanks,rural water tanks discharger,,0.37518,
Link,DE0 1 solid biomass biomass to liquid CC-2035,DE0 1 solid biomass,biomass to liquid CC,,0.00515,
Link,DE0 1 solid biomass biomass to liquid-2035,DE0 1 solid biomass,biomass to liquid,,0.00552,
Link,DE0 1 solid biomass for industry CC-2035,DE0 1 solid biomass,solid biomass for industry CC,,0.04943,
Link,DE0 1 urban central DAC-2035,DE0 1,DAC,,0.00063,
Link,DE0 1 urban central H2 CHP-2035,DE0 1 H2,urban central H2 CHP,,0.0125,
Link,DE0 1 urban central air heat pump-2035,DE0 1 low voltage,urban central air heat pump,,595.57713,595.57713
Link,DE0 1 urban central gas CHP CC-2035,DE gas,urban central gas CHP CC,,0.00607,
Link,DE0 1 urban central gas boiler-2035,DE gas,urban central gas boiler,,0.04465,
Link,DE0 1 urban central resistive heater-2035,DE0 1 low voltage,urban central resistive heater,,730.50669,730.50669
Link,DE0 1 urban central solid biomass CHP CC-2035,DE0 1 solid biomass,urban central solid biomass CHP CC,,0.00335,
Link,DE0 1 urban central solid biomass CHP-2035,DE0 1 solid biomass,urban central solid biomass CHP,,0.00833,
Link,DE0 1 urban central water pits charger-2035,DE0 1 urban central heat,urban central water pits charger,,3354.86857,3354.86857
Link,DE0 1 urban central water pits discharger-2035,DE0 1 urban central water pits,urban central water pits discharger,,3354.86857,3354.86857
Link,DE0 1 urban central water tanks charger-2035,DE0 1 urban central heat,urban central water tanks charger,,0.07488,
Link,DE0 1 urban central water tanks discharger-2035,DE0 1 urban central water tanks,urban central water tanks discharger,,0.07488,
Link,DE0 1 urban decentral DAC-2035,DE0 1,DAC,,0.00062,
Link,DE0 1 urban decentral air heat pump-2035,DE0 1 low voltage,urban decentral air heat pump,,0.01558,
Link,DE0 1 urban decentral biomass boiler-2035,DE0 1 solid biomass,urban decentral biomass boiler,,2606.9039,2606.9039
Link,DE0 1 urban decentral resistive heater-2035,DE0 1 low voltage,urban decentral resistive heater,,40.93709,40.93709
Link,DE0 1 urban decentral water tanks charger-2035,DE0 1 urban decentral heat,urban decentral water tanks charger,,0.37702,
Link,DE0 1 urban decentral water tanks discharger-2035,DE0 1 urban decentral water tanks,urban decentral water tanks discharger,,0.37702,
Link,DE0 1 waste CHP CC-2035,DE0 1 non-sequestered HVC,waste CHP CC,,104.24152,104.24152
Link,DE0 1 waste CHP-2035,DE0 1 non-sequestered HVC,waste CHP,,100.45689,100.45689
Link,DE0 2 BEV charger-2035,DE0 2 low voltage,BEV charger,,31181.52586,
Link,DE0 2 Fischer-Tropsch-2035,DE0 2 H2,Fischer-Tropsch,,0.27579,
Link,DE0 2 H2 CCGT-2035,DE0 2 H2,H2 CCGT,,0.00818,
Link,DE0 2 H2 Electrolysis-2035,DE0 2,H2 Electrolysis,,0.01684,
Link,DE0 2 H2 Fuel Cell-2035,DE0 2 H2,H2 Fuel Cell,,0.00496,
Link,DE0 2 H2 OCGT-2035,DE0 2 H2,H2 OCGT,,0.0177,
Link,DE0 2 H2 turbine-2035,DE0 2 H2,H2 turbine,,0.01752,
Link,DE0 2 SMR CC-2035,DE gas,SMR CC,,0.00695,
Link,DE0 2 SMR-2035,DE gas,SMR,,0.00724,
Link,DE0 2 Sabatier-2035,DE0 2 H2,Sabatier,,0.00723,
Link,DE0 2 battery charger-2035,DE0 2,battery charger,,0.04609,
Link,DE0 2 battery discharger-2035,DE0 2 battery,battery discharger,,0.04704,
Link,DE0 2 biogas to gas CC-2035,DE0 2 biogas,biogas to gas CC,,0.00384,
Link,DE0 2 biogas to gas-2035,DE0 2 biogas,biogas to gas,,0.00379,
Link,DE0 2 co2 sequestered,DE0 2 co2 stored,co2 sequestered,,2621.6633,6574.32516
Link,DE0 2 electricity distribution grid-2035,DE0 2,electricity distribution grid,,5466.49956,5466.49956
Link,DE0 2 electricity distribution grid-reversed-2035,DE0 2 low voltage,electricity distribution grid,,5466.49956,5466.49956
Link,DE0 2 gas for industry CC-2035,DE gas,gas for industry CC,,0.01379,
Link,DE0 2 home battery charger-2035,DE0 2 low voltage,home battery charger,,0.03416,
Link,DE0 2 home battery discharger-2035,DE0 2 home battery,home battery discharger,,0.03486,
Link,DE0 2 methanolisation-2035,DE0 2 H2,methanolisation,,0.05616,
Link,DE0 2 process emissions CC-2035,DE0 2 process emissions,process emissions CC,,726.96981,726.96981
Link,DE0 2 rural air heat pump-2035,DE0 2 low voltage,rural air heat pump,,0.00361,
Link,DE0 2 rural biomass boiler-2035,DE0 2 solid biomass,rural biomass boiler,,0.00044,
Link,DE0 2 rural ground heat pump-2035,DE0 2 low voltage,rural ground heat pump,,699.16127,699.16127
Link,DE0 2 rural resistive heater-2035,DE0 2 low voltage,rural resistive heater,,1455.09647,1455.09647
Link,DE0 2 rural water tanks charger-2035,DE0 2 rural heat,rural water tanks charger,,0.37573,
Link,DE0 2 rural water tanks discharger-2035,DE0 2 rural water tanks,rural water tanks discharger,,0.37573,
Link,DE0 2 solid biomass biomass to liquid CC-2035,DE0 2 solid biomass,biomass to liquid CC,,0.00419,
Link,DE0 2 solid biomass biomass to liquid-2035,DE0 2 solid biomass,biomass to liquid,,0.0048,
Link,DE0 2 solid biomass for industry CC-2035,DE0 2 solid biomass,solid biomass for industry CC,,0.02701,
Link,DE0 2 urban central DAC-2035,DE0 2,DAC,,0.00063,
Link,DE0 2 urban central H2 CHP-2035,DE0 2 H2,urban central H2 CHP,,0.01479,
Link,DE0 2 urban central air heat pump-2035,DE0 2 low voltage,urban central air heat pump,,286.93511,286.93511
Link,DE0 2 urban central gas CHP CC-2035,DE gas,urban central gas CHP CC,,0.00627,
Link,DE0 2 urban central gas boiler-2035,DE gas,urban central gas boiler,,0.0447,
Link,DE0 2 urban central resistive heater-2035,DE0 2 low voltage,urban central resistive heater,,787.84473,787.84473
Link,DE0 2 urban central solid biomass CHP CC-2035,DE0 2 solid biomass,urban central solid biomass CHP CC,,0.00304,
Link,DE0 2 urban central solid biomass CHP-2035,DE0 2 solid biomass,urban central solid biomass CHP,,0.00722,
Link,DE0 2 urban central water pits charger-2035,DE0 2 urban central heat,urban central water pits charger,,1.05142,
Link,DE0 2 urban central water pits discharger-2035,DE0 2 urban central water pits,urban central water pits discharger,,1.05142,
Link,DE0 2 urban central water tanks charger-2035,DE0 2 urban central heat,urban central water tanks charger,,0.07264,
Link,DE0 2 urban central water tanks discharger-2035,DE0 2 urban central water tanks,urban central water tanks discharger,,0.07264,
Link,DE0 2 urban decentral DAC-2035,DE0 2,DAC,,0.00062,
Link,DE0 2 urban decentral air heat pump-2035,DE0 2 low voltage,urban decentral air heat pump,,475.45979,475.45979
Link,DE0 2 urban decentral biomass boiler-2035,DE0 2 solid biomass,urban decentral biomass boiler,,1102.24141,1102.24141
Link,DE0 2 urban decentral resistive heater-2035,DE0 2 low voltage,urban decentral resistive heater,,1014.94276,1014.94276
Link,DE0 2 urban decentral water tanks charger-2035,DE0 2 urban decentral heat,urban decentral water tanks charger,,0.37676,
Link,DE0 2 urban decentral water tanks discharger-2035,DE0 2 urban decentral water tanks,urban decentral water tanks discharger,,0.37676,
Link,DE0 2 waste CHP CC-2035,DE0 2 non-sequestered HVC,waste CHP CC,,0.07025,
Link,DE0 2 waste CHP-2035,DE0 2 non-sequestered HVC,waste CHP,,229.81462,229.81462
Link,DE0 3 BEV charger-2035,DE0 3 low voltage,BEV charger,,38373.78338,
Link,DE0 3 Fischer-Tropsch-2035,DE0 3 H2,Fischer-Tropsch,,0.11862,
Link,DE0 3 H2 CCGT-2035,DE0 3 H2,H2 CCGT,,0.0082,
Link,DE0 3 H2 Electrolysis-2035,DE0 3,H2 Electrolysis,,0.0424,
Link,DE0 3 H2 Fuel Cell-2035,DE0 3 H2,H2 Fuel Cell,,0.00501,
Link,DE0 3 H2 OCGT-2035,DE0 3 H2,H2 OCGT,,0.0167,
Link,DE0 3 H2 turbine-2035,DE0 3 H2,H2 turbine,,0.01652,
Link,DE0 3 SMR CC-2035,DE gas,SMR CC,,0.00689,
Link,DE0 3 SMR-2035,DE gas,SMR,,0.00727,
Link,DE0 3 Sabatier-2035,DE0 3 H2,Sabatier,,0.00713,
Link,DE0 3 battery charger-2035,DE0 3,battery charger,,0.04621,
Link,DE0 3 battery discharger-2035,DE0 3 battery,battery discharger,,0.04716,
Link,DE0 3 biogas to gas CC-2035,DE0 3 biogas,biogas to gas CC,,0.00375,
Link,DE0 3 biogas to gas-2035,DE0 3 biogas,biogas to gas,,0.00371,
Link,DE0 3 electricity distribution grid-2035,DE0 3,electricity distribution grid,,6428.59868,6428.59868
Link,DE0 3 electricity distribution grid-reversed-2035,DE0 3 low voltage,electricity distribution grid,,6428.59868,6428.59868
Link,DE0 3 gas for industry CC-2035,DE gas,gas for industry CC,,0.01349,
Link,DE0 3 home battery charger-2035,DE0 3 low voltage,home battery charger,,0.03382,
Link,DE0 3 home battery discharger-2035,DE0 3 home battery,home battery discharger,,0.03452,
Link,DE0 3 methanolisation-2035,DE0 3 H2,methanolisation,,0.06639,
Link,DE0 3 process emissions CC-2035,DE0 3 process emissions,process emissions CC,,389.91929,389.91929
Link,DE0 3 rural air heat pump-2035,DE0 3 low voltage,rural air heat pump,,0.00373,
Link,DE0 3 rural biomass boiler-2035,DE0 3 solid biomass,rural biomass boiler,,0.00026,
Link,DE0 3 rural ground heat pump-2035,DE0 3 low voltage,rural ground heat pump,,1085.82193,1085.82193
Link,DE0 3 rural resistive heater-2035,DE0 3 low voltage,rural resistive heater,,2099.57877,2099.57877
Link,DE0 3 rural water tanks charger-2035,DE0 3 rural heat,rural water tanks charger,,0.37512,
Link,DE0 3 rural water tanks discharger-2035,DE0 3 rural water tanks,rural water tanks discharger,,0.37512,
Link,DE0 3 solid biomass biomass to liquid CC-2035,DE0 3 solid biomass,biomass to liquid CC,,0.0037,
Link,DE0 3 solid biomass biomass to liquid-2035,DE0 3 solid biomass,biomass to liquid,,0.00447,
Link,DE0 3 solid biomass for industry CC-2035,DE0 3 solid biomass,solid biomass for industry CC,,0.01504,
Link,DE0 3 urban central DAC-2035,DE0 3,DAC,,0.00062,
Link,DE0 3 urban central H2 CHP-2035,DE0 3 H2,urban central H2 CHP,,0.01542,
Link,DE0 3 urban central air heat pump-2035,DE0 3 low voltage,urban central air heat pump,,1290.24942,1290.24942
Link,DE0 3 urban central gas CHP CC-2035,DE gas,urban central gas CHP CC,,0.00639,
Link,DE0 3 urban central gas boiler-2035,DE gas,urban central gas boiler,,377.18085,377.18085
Link,DE0 3 urban central resistive heater-2035,DE0 3 low voltage,urban central resistive heater,,1067.53807,1067.53807
Link,DE0 3 urban central solid biomass CHP CC-2035,DE0 3 solid biomass,urban central solid biomass CHP CC,,0.00295,
Link,DE0 3 urban central solid biomass CHP-2035,DE0 3 solid biomass,urban central solid biomass CHP,,0.0074,
Link,DE0 3 urban central water pits charger-2035,DE0 3 urban central heat,urban central water pits charger,,1351.64872,1351.64872
Link,DE0 3 urban central water pits discharger-2035,DE0 3 urban central water pits,urban central water pits discharger,,1351.64872,1351.64872
Link,DE0 3 urban central water tanks charger-2035,DE0 3 urban central heat,urban central water tanks charger,,0.0745,
Link,DE0 3 urban central water tanks discharger-2035,DE0 3 urban central water tanks,urban central water tanks discharger,,0.0745,
Link,DE0 3 urban decentral DAC-2035,DE0 3,DAC,,0.00061,
Link,DE0 3 urban decentral air heat pump-2035,DE0 3 low voltage,urban decentral air heat pump,,355.32288,355.32288
Link,DE0 3 urban decentral biomass boiler-2035,DE0 3 solid biomass,urban decentral biomass boiler,,0.00049,
Link,DE0 3 urban decentral resistive heater-2035,DE0 3 low voltage,urban decentral resistive heater,,918.76317,918.76317
Link,DE0 3 urban decentral water tanks charger-2035,DE0 3 urban decentral heat,urban decentral water tanks charger,,0.37641,
Link,DE0 3 urban decentral water tanks discharger-2035,DE0 3 urban decentral water tanks,urban decentral water tanks discharger,,0.37641,
Link,DE0 3 waste CHP CC-2035,DE0 3 non-sequestered HVC,waste CHP CC,,0.01511,
Link,DE0 3 waste CHP-2035,DE0 3 non-sequestered HVC,waste CHP,,469.7531,469.7531
Link,DE0 4 BEV charger-2035,DE0 4 low voltage,BEV charger,,58386.13962,
Link,DE0 4 Fischer-Tropsch-2035,DE0 4 H2,Fischer-Tropsch,,0.68226,
Link,DE0 4 H2 CCGT-2035,DE0 4 H2,H2 CCGT,,0.00908,
Link,DE0 4 H2 Electrolysis-2035,DE0 4,H2 Electrolysis,,0.01415,
Link,DE0 4 H2 Fuel Cell-2035,DE0 4 H2,H2 Fuel Cell,,0.00518,
Link,DE0 4 H2 OCGT-2035,DE0 4 H2,H2 OCGT,,0.01872,
Link,DE0 4 H2 turbine-2035,DE0 4 H2,H2 turbine,,0.01808,
Link,DE0 4 SMR CC-2035,DE gas,SMR CC,,0.00688,
Link,DE0 4 SMR-2035,DE gas,SMR,,0.00725,
Link,DE0 4 Sabatier-2035,DE0 4 H2,Sabatier,,0.00733,
Link,DE0 4 battery charger-2035,DE0 4,battery charger,,0.04567,
Link,DE0 4 battery discharger-2035,DE0 4 battery,battery discharger,,0.04661,
Link,DE0 4 biogas to gas CC-2035,DE0 4 biogas,biogas to gas CC,,0.00359,
Link,DE0 4 biogas to gas-2035,DE0 4 biogas,biogas to gas,,0.00359,
Link,DE0 4 electricity distribution grid-2035,DE0 4,electricity distribution grid,,10668.09765,10668.09765
Link,DE0 4 electricity distribution grid-reversed-2035,DE0 4 low voltage,electricity distribution grid,,10668.09765,10668.09765
Link,DE0 4 gas for industry CC-2035,DE gas,gas for industry CC,,0.01384,
Link,DE0 4 home battery charger-2035,DE0 4 low voltage,home battery charger,,0.03384,
Link,DE0 4 home battery discharger-2035,DE0 4 home battery,home battery discharger,,0.03454,
Link,DE0 4 methanolisation-2035,DE0 4 H2,methanolisation,,0.04842,
Link,DE0 4 process emissions CC-2035,DE0 4 process emissions,process emissions CC,,1260.872,1260.872
Link,DE0 4 rural air heat pump-2035,DE0 4 low voltage,rural air heat pump,,0.00342,
Link,DE0 4 rural biomass boiler-2035,DE0 4 solid biomass,rural biomass boiler,,0.00034,
Link,DE0 4 rural ground heat pump-2035,DE0 4 low voltage,rural ground heat pump,,300.0222,300.0222
Link,DE0 4 rural resistive heater-2035,DE0 4 low voltage,rural resistive heater,,469.04549,469.04549
Link,DE0 4 rural water tanks charger-2035,DE0 4 rural heat,rural water tanks charger,,0.37623,
Link,DE0 4 rural water tanks discharger-2035,DE0 4 rural water tanks,rural water tanks discharger,,0.37623,
Link,DE0 4 solid biomass biomass to liquid CC-2035,DE0 4 solid biomass,biomass to liquid CC,,0.00374,
Link,DE0 4 solid biomass biomass to liquid-2035,DE0 4 solid biomass,biomass to liquid,,0.00456,
Link,DE0 4 solid biomass for industry CC-2035,DE0 4 solid biomass,solid biomass for industry CC,,0.01693,
Link,DE0 4 urban central DAC-2035,DE0 4,DAC,,0.00061,
Link,DE0 4 urban central H2 CHP-2035,DE0 4 H2,urban central H2 CHP,,0.01527,
Link,DE0 4 urban central air heat pump-2035,DE0 4 low voltage,urban central air heat pump,,855.20376,855.20376
Link,DE0 4 urban central gas CHP CC-2035,DE gas,urban central gas CHP CC,,0.00665,
Link,DE0 4 urban central gas boiler-2035,DE gas,urban central gas boiler,,0.04508,
Link,DE0 4 urban central resistive heater-2035,DE0 4 low voltage,urban central resistive heater,,1684.78802,1684.78802
Link,DE0 4 urban central solid biomass CHP CC-2035,DE0 4 solid biomass,urban central solid biomass CHP CC,,0.00303,
Link,DE0 4 urban central solid biomass CHP-2035,DE0 4 solid biomass,urban central solid biomass CHP,,0.00766,
Link,DE0 4 urban central water pits charger-2035,DE0 4 urban central heat,urban central water pits charger,,3199.27779,3199.27779
Link,DE0 4 urban central water pits discharger-2035,DE0 4 urban central water pits,urban central water pits discharger,,3199.27779,3199.27779
Link,DE0 4 urban central water tanks charger-2035,DE0 4 urban central heat,urban central water tanks charger,,0.07441,
Link,DE0 4 urban central water tanks discharger-2035,DE0 4 urban central water tanks,urban central water tanks discharger,,0.07441,
Link,DE0 4 urban decentral DAC-2035,DE0 4,DAC,,0.00061,
Link,DE0 4 urban decentral air heat pump-2035,DE0 4 low voltage,urban decentral air heat pump,,1766.74516,1766.74516
Link,DE0 4 urban decentral biomass boiler-2035,DE0 4 solid biomass,urban decentral biomass boiler,,0.00272,
Link,DE0 4 urban decentral resistive heater-2035,DE0 4 low voltage,urban decentral resistive heater,,3486.84208,3486.84208
Link,DE0 4 urban decentral water tanks charger-2035,DE0 4 urban decentral heat,urban decentral water tanks charger,,0.37815,
Link,DE0 4 urban decentral water tanks discharger-2035,DE0 4 urban decentral water tanks,urban decentral water tanks discharger,,0.37815,
Link,DE0 4 waste CHP CC-2035,DE0 4 non-sequestered HVC,waste CHP CC,,0.02197,
Link,DE0 4 waste CHP-2035,DE0 4 non-sequestered HVC,waste CHP,,640.36412,640.36412
Link,DE0 5 BEV charger-2035,DE0 5 low voltage,BEV charger,,23337.99836,
Link,DE0 5 Fischer-Tropsch-2035,DE0 5 H2,Fischer-Tropsch,,734.14698,734.14698
Link,DE0 5 H2 CCGT-2035,DE0 5 H2,H2 CCGT,,0.00831,
Link,DE0 5 H2 Electrolysis-2035,DE0 5,H2 Electrolysis,,0.01392,
Link,DE0 5 H2 Fuel Cell-2035,DE0 5 H2,H2 Fuel Cell,,0.00481,
Link,DE0 5 H2 OCGT-2035,DE0 5 H2,H2 OCGT,,0.0169,
Link,DE0 5 H2 turbine-2035,DE0 5 H2,H2 turbine,,0.0166,
Link,DE0 5 SMR CC-2035,DE gas,SMR CC,,0.00687,
Link,DE0 5 SMR-2035,DE gas,SMR,,0.00724,
Link,DE0 5 Sabatier-2035,DE0 5 H2,Sabatier,,0.0074,
Link,DE0 5 battery charger-2035,DE0 5,battery charger,,0.04354,
Link,DE0 5 battery discharger-2035,DE0 5 battery,battery discharger,,0.04444,
Link,DE0 5 biogas to gas CC-2035,DE0 5 biogas,biogas to gas CC,,0.00359,
Link,DE0 5 biogas to gas-2035,DE0 5 biogas,biogas to gas,,0.00359,
Link,DE0 5 electricity distribution grid-2035,DE0 5,electricity distribution grid,,3897.63206,3897.63206
Link,DE0 5 electricity distribution grid-reversed-2035,DE0 5 low voltage,electricity distribution grid,,3897.63206,3897.63206
Link,DE0 5 gas for industry CC-2035,DE gas,gas for industry CC,,0.0128,
Link,DE0 5 home battery charger-2035,DE0 5 low voltage,home battery charger,,0.03407,
Link,DE0 5 home battery discharger-2035,DE0 5 home battery,home battery discharger,,0.03477,
Link,DE0 5 methanolisation-2035,DE0 5 H2,methanolisation,,0.05972,
Link,DE0 5 process emissions CC-2035,DE0 5 process emissions,process emissions CC,,357.9524,357.9524
Link,DE0 5 rural air heat pump-2035,DE0 5 low voltage,rural air heat pump,,0.00332,
Link,DE0 5 rural biomass boiler-2035,DE0 5 solid biomass,rural biomass boiler,,0.00091,
Link,DE0 5 rural ground heat pump-2035,DE0 5 low voltage,rural ground heat pump,,1033.98249,1033.98249
Link,DE0 5 rural resistive heater-2035,DE0 5 low voltage,rural resistive heater,,1790.73935,1790.73935
Link,DE0 5 rural water tanks charger-2035,DE0 5 rural heat,rural water tanks charger,,0.3752,
Link,DE0 5 rural water tanks discharger-2035,DE0 5 rural water tanks,rural water tanks discharger,,0.3752,
Link,DE0 5 solid biomass biomass to liquid CC-2035,DE0 5 solid biomass,biomass to liquid CC,,0.00477,
Link,DE0 5 solid biomass biomass to liquid-2035,DE0 5 solid biomass,biomass to liquid,,0.00535,
Link,DE0 5 solid biomass for industry CC-2035,DE0 5 solid biomass,solid biomass for industry CC,,0.01682,
Link,DE0 5 urban central DAC-2035,DE0 5,DAC,,0.00059,
Link,DE0 5 urban central H2 CHP-2035,DE0 5 H2,urban central H2 CHP,,0.01255,
Link,DE0 5 urban central air heat pump-2035,DE0 5 low voltage,urban central air heat pump,,223.1989,223.1989
Link,DE0 5 urban central gas CHP CC-2035,DE gas,urban central gas CHP CC,,0.00603,
Link,DE0 5 urban central gas boiler-2035,DE gas,urban central gas boiler,,0.0448,
Link,DE0 5 urban central resistive heater-2035,DE0 5 low voltage,urban central resistive heater,,363.49994,363.49994
Link,DE0 5 urban central solid biomass CHP CC-2035,DE0 5 solid biomass,urban central solid biomass CHP CC,,0.00304,
Link,DE0 5 urban central solid biomass CHP-2035,DE0 5 solid biomass,urban central solid biomass CHP,,0.00851,
Link,DE0 5 urban central water pits charger-2035,DE0 5 urban central heat,urban central water pits charger,,2387.16889,2387.16889
Link,DE0 5 urban central water pits discharger-2035,DE0 5 urban central water pits,urban central water pits discharger,,2387.16889,2387.16889
Link,DE0 5 urban central water tanks charger-2035,DE0 5 urban central heat,urban central water tanks charger,,0.07425,
Link,DE0 5 urban central water tanks discharger-2035,DE0 5 urban central water tanks,urban central water tanks discharger,,0.07425,
Link,DE0 5 urban decentral DAC-2035,DE0 5,DAC,,0.00058,
Link,DE0 5 urban decentral air heat pump-2035,DE0 5 low voltage,urban decentral air heat pump,,0.00457,
Link,DE0 5 urban decentral biomass boiler-2035,DE0 5 solid biomass,urban decentral biomass boiler,,1795.6343,1795.6343
Link,DE0 5 urban decentral resistive heater-2035,DE0 5 low voltage,urban decentral resistive heater,,28.39701,28.39701
Link,DE0 5 urban decentral water tanks charger-2035,DE0 5 urban decentral heat,urban decentral water tanks charger,,0.37798,
Link,DE0 5 urban decentral water tanks discharger-2035,DE0 5 urban decentral water tanks,urban decentral water tanks discharger,,0.37798,
Link,DE0 5 waste CHP CC-2035,DE0 5 non-sequestered HVC,waste CHP CC,,0.03019,
Link,DE0 5 waste CHP-2035,DE0 5 non-sequestered HVC,waste CHP,,155.96814,155.96814
Link,DE0 6 BEV charger-2035,DE0 6 low voltage,BEV charger,,42772.35455,
Link,DE0 6 Fischer-Tropsch-2035,DE0 6 H2,Fischer-Tropsch,,1764.19809,1764.19809
Link,DE0 6 H2 CCGT-2035,DE0 6 H2,H2 CCGT,,0.0088,
Link,DE0 6 H2 Electrolysis-2035,DE0 6,H2 Electrolysis,,0.014,
Link,DE0 6 H2 Fuel Cell-2035,DE0 6 H2,H2 Fuel Cell,,0.00492,
Link,DE0 6 H2 OCGT-2035,DE0 6 H2,H2 OCGT,,0.01716,
Link,DE0 6 H2 turbine-2035,DE0 6 H2,H2 turbine,,0.01676,
Link,DE0 6 SMR CC-2035,DE gas,SMR CC,,0.00683,
Link,DE0 6 SMR-2035,DE gas,SMR,,0.00726,
Link,DE0 6 Sabatier-2035,DE0 6 H2,Sabatier,,0.00742,
Link,DE0 6 battery charger-2035,DE0 6,battery charger,,0.04581,
Link,DE0 6 battery discharger-2035,DE0 6 battery,battery discharger,,0.04676,
Link,DE0 6 biogas to gas CC-2035,DE0 6 biogas,biogas to gas CC,,0.00349,
Link,DE0 6 biogas to gas-2035,DE0 6 biogas,biogas to gas,,0.00353,
Link,DE0 6 electricity distribution grid-2035,DE0 6,electricity distribution grid,,7212.8419,7212.8419
Link,DE0 6 electricity distribution grid-reversed-2035,DE0 6 low voltage,electricity distribution grid,,7212.8419,7212.8419
Link,DE0 6 gas for industry CC-2035,DE gas,gas for industry CC,,0.01323,
Link,DE0 6 home battery charger-2035,DE0 6 low voltage,home battery charger,,0.03394,
Link,DE0 6 home battery discharger-2035,DE0 6 home battery,home battery discharger,,0.03464,
Link,DE0 6 methanolisation-2035,DE0 6 H2,methanolisation,,0.05769,
Link,DE0 6 process emissions CC-2035,DE0 6 process emissions,process emissions CC,,679.30313,679.30313
Link,DE0 6 rural air heat pump-2035,DE0 6 low voltage,rural air heat pump,,0.00337,
Link,DE0 6 rural biomass boiler-2035,DE0 6 solid biomass,rural biomass boiler,,0.00037,
Link,DE0 6 rural ground heat pump-2035,DE0 6 low voltage,rural ground heat pump,,326.91772,326.91772
Link,DE0 6 rural resistive heater-2035,DE0 6 low voltage,rural resistive heater,,512.00017,512.00017
Link,DE0 6 rural water tanks charger-2035,DE0 6 rural heat,rural water tanks charger,,0.37588,
Link,DE0 6 rural water tanks discharger-2035,DE0 6 rural water tanks,rural water tanks discharger,,0.37588,
Link,DE0 6 solid biomass biomass to liquid CC-2035,DE0 6 solid biomass,biomass to liquid CC,,0.00373,
Link,DE0 6 solid biomass biomass to liquid-2035,DE0 6 solid biomass,biomass to liquid,,0.00459,
Link,DE0 6 solid biomass for industry CC-2035,DE0 6 solid biomass,solid biomass for industry CC,,0.01398,
Link,DE0 6 urban central DAC-2035,DE0 6,DAC,,0.00061,
Link,DE0 6 urban central H2 CHP-2035,DE0 6 H2,urban central H2 CHP,,0.01253,
Link,DE0 6 urban central air heat pump-2035,DE0 6 low voltage,urban central air heat pump,,618.42881,618.42881
Link,DE0 6 urban central gas CHP CC-2035,DE gas,urban central gas CHP CC,,0.00625,
Link,DE0 6 urban central gas boiler-2035,DE gas,urban central gas boiler,,0.04494,
Link,DE0 6 urban central resistive heater-2035,DE0 6 low voltage,urban central resistive heater,,578.9256,578.9256
Link,DE0 6 urban central solid biomass CHP CC-2035,DE0 6 solid biomass,urban central solid biomass CHP CC,,0.00286,
Link,DE0 6 urban central solid biomass CHP-2035,DE0 6 solid biomass,urban central solid biomass CHP,,0.00685,
Link,DE0 6 urban central water pits charger-2035,DE0 6 urban central heat,urban central water pits charger,,4577.36696,4577.36696
Link,DE0 6 urban central water pits discharger-2035,DE0 6 urban central water pits,urban central water pits discharger,,4577.36696,4577.36696
Link,DE0 6 urban central water tanks charger-2035,DE0 6 urban central heat,urban central water tanks charger,,0.07467,
Link,DE0 6 urban central water tanks discharger-2035,DE0 6 urban central water tanks,urban central water tanks discharger,,0.07467,
Link,DE0 6 urban decentral DAC-2035,DE0 6,DAC,,0.00061,
Link,DE0 6 urban decentral air heat pump-2035,DE0 6 low voltage,urban decentral air heat pump,,1300.93595,1300.93595
Link,DE0 6 urban decentral biomass boiler-2035,DE0 6 solid biomass,urban decentral biomass boiler,,0.0221,
Link,DE0 6 urban decentral resistive heater-2035,DE0 6 low voltage,urban decentral resistive heater,,2546.5172,2546.5172
Link,DE0 6 urban decentral water tanks charger-2035,DE0 6 urban decentral heat,urban decentral water tanks charger,,0.37844,
Link,DE0 6 urban decentral water tanks discharger-2035,DE0 6 urban decentral water tanks,urban decentral water tanks discharger,,0.37844,
Link,DE0 6 waste CHP CC-2035,DE0 6 non-sequestered HVC,waste CHP CC,,0.01956,
Link,DE0 6 waste CHP-2035,DE0 6 non-sequestered HVC,waste CHP,,486.84531,486.84531
Link,DE0 7 BEV charger-2035,DE0 7 low voltage,BEV charger,,28545.22384,
Link,DE0 7 Fischer-Tropsch-2035,DE0 7 H2,Fischer-Tropsch,,0.10974,
Link,DE0 7 H2 CCGT-2035,DE0 7 H2,H2 CCGT,,0.00854,
Link,DE0 7 H2 Electrolysis-2035,DE0 7,H2 Electrolysis,,0.01612,
Link,DE0 7 H2 Fuel Cell-2035,DE0 7 H2,H2 Fuel Cell,,0.00495,
Link,DE0 7 H2 OCGT-2035,DE0 7 H2,H2 OCGT,,0.01697,
Link,DE0 7 H2 turbine-2035,DE0 7 H2,H2 turbine,,0.01667,
Link,DE0 7 SMR CC-2035,DE gas,SMR CC,,0.00685,
Link,DE0 7 SMR-2035,DE gas,SMR,,0.00726,
Link,DE0 7 Sabatier-2035,DE0 7 H2,Sabatier,,0.00735,
Link,DE0 7 battery charger-2035,DE0 7,battery charger,,0.04608,
Link,DE0 7 battery discharger-2035,DE0 7 battery,battery discharger,,0.04703,
Link,DE0 7 biogas to gas CC-2035,DE0 7 biogas,biogas to gas CC,,0.00361,
Link,DE0 7 biogas to gas-2035,DE0 7 biogas,biogas to gas,,0.00362,
Link,DE0 7 electricity distribution grid-2035,DE0 7,electricity distribution grid,,3267.47152,3267.47152
Link,DE0 7 electricity distribution grid-reversed-2035,DE0 7 low voltage,electricity distribution grid,,3267.47152,3267.47152
Link,DE0 7 gas for industry CC-2035,DE gas,gas for industry CC,,0.01308,
Link,DE0 7 home battery charger-2035,DE0 7 low voltage,home battery charger,,0.03414,
Link,DE0 7 home battery discharger-2035,DE0 7 home battery,home battery discharger,,0.03485,
Link,DE0 7 methanolisation-2035,DE0 7 H2,methanolisation,,0.04724,
Link,DE0 7 process emissions CC-2035,DE0 7 process emissions,process emissions CC,,332.32084,332.32084
Link,DE0 7 rural air heat pump-2035,DE0 7 low voltage,rural air heat pump,,0.00338,
Link,DE0 7 rural biomass boiler-2035,DE0 7 solid biomass,rural biomass boiler,,0.00099,
Link,DE0 7 rural ground heat pump-2035,DE0 7 low voltage,rural ground heat pump,,851.21073,851.21073
Link,DE0 7 rural resistive heater-2035,DE0 7 low voltage,rural resistive heater,,1216.80892,1216.80892
Link,DE0 7 rural water tanks charger-2035,DE0 7 rural heat,rural water tanks charger,,0.37556,
Link,DE0 7 rural water tanks discharger-2035,DE0 7 rural water tanks,rural water tanks discharger,,0.37556,
Link,DE0 7 solid biomass biomass to liquid CC-2035,DE0 7 solid biomass,biomass to liquid CC,,0.00469,
Link,DE0 7 solid biomass biomass to liquid-2035,DE0 7 solid biomass,biomass to liquid,,0.00525,
Link,DE0 7 solid biomass for industry CC-2035,DE0 7 solid biomass,solid biomass for industry CC,,0.01879,
Link,DE0 7 urban central DAC-2035,DE0 7,DAC,,0.00063,
Link,DE0 7 urban central H2 CHP-2035,DE0 7 H2,urban central H2 CHP,,0.01338,
Link,DE0 7 urban central air heat pump-2035,DE0 7 low voltage,urban central air heat pump,,188.42743,188.42743
Link,DE0 7 urban central gas CHP CC-2035,DE gas,urban central gas CHP CC,,0.00623,
Link,DE0 7 urban central gas boiler-2035,DE gas,urban central gas boiler,,0.04467,
Link,DE0 7 urban central resistive heater-2035,DE0 7 low voltage,urban central resistive heater,,1156.45116,1156.45116
Link,DE0 7 urban central solid biomass CHP CC-2035,DE0 7 solid biomass,urban central solid biomass CHP CC,,0.00311,
Link,DE0 7 urban central solid biomass CHP-2035,DE0 7 solid biomass,urban central solid biomass CHP,,0.00954,
Link,DE0 7 urban central water pits charger-2035,DE0 7 urban central heat,urban central water pits charger,,2311.03159,2311.03159
Link,DE0 7 urban central water pits discharger-2035,DE0 7 urban central water pits,urban central water pits discharger,,2311.03159,2311.03159
Link,DE0 7 urban central water tanks charger-2035,DE0 7 urban central heat,urban central water tanks charger,,0.07292,
Link,DE0 7 urban central water tanks discharger-2035,DE0 7 urban central water tanks,urban central water tanks discharger,,0.07292,
Link,DE0 7 urban decentral DAC-2035,DE0 7,DAC,,0.00062,
Link,DE0 7 urban decentral air heat pump-2035,DE0 7 low voltage,urban decentral air heat pump,,0.0043,
Link,DE0 7 urban decentral biomass boiler-2035,DE0 7 solid biomass,urban decentral biomass boiler,,2301.45613,2301.45613
Link,DE0 7 urban decentral resistive heater-2035,DE0 7 low voltage,urban decentral resistive heater,,57.06393,57.06393
Link,DE0 7 urban decentral water tanks charger-2035,DE0 7 urban decentral heat,urban decentral water tanks charger,,0.37848,
Link,DE0 7 urban decentral water tanks discharger-2035,DE0 7 urban decentral water tanks,urban decentral water tanks discharger,,0.37848,
Link,DE0 7 waste CHP CC-2035,DE0 7 non-sequestered HVC,waste CHP CC,,0.03586,
Link,DE0 7 waste CHP-2035,DE0 7 non-sequestered HVC,waste CHP,,222.19423,222.19423
Link,H2 pipeline AT0 0 -> DE0 0-2035,AT0 0 H2,H2 pipeline,,0.137,
Link,H2 pipeline AT0 0 -> DE0 0-reversed-2035,DE0 0 H2,H2 pipeline,,0.137,
Link,H2 pipeline AT0 0 -> DE0 7-2035,AT0 0 H2,H2 pipeline,,1707.39052,1707.39052
Link,H2 pipeline AT0 0 -> DE0 7-reversed-2035,DE0 7 H2,H2 pipeline,,1707.39052,1707.39052
Link,H2 pipeline BE0 0 -> DE0 4-2035,BE0 0 H2,H2 pipeline,,0.22898,
Link,H2 pipeline BE0 0 -> DE0 4-reversed-2035,DE0 4 H2,H2 pipeline,,0.22898,
Link,H2 pipeline BE0 0 <-> DE0 4-kernnetz-2035,BE0 0 H2,H2 pipeline (Kernnetz),,7466.66667,7466.66667
Link,H2 pipeline BE0 0 <-> DE0 4-kernnetz-2035-reversed,DE0 4 H2,H2 pipeline (Kernnetz),,7466.66667,7466.66667
Link,H2 pipeline CH0 0 -> DE0 0-2035,CH0 0 H2,H2 pipeline,,2913.58423,2913.58423
Link,H2 pipeline CH0 0 -> DE0 0-reversed-2035,DE0 0 H2,H2 pipeline,,2913.58423,2913.58423
Link,H2 pipeline CZ0 0 -> DE0 3-2035,CZ0 0 H2,H2 pipeline,,0.12047,
Link,H2 pipeline CZ0 0 -> DE0 3-reversed-2035,DE0 3 H2,H2 pipeline,,0.12047,
Link,H2 pipeline CZ0 0 -> DE0 7-2035,CZ0 0 H2,H2 pipeline,,0.12829,
Link,H2 pipeline CZ0 0 -> DE0 7-reversed-2035,DE0 7 H2,H2 pipeline,,0.12829,
Link,H2 pipeline CZ0 0 <-> DE0 3-kernnetz-2035,CZ0 0 H2,H2 pipeline (Kernnetz),,18533.33333,18533.33333
Link,H2 pipeline CZ0 0 <-> DE0 3-kernnetz-2035-reversed,DE0 3 H2,H2 pipeline (Kernnetz),,18533.33333,18533.33333
Link,H2 pipeline CZ0 0 <-> DE0 7-kernnetz-2035,CZ0 0 H2,H2 pipeline (Kernnetz),,10233.33333,10233.33333
Link,H2 pipeline CZ0 0 <-> DE0 7-kernnetz-2035-reversed,DE0 7 H2,H2 pipeline (Kernnetz),,10233.33333,10233.33333
Link,H2 pipeline DE0 0 -> DE0 1-2035,DE0 0 H2,H2 pipeline,,0.0719,
Link,H2 pipeline DE0 0 -> DE0 1-reversed-2035,DE0 1 H2,H2 pipeline,,0.0719,
Link,H2 pipeline DE0 0 -> DE0 5-2035,DE0 0 H2,H2 pipeline,,0.16473,
Link,H2 pipeline DE0 0 -> DE0 5-reversed-2035,DE0 5 H2,H2 pipeline,,0.16473,
Link,H2 pipeline DE0 0 -> DE0 6-2035,DE0 0 H2,H2 pipeline,,0.37203,
Link,H2 pipeline DE0 0 -> DE0 6-reversed-2035,DE0 6 H2,H2 pipeline,,0.37203,
Link,H2 pipeline DE0 0 -> DE0 7-2035,DE0 0 H2,H2 pipeline,,0.23614,
Link,H2 pipeline DE0 0 -> DE0 7-reversed-2035,DE0 7 H2,H2 pipeline,,0.23614,
Link,H2 pipeline DE0 0 <-> DE0 7-kernnetz-2035,DE0 0 H2,H2 pipeline (Kernnetz),,1080.0,1080.0
Link,H2 pipeline DE0 0 <-> DE0 7-kernnetz-2035-reversed,DE0 7 H2,H2 pipeline (Kernnetz),,1080.0,1080.0
Link,H2 pipeline DE0 1 -> DE0 2-2035,DE0 1 H2,H2 pipeline,,0.22138,
Link,H2 pipeline DE0 1 -> DE0 2-reversed-2035,DE0 2 H2,H2 pipeline,,0.22138,
Link,H2 pipeline DE0 1 -> DE0 3-2035,DE0 1 H2,H2 pipeline,,0.14747,
Link,H2 pipeline DE0 1 -> DE0 3-reversed-2035,DE0 3 H2,H2 pipeline,,0.14747,
Link,H2 pipeline DE0 1 -> DE0 4-2035,DE0 1 H2,H2 pipeline,,0.10898,
Link,H2 pipeline DE0 1 -> DE0 4-reversed-2035,DE0 4 H2,H2 pipeline,,0.10898,
Link,H2 pipeline DE0 1 -> DE0 5-2035,DE0 1 H2,H2 pipeline,,0.10748,
Link,H2 pipeline DE0 1 -> DE0 5-reversed-2035,DE0 5 H2,H2 pipeline,,0.10748,
Link,H2 pipeline DE0 1 -> DE0 6-2035,DE0 1 H2,H2 pipeline,,0.08333,
Link,H2 pipeline DE0 1 -> DE0 6-reversed-2035,DE0 6 H2,H2 pipeline,,0.08333,
Link,H2 pipeline DE0 1 -> DE0 7-2035,DE0 1 H2,H2 pipeline,,0.06705,
Link,H2 pipeline DE0 1 -> DE0 7-reversed-2035,DE0 7 H2,H2 pipeline,,0.06705,
Link,H2 pipeline DE0 1 -> DK0 0-2035,DE0 1 H2,H2 pipeline,,0.12216,
Link,H2 pipeline DE0 1 -> DK0 0-reversed-2035,DK0 0 H2,H2 pipeline,,0.12216,
Link,H2 pipeline DE0 1 -> DK1 0-2035,DE0 1 H2,H2 pipeline,,0.2246,
Link,H2 pipeline DE0 1 -> DK1 0-reversed-2035,DK1 0 H2,H2 pipeline,,0.2246,
Link,H2 pipeline DE0 1 -> NO1 0-2035,DE0 1 H2,H2 pipeline,,0.06954,
Link,H2 pipeline DE0 1 -> NO1 0-reversed-2035,NO1 0 H2,H2 pipeline,,0.06954,
Link,H2 pipeline DE0 1 -> SE1 0-2035,DE0 1 H2,H2 pipeline,,0.07603,
Link,H2 pipeline DE0 1 -> SE1 0-reversed-2035,SE1 0 H2,H2 pipeline,,0.07603,
Link,H2 pipeline DE0 1 <-> DE0 2-kernnetz-2035,DE0 1 H2,H2 pipeline (Kernnetz),,4905.0,4905.0
Link,H2 pipeline DE0 1 <-> DE0 2-kernnetz-2035-reversed,DE0 2 H2,H2 pipeline (Kernnetz),,4905.0,4905.0
Link,H2 pipeline DE0 1 <-> DE0 3-kernnetz-2035,DE0 1 H2,H2 pipeline (Kernnetz),,7466.66667,7466.66667
Link,H2 pipeline DE0 1 <-> DE0 3-kernnetz-2035-reversed,DE0 3 H2,H2 pipeline (Kernnetz),,7466.66667,7466.66667
Link,H2 pipeline DE0 1 <-> DE0 5-kernnetz-2035,DE0 1 H2,H2 pipeline (Kernnetz),,3387.5,3387.5
Link,H2 pipeline DE0 1 <-> DE0 5-kernnetz-2035-reversed,DE0 5 H2,H2 pipeline (Kernnetz),,3387.5,3387.5
Link,H2 pipeline DE0 1 <-> DK0 0-kernnetz-2035,DE0 1 H2,H2 pipeline (Kernnetz),,4700.0,4700.0
Link,H2 pipeline DE0 1 <-> DK0 0-kernnetz-2035-reversed,DK0 0 H2,H2 pipeline (Kernnetz),,4700.0,4700.0
Link,H2 pipeline DE0 2 -> DE0 3-2035,DE0 2 H2,H2 pipeline,,0.10329,
Link,H2 pipeline DE0 2 -> DE0 3-reversed-2035,DE0 3 H2,H2 pipeline,,0.10329,
Link,H2 pipeline DE0 2 -> DE0 4-2035,DE0 2 H2,H2 pipeline,,0.22072,
Link,H2 pipeline DE0 2 -> DE0 4-reversed-2035,DE0 4 H2,H2 pipeline,,0.22072,
Link,H2 pipeline DE0 2 -> DE0 5-2035,DE0 2 H2,H2 pipeline,,0.12536,
Link,H2 pipeline DE0 2 -> DE0 5-reversed-2035,DE0 5 H2,H2 pipeline,,0.12536,
Link,H2 pipeline DE0 2 -> DE0 6-2035,DE0 2 H2,H2 pipeline,,0.11565,
Link,H2 pipeline DE0 2 -> DE0 6-reversed-2035,DE0 6 H2,H2 pipeline,,0.11565,
Link,H2 pipeline DE0 2 -> GB2 0-2035,DE0 2 H2,H2 pipeline,,0.15275,
Link,H2 pipeline DE0 2 -> GB2 0-reversed-2035,GB2 0 H2,H2 pipeline,,0.15275,
Link,H2 pipeline DE0 2 -> NL0 0-2035,DE0 2 H2,H2 pipeline,,0.17358,
Link,H2 pipeline DE0 2 -> NL0 0-reversed-2035,NL0 0 H2,H2 pipeline,,0.17358,
Link,H2 pipeline DE0 2 <-> DE0 4-kernnetz-2035,DE0 2 H2,H2 pipeline (Kernnetz),,15075.0,15075.0
Link,H2 pipeline DE0 2 <-> DE0 4-kernnetz-2035-reversed,DE0 4 H2,H2 pipeline (Kernnetz),,15075.0,15075.0
Link,H2 pipeline DE0 2 <-> NL0 0-kernnetz-2035,DE0 2 H2,H2 pipeline (Kernnetz),,37723.33333,37723.33333
Link,H2 pipeline DE0 2 <-> NL0 0-kernnetz-2035-reversed,NL0 0 H2,H2 pipeline (Kernnetz),,37723.33333,37723.33333
Link,H2 pipeline DE0 3 -> DE0 5-2035,DE0 3 H2,H2 pipeline,,0.12736,
Link,H2 pipeline DE0 3 -> DE0 5-reversed-2035,DE0 5 H2,H2 pipeline,,0.12736,
Link,H2 pipeline DE0 3 -> PL0 0-2035,DE0 3 H2,H2 pipeline,,0.1032,
Link,H2 pipeline DE0 3 -> PL0 0-reversed-2035,PL0 0 H2,H2 pipeline,,0.1032,
Link,H2 pipeline DE0 3 <-> DE0 5-kernnetz-2035,DE0 3 H2,H2 pipeline (Kernnetz),,21060.0,21060.0
Link,H2 pipeline DE0 3 <-> DE0 5-kernnetz-2035-reversed,DE0 5 H2,H2 pipeline (Kernnetz),,21060.0,21060.0
Link,H2 pipeline DE0 3 <-> PL0 0-kernnetz-2035,DE0 3 H2,H2 pipeline (Kernnetz),,3825.0,3825.0
Link,H2 pipeline DE0 3 <-> PL0 0-kernnetz-2035-reversed,PL0 0 H2,H2 pipeline (Kernnetz),,3825.0,3825.0
Link,H2 pipeline DE0 4 -> DE0 6-2035,DE0 4 H2,H2 pipeline,,0.17546,
Link,H2 pipeline DE0 4 -> DE0 6-reversed-2035,DE0 6 H2,H2 pipeline,,0.17546,
Link,H2 pipeline DE0 4 -> FR0 0-2035,DE0 4 H2,H2 pipeline,,0.0726,
Link,H2 pipeline DE0 4 -> FR0 0-reversed-2035,FR0 0 H2,H2 pipeline,,0.0726,
Link,H2 pipeline DE0 4 -> LU0 0-2035,DE0 4 H2,H2 pipeline,,0.19301,
Link,H2 pipeline DE0 4 -> LU0 0-reversed-2035,LU0 0 H2,H2 pipeline,,0.19301,
Link,H2 pipeline DE0 4 -> NL0 0-2035,DE0 4 H2,H2 pipeline,,0.28097,
Link,H2 pipeline DE0 4 -> NL0 0-reversed-2035,NL0 0 H2,H2 pipeline,,0.28097,
Link,H2 pipeline DE0 4 <-> DE0 6-kernnetz-2035,DE0 4 H2,H2 pipeline (Kernnetz),,9400.0,9400.0
Link,H2 pipeline DE0 4 <-> DE0 6-kernnetz-2035-reversed,DE0 6 H2,H2 pipeline (Kernnetz),,9400.0,9400.0
Link,H2 pipeline DE0 4 <-> LU0 0-kernnetz-2035,DE0 4 H2,H2 pipeline (Kernnetz),,600.0,600.0
Link,H2 pipeline DE0 4 <-> LU0 0-kernnetz-2035-reversed,LU0 0 H2,H2 pipeline (Kernnetz),,600.0,600.0
Link,H2 pipeline DE0 5 -> DE0 6-2035,DE0 5 H2,H2 pipeline,,0.15902,
Link,H2 pipeline DE0 5 -> DE0 6-reversed-2035,DE0 6 H2,H2 pipeline,,0.15902,
Link,H2 pipeline DE0 5 -> DE0 7-2035,DE0 5 H2,H2 pipeline,,0.14791,
Link,H2 pipeline DE0 5 -> DE0 7-reversed-2035,DE0 7 H2,H2 pipeline,,0.14791,
Link,H2 pipeline DE0 5 <-> DE0 6-kernnetz-2035,DE0 5 H2,H2 pipeline (Kernnetz),,14058.33333,14058.33333
Link,H2 pipeline DE0 5 <-> DE0 6-kernnetz-2035-reversed,DE0 6 H2,H2 pipeline (Kernnetz),,14058.33333,14058.33333
Link,H2 pipeline DE0 5 <-> DE0 7-kernnetz-2035,DE0 5 H2,H2 pipeline (Kernnetz),,20650.0,20650.0
Link,H2 pipeline DE0 5 <-> DE0 7-kernnetz-2035-reversed,DE0 7 H2,H2 pipeline (Kernnetz),,20650.0,20650.0
Link,H2 pipeline DE0 6 -> FR0 0-2035,DE0 6 H2,H2 pipeline,,0.08868,
Link,H2 pipeline DE0 6 -> FR0 0-reversed-2035,FR0 0 H2,H2 pipeline,,0.08868,
Link,H2 pipeline DE0 6 <-> FR0 0-kernnetz-2035,DE0 6 H2,H2 pipeline (Kernnetz),,8095.0,8095.0
Link,H2 pipeline DE0 6 <-> FR0 0-kernnetz-2035-reversed,FR0 0 H2,H2 pipeline (Kernnetz),,8095.0,8095.0
Link,H2 pipeline retrofitted DE0 0 -> CH0 0-2035,DE0 0 H2,H2 pipeline retrofitted,,899.99656,899.99656
Link,H2 pipeline retrofitted DE0 2 -> DE0 5-2035,DE0 2 H2,H2 pipeline retrofitted,,0.14525,
Link,H2 pipeline retrofitted DE0 4 <-> NL0 0-2035,DE0 4 H2,H2 pipeline retrofitted,,0.35458,
Link,H2 pipeline retrofitted DE0 6 -> DE0 0-2035,DE0 6 H2,H2 pipeline retrofitted,,2577.07454,2577.07454
Link,H2 pipeline retrofitted FR0 0 -> DE0 0-2035,FR0 0 H2,H2 pipeline retrofitted,,0.14615,
Link,H2 pipeline retrofitted NL0 0 -> DE0 4-2035,NL0 0 H2,H2 pipeline retrofitted,,0.3634,
Link,TYNDP2020_38-reversed,DE0 1,DC,,785.24843,785.24844
Link,TYNDP2024_1229,DE0 2,DC,,0.02503,0.02764
Link,TYNDP2024_1229-reversed,DE0 6,DC,,0.02503,0.02764
Store,DE0 0 EV battery,DE0 0 EV battery,EV battery,,70482.00073,109079.23779
Store,DE0 0 H2 Store-2035,DE0 0 H2,H2 Store,,0.19949,
Store,DE0 0 battery-2035,DE0 0 battery,battery,,0.07281,
Store,DE0 0 home battery-2035,DE0 0 home battery,home battery,,0.05198,
Store,DE0 0 rural water tanks-2035,DE0 0 rural water tanks,rural water tanks,,0.05628,
Store,DE0 0 urban central water pits-2035,DE0 0 urban central water pits,urban central water pits,,161465.14228,161465.14228
Store,DE0 0 urban central water tanks-2035,DE0 0 urban central water tanks,urban central water tanks,,4.35878,
Store,DE0 0 urban decentral water tanks-2035,DE0 0 urban decentral water tanks,urban decentral water tanks,,0.05667,
Store,DE0 1 EV battery,DE0 1 EV battery,EV battery,,73574.11832,113864.65572
Store,DE0 1 H2 Store-2035,DE0 1 H2,H2 Store,,330952.6987,330952.6987
Store,DE0 1 battery-2035,DE0 1 battery,battery,,0.07234,
Store,DE0 1 co2 sequestered-2035,DE0 1 co2 sequestered,co2 sequestered,,16039.46603,16039.46603
Store,DE0 1 home battery-2035,DE0 1 home battery,home battery,,0.05176,
Store,DE0 1 rural water tanks-2035,DE0 1 rural water tanks,rural water tanks,,0.05628,
Store,DE0 1 urban central water pits-2035,DE0 1 urban central water pits,urban central water pits,,503230.28546,503230.28546
Store,DE0 1 urban central water tanks-2035,DE0 1 urban central water tanks,urban central water tanks,,4.51856,
Store,DE0 1 urban decentral water tanks-2035,DE0 1 urban decentral water tanks,urban decentral water tanks,,0.05655,
Store,DE0 2 EV battery,DE0 2 EV battery,EV battery,,70867.10424,109675.23104
Store,DE0 2 H2 Store-2035,DE0 2 H2,H2 Store,,217455.68557,217455.68557
Store,DE0 2 battery-2035,DE0 2 battery,battery,,0.07229,
Store,DE0 2 co2 sequestered-2035,DE0 2 co2 sequestered,co2 sequestered,,19983957.57929,19983957.57929
Store,DE0 2 home battery-2035,DE0 2 home battery,home battery,,0.05178,
Store,DE0 2 rural water tanks-2035,DE0 2 rural water tanks,rural water tanks,,0.05636,
Store,DE0 2 urban central water pits-2035,DE0 2 urban central water pits,urban central water pits,,157.71255,157.71255
Store,DE0 2 urban central water tanks-2035,DE0 2 urban central water tanks,urban central water tanks,,4.38357,
Store,DE0 2 urban decentral water tanks-2035,DE0 2 urban decentral water tanks,urban decentral water tanks,,0.05651,
Store,DE0 3 EV battery,DE0 3 EV battery,EV battery,,87213.14406,134972.66224
Store,DE0 3 H2 Store-2035,DE0 3 H2,H2 Store,,707142.64408,707142.64408
Store,DE0 3 battery-2035,DE0 3 battery,battery,,0.07258,
Store,DE0 3 home battery-2035,DE0 3 home battery,home battery,,0.05154,
Store,DE0 3 rural water tanks-2035,DE0 3 rural water tanks,rural water tanks,,0.05627,
Store,DE0 3 urban central water pits-2035,DE0 3 urban central water pits,urban central water pits,,202747.30835,202747.30835
Store,DE0 3 urban central water tanks-2035,DE0 3 urban central water tanks,urban central water tanks,,4.49561,
Store,DE0 3 urban decentral water tanks-2035,DE0 3 urban decentral water tanks,urban decentral water tanks,,0.05646,
Store,DE0 4 EV battery,DE0 4 EV battery,EV battery,,132695.77187,205362.41173
Store,DE0 4 H2 Store-2035,DE0 4 H2,H2 Store,,4912452.49095,4912452.49095
Store,DE0 4 battery-2035,DE0 4 battery,battery,,0.07232,
Store,DE0 4 home battery-2035,DE0 4 home battery,home battery,,0.05179,
Store,DE0 4 rural water tanks-2035,DE0 4 rural water tanks,rural water tanks,,0.05643,
Store,DE0 4 urban central water pits-2035,DE0 4 urban central water pits,urban central water pits,,479891.66843,479891.66843
Store,DE0 4 urban central water tanks-2035,DE0 4 urban central water tanks,urban central water tanks,,4.49007,
Store,DE0 4 urban decentral water tanks-2035,DE0 4 urban decentral water tanks,urban decentral water tanks,,0.05672,
Store,DE0 5 EV battery,DE0 5 EV battery,EV battery,,53040.90536,82087.07852
Store,DE0 5 H2 Store-2035,DE0 5 H2,H2 Store,,1929394.51192,1929394.51192
Store,DE0 5 battery-2035,DE0 5 battery,battery,,0.0723,
Store,DE0 5 home battery-2035,DE0 5 home battery,home battery,,0.05169,
Store,DE0 5 rural water tanks-2035,DE0 5 rural water tanks,rural water tanks,,0.05628,
Store,DE0 5 urban central water pits-2035,DE0 5 urban central water pits,urban central water pits,,358075.33419,358075.33419
Store,DE0 5 urban central water tanks-2035,DE0 5 urban central water tanks,urban central water tanks,,4.48044,
Store,DE0 5 urban decentral water tanks-2035,DE0 5 urban decentral water tanks,urban decentral water tanks,,0.0567,
Store,DE0 6 EV battery,DE0 6 EV battery,EV battery,,97209.8967,150443.82009
Store,DE0 6 H2 Store-2035,DE0 6 H2,H2 Store,,0.19949,
Store,DE0 6 battery-2035,DE0 6 battery,battery,,0.0726,
Store,DE0 6 home battery-2035,DE0 6 home battery,home battery,,0.05189,
Store,DE0 6 rural water tanks-2035,DE0 6 rural water tanks,rural water tanks,,0.05638,
Store,DE0 6 urban central water pits-2035,DE0 6 urban central water pits,urban central water pits,,686605.04365,686605.04365
Store,DE0 6 urban central water tanks-2035,DE0 6 urban central water tanks,urban central water tanks,,4.50565,
Store,DE0 6 urban decentral water tanks-2035,DE0 6 urban decentral water tanks,urban decentral water tanks,,0.05677,
Store,DE0 7 EV battery,DE0 7 EV battery,EV battery,,64875.50873,100402.52787
Store,DE0 7 H2 Store-2035,DE0 7 H2,H2 Store,,0.19949,
Store,DE0 7 battery-2035,DE0 7 battery,battery,,0.07251,
Store,DE0 7 home battery-2035,DE0 7 home battery,home battery,,0.05182,
Store,DE0 7 rural water tanks-2035,DE0 7 rural water tanks,rural water tanks,,0.05633,
Store,DE0 7 urban central water pits-2035,DE0 7 urban central water pits,urban central water pits,,346654.73824,346654.73824
Store,DE0 7 urban central water tanks-2035,DE0 7 urban central water tanks,urban central water tanks,,4.40025,
Store,DE0 7 urban decentral water tanks-2035,DE0 7 urban decentral water tanks,urban decentral water tanks,,0.05677,
Generator,DE0 0 0 onwind-2045,DE0 0,onwind,,,0.05112
Generator,DE0 0 0 solar rooftop-2045,DE0 0 low voltage,solar rooftop,,,0.00194
Generator,DE0 0 0 solar-2045,DE0 0,solar,,,0.74221
Generator,DE0 0 0 solar-hsat-2045,DE0 0,solar-hsat,,,3771.01581
Generator,DE0 1 0 offwind-ac-2045,DE0 1,offwind-ac,,,0.0379
Generator,DE0 1 0 offwind-dc-2045,DE0 1,offwind-dc,,,217.83164
Generator,DE0 1 0 onwind-2045,DE0 1,onwind,,,4042.19854
Generator,DE0 1 0 solar rooftop-2045,DE0 1 low voltage,solar rooftop,,,0.03249
Generator,DE0 1 0 solar-2045,DE0 1,solar,,,0.06081
Generator,DE0 1 0 solar-hsat-2045,DE0 1,solar-hsat,,,0.05386
Generator,DE0 2 0 offwind-ac-2045,DE0 2,offwind-ac,,,635.50392
Generator,DE0 2 0 offwind-dc-2045,DE0 2,offwind-dc,,,21892.60706
Generator,DE0 2 0 onwind-2045,DE0 2,onwind,,,3092.01396
Generator,DE0 2 0 solar rooftop-2045,DE0 2 low voltage,solar rooftop,,,0.01333
Generator,DE0 2 0 solar-2045,DE0 2,solar,,,0.06272
Generator,DE0 2 0 solar-hsat-2045,DE0 2,solar-hsat,,,0.05615
Generator,DE0 3 0 offwind-ac-2045,DE0 3,offwind-ac,,,1328.78096
Generator,DE0 3 0 offwind-dc-2045,DE0 3,offwind-dc,,,759.0384
Generator,DE0 3 0 onwind-2045,DE0 3,onwind,,,3385.31664
Generator,DE0 3 0 solar rooftop-2045,DE0 3 low voltage,solar rooftop,,,0.01058
Generator,DE0 3 0 solar-2045,DE0 3,solar,,,0.09883
Generator,DE0 3 0 solar-hsat-2045,DE0 3,solar-hsat,,,0.08815
Generator,DE0 4 0 onwind-2045,DE0 4,onwind,,,1942.78154
Generator,DE0 4 0 solar rooftop-2045,DE0 4 low voltage,solar rooftop,,,0.0147
Generator,DE0 4 0 solar-2045,DE0 4,solar,,,0.11515
Generator,DE0 4 0 solar-hsat-2045,DE0 4,solar-hsat,,,0.11989
Generator,DE0 5 0 onwind-2045,DE0 5,onwind,,,16007.13365
Generator,DE0 5 0 solar rooftop-2045,DE0 5 low voltage,solar rooftop,,,0.00335
Generator,DE0 5 0 solar-2045,DE0 5,solar,,,0.13132
Generator,DE0 5 0 solar-hsat-2045,DE0 5,solar-hsat,,,0.13172
Generator,DE0 6 0 onwind-2045,DE0 6,onwind,,,15982.92148
Generator,DE0 6 0 solar rooftop-2045,DE0 6 low voltage,solar rooftop,,,0.00347
Generator,DE0 6 0 solar-2045,DE0 6,solar,,,0.16175
Generator,DE0 6 0 solar-hsat-2045,DE0 6,solar-hsat,,,0.21332
Generator,DE0 7 0 onwind-2045,DE0 7,onwind,,,0.02009
Generator,DE0 7 0 solar rooftop-2045,DE0 7 low voltage,solar rooftop,,,0.00231
Generator,DE0 7 0 solar-2045,DE0 7,solar,,,0.25023
Generator,DE0 7 0 solar-hsat-2045,DE0 7,solar-hsat,,,0.27613
Link,CO2 pipeline AT0 0 -> DE0 0-2045,AT0 0 co2 stored,CO2 pipeline,,,0.0119
Link,CO2 pipeline AT0 0 -> DE0 7-2045,AT0 0 co2 stored,CO2 pipeline,,,445.06773
Link,CO2 pipeline BE0 0 -> DE0 4-2045,BE0 0 co2 stored,CO2 pipeline,,,672.82043
Link,CO2 pipeline CH0 0 -> DE0 0-2045,CH0 0 co2 stored,CO2 pipeline,,,120.48576
Link,CO2 pipeline CZ0 0 -> DE0 3-2045,CZ0 0 co2 stored,CO2 pipeline,,,0.2794
Link,CO2 pipeline CZ0 0 -> DE0 7-2045,CZ0 0 co2 stored,CO2 pipeline,,,0.01583
Link,CO2 pipeline DE0 0 -> DE0 1-2045,DE0 0 co2 stored,CO2 pipeline,,,0.01609
Link,CO2 pipeline DE0 0 -> DE0 5-2045,DE0 0 co2 stored,CO2 pipeline,,,0.02386
Link,CO2 pipeline DE0 0 -> DE0 6-2045,DE0 0 co2 stored,CO2 pipeline,,,0.09327
Link,CO2 pipeline DE0 0 -> DE0 7-2045,DE0 0 co2 stored,CO2 pipeline,,,0.02605
Link,CO2 pipeline DE0 1 -> DE0 2-2045,DE0 1 co2 stored,CO2 pipeline,,,0.01962
Link,CO2 pipeline DE0 1 -> DE0 3-2045,DE0 1 co2 stored,CO2 pipeline,,,2358.56842
Link,CO2 pipeline DE0 1 -> DE0 4-2045,DE0 1 co2 stored,CO2 pipeline,,,0.01131
Link,CO2 pipeline DE0 1 -> DE0 5-2045,DE0 1 co2 stored,CO2 pipeline,,,0.03716
Link,CO2 pipeline DE0 1 -> DE0 6-2045,DE0 1 co2 stored,CO2 pipeline,,,0.01555
Link,CO2 pipeline DE0 1 -> DE0 7-2045,DE0 1 co2 stored,CO2 pipeline,,,0.01772
Link,CO2 pipeline DE0 1 -> DK0 0-2045,DE0 1 co2 stored,CO2 pipeline,,,149.20837
Link,CO2 pipeline DE0 1 -> DK1 0-2045,DE0 1 co2 stored,CO2 pipeline,,,0.02923
Link,CO2 pipeline DE0 1 -> NO1 0-2045,DE0 1 co2 stored,CO2 pipeline,,,0.00183
Link,CO2 pipeline DE0 1 -> SE1 0-2045,DE0 1 co2 stored,CO2 pipeline,,,0.00204
Link,CO2 pipeline DE0 2 -> DE0 3-2045,DE0 2 co2 stored,CO2 pipeline,,,0.01851
Link,CO2 pipeline DE0 2 -> DE0 4-2045,DE0 2 co2 stored,CO2 pipeline,,,1518.07245
Link,CO2 pipeline DE0 2 -> DE0 5-2045,DE0 2 co2 stored,CO2 pipeline,,,443.01096
Link,CO2 pipeline DE0 2 -> DE0 6-2045,DE0 2 co2 stored,CO2 pipeline,,,905.25416
Link,CO2 pipeline DE0 2 -> GB2 0-2045,DE0 2 co2 stored,CO2 pipeline,,,0.00289
Link,CO2 pipeline DE0 2 -> NL0 0-2045,DE0 2 co2 stored,CO2 pipeline,,,503.19493
Link,CO2 pipeline DE0 3 -> DE0 5-2045,DE0 3 co2 stored,CO2 pipeline,,,0.01779
Link,CO2 pipeline DE0 3 -> PL0 0-2045,DE0 3 co2 stored,CO2 pipeline,,,1831.789
Link,CO2 pipeline DE0 4 -> DE0 6-2045,DE0 4 co2 stored,CO2 pipeline,,,1.89727
Link,CO2 pipeline DE0 4 -> FR0 0-2045,DE0 4 co2 stored,CO2 pipeline,,,0.01351
Link,CO2 pipeline DE0 4 -> LU0 0-2045,DE0 4 co2 stored,CO2 pipeline,,,50.22058
Link,CO2 pipeline DE0 4 -> NL0 0-2045,DE0 4 co2 stored,CO2 pipeline,,,0.02057
Link,CO2 pipeline DE0 5 -> DE0 6-2045,DE0 5 co2 stored,CO2 pipeline,,,0.01544
Link,CO2 pipeline DE0 5 -> DE0 7-2045,DE0 5 co2 stored,CO2 pipeline,,,0.03226
Link,CO2 pipeline DE0 6 -> FR0 0-2045,DE0 6 co2 stored,CO2 pipeline,,,0.00908
Link,DC40,DE0 2,DC,,,0.01626
Link,DC40-reversed,DE0 3,DC,,,0.01626
Link,DC40plus,DE0 2,DC,,,0.01927
Link,DC40plus-reversed,DE0 5,DC,,,0.01927
Link,DC41,DE0 2,DC,,,0.02347
Link,DC41-reversed,DE0 6,DC,,,0.02347
Link,DC42,DE0 1,DC,,,0.01586
Link,DC42-reversed,DE0 0,DC,,,0.01586
Link,DC42plus,DE0 1,DC,,,0.0179
Link,DC42plus-reversed,DE0 6,DC,,,0.0179
Link,DE0 0 BEV charger-2045,DE0 0 low voltage,BEV charger,,,47994.86463
Link,DE0 0 Fischer-Tropsch-2045,DE0 0 H2,Fischer-Tropsch,,,0.01164
Link,DE0 0 H2 CCGT-2045,DE0 0 H2,H2 CCGT,,,0.01588
Link,DE0 0 H2 Electrolysis-2045,DE0 0,H2 Electrolysis,,,0.0175
Link,DE0 0 H2 Fuel Cell-2045,DE0 0 H2,H2 Fuel Cell,,,0.00685
Link,DE0 0 H2 OCGT-2045,DE0 0 H2,H2 OCGT,,,0.39021
Link,DE0 0 H2 turbine-2045,DE0 0 H2,H2 turbine,,,0.16456
Link,DE0 0 SMR CC-2045,DE gas,SMR CC,,,0.00679
Link,DE0 0 SMR-2045,DE gas,SMR,,,0.00603
Link,DE0 0 Sabatier-2045,DE0 0 H2,Sabatier,,,0.00585
Link,DE0 0 battery charger-2045,DE0 0,battery charger,,,0.06809
Link,DE0 0 battery discharger-2045,DE0 0 battery,battery discharger,,,0.06949
Link,DE0 0 biogas to gas CC-2045,DE0 0 biogas,biogas to gas CC,,,236.6278
Link,DE0 0 biogas to gas-2045,DE0 0 biogas,biogas to gas,,,0.00713
Link,DE0 0 electricity distribution grid-2045,DE0 0,electricity distribution grid,,,3453.23868
Link,DE0 0 electricity distribution grid-reversed-2045,DE0 0 low voltage,electricity distribution grid,,,3453.23868
Link,DE0 0 gas for industry CC-2045,DE gas,gas for industry CC,,,517.50436
Link,DE0 0 home battery charger-2045,DE0 0 low voltage,home battery charger,,,0.04847
Link,DE0 0 home battery discharger-2045,DE0 0 home battery,home battery discharger,,,0.04947
Link,DE0 0 methanolisation-2045,DE0 0 H2,methanolisation,,,0.04712
Link,DE0 0 process emissions CC-2045,DE0 0 process emissions,process emissions CC,,,11.00661
Link,DE0 0 rural air heat pump-2045,DE0 0 low voltage,rural air heat pump,,,0.0025
Link,DE0 0 rural biomass boiler-2045,DE0 0 solid biomass,rural biomass boiler,,,0.00028
Link,DE0 0 rural ground heat pump-2045,DE0 0 low voltage,rural ground heat pump,,,41.9036
Link,DE0 0 rural resistive heater-2045,DE0 0 low voltage,rural resistive heater,,,0.03869
Link,DE0 0 rural water tanks charger-2045,DE0 0 rural heat,rural water tanks charger,,,0.39621
Link,DE0 0 rural water tanks discharger-2045,DE0 0 rural water tanks,rural water tanks discharger,,,0.39621
Link,DE0 0 solid biomass biomass to liquid CC-2045,DE0 0 solid biomass,biomass to liquid CC,,,0.00552
Link,DE0 0 solid biomass biomass to liquid-2045,DE0 0 solid biomass,biomass to liquid,,,0.00387
Link,DE0 0 solid biomass for industry CC-2045,DE0 0 solid biomass,solid biomass for industry CC,,,753.42593
Link,DE0 0 urban central DAC-2045,DE0 0,DAC,,,0.00135
Link,DE0 0 urban central H2 CHP-2045,DE0 0 H2,urban central H2 CHP,,,1688.73447
Link,DE0 0 urban central air heat pump-2045,DE0 0 low voltage,urban central air heat pump,,,250.97886
Link,DE0 0 urban central gas CHP CC-2045,DE gas,urban central gas CHP CC,,,0.00987
Link,DE0 0 urban central gas boiler-2045,DE gas,urban central gas boiler,,,0.04248
Link,DE0 0 urban central resistive heater-2045,DE0 0 low voltage,urban central resistive heater,,,0.06423
Link,DE0 0 urban central solid biomass CHP CC-2045,DE0 0 solid biomass,urban central solid biomass CHP CC,,,0.00351
Link,DE0 0 urban central solid biomass CHP-2045,DE0 0 solid biomass,urban central solid biomass CHP,,,0.00525
Link,DE0 0 urban central water pits charger-2045,DE0 0 urban central heat,urban central water pits charger,,,1.67727
Link,DE0 0 urban central water pits discharger-2045,DE0 0 urban central water pits,urban central water pits discharger,,,1.67727
Link,DE0 0 urban central water tanks charger-2045,DE0 0 urban central heat,urban central water tanks charger,,,0.07197
Link,DE0 0 urban central water tanks discharger-2045,DE0 0 urban central water tanks,urban central water tanks discharger,,,0.07197
Link,DE0 0 urban decentral DAC-2045,DE0 0,DAC,,,0.00143
Link,DE0 0 urban decentral air heat pump-2045,DE0 0 low voltage,urban decentral air heat pump,,,854.40349
Link,DE0 0 urban decentral biomass boiler-2045,DE0 0 solid biomass,urban decentral biomass boiler,,,1774.65547
Link,DE0 0 urban decentral resistive heater-2045,DE0 0 low voltage,urban decentral resistive heater,,,1444.97982
Link,DE0 0 urban decentral water tanks charger-2045,DE0 0 urban decentral heat,urban decentral water tanks charger,,,0.39614
Link,DE0 0 urban decentral water tanks discharger-2045,DE0 0 urban decentral water tanks,urban decentral water tanks discharger,,,0.39614
Link,DE0 0 waste CHP CC-2045,DE0 0 non-sequestered HVC,waste CHP CC,,,0.0032
Link,DE0 0 waste CHP-2045,DE0 0 non-sequestered HVC,waste CHP,,,0.00299
Link,DE0 1 BEV charger-2045,DE0 1 low voltage,BEV charger,,,50100.44852
Link,DE0 1 Fischer-Tropsch-2045,DE0 1 H2,Fischer-Tropsch,,,0.01023
Link,DE0 1 H2 CCGT-2045,DE0 1 H2,H2 CCGT,,,0.01356
Link,DE0 1 H2 Electrolysis-2045,DE0 1,H2 Electrolysis,,,0.02324
Link,DE0 1 H2 Fuel Cell-2045,DE0 1 H2,H2 Fuel Cell,,,0.00541
Link,DE0 1 H2 OCGT-2045,DE0 1 H2,H2 OCGT,,,0.10539
Link,DE0 1 H2 turbine-2045,DE0 1 H2,H2 turbine,,,0.07686
Link,DE0 1 SMR CC-2045,DE gas,SMR CC,,,0.0074
Link,DE0 1 SMR-2045,DE gas,SMR,,,0.00599
Link,DE0 1 Sabatier-2045,DE0 1 H2,Sabatier,,,0.00558
Link,DE0 1 battery charger-2045,DE0 1,battery charger,,,0.06841
Link,DE0 1 battery discharger-2045,DE0 1 battery,battery discharger,,,0.06982
Link,DE0 1 biogas to gas CC-2045,DE0 1 biogas,biogas to gas CC,,,704.22179
Link,DE0 1 biogas to gas-2045,DE0 1 biogas,biogas to gas,,,0.00697
Link,DE0 1 electricity distribution grid-2045,DE0 1,electricity distribution grid,,,3072.73899
Link,DE0 1 electricity distribution grid-reversed-2045,DE0 1 low voltage,electricity distribution grid,,,3072.73899
Link,DE0 1 gas for industry CC-2045,DE gas,gas for industry CC,,,1325.4704
Link,DE0 1 home battery charger-2045,DE0 1 low voltage,home battery charger,,,0.04874
Link,DE0 1 home battery discharger-2045,DE0 1 home battery,home battery discharger,,,0.04975
Link,DE0 1 methanolisation-2045,DE0 1 H2,methanolisation,,,0.02913
Link,DE0 1 process emissions CC-2045,DE0 1 process emissions,process emissions CC,,,0.00299
Link,DE0 1 rural air heat pump-2045,DE0 1 low voltage,rural air heat pump,,,0.0029
Link,DE0 1 rural biomass boiler-2045,DE0 1 solid biomass,rural biomass boiler,,,0.00035
Link,DE0 1 rural ground heat pump-2045,DE0 1 low voltage,rural ground heat pump,,,29.10903
Link,DE0 1 rural resistive heater-2045,DE0 1 low voltage,rural resistive heater,,,0.03924
Link,DE0 1 rural water tanks charger-2045,DE0 1 rural heat,rural water tanks charger,,,0.39688
Link,DE0 1 rural water tanks discharger-2045,DE0 1 rural water tanks,rural water tanks discharger,,,0.39688
Link,DE0 1 solid biomass biomass to liquid CC-2045,DE0 1 solid biomass,biomass to liquid CC,,,0.01125
Link,DE0 1 solid biomass biomass to liquid-2045,DE0 1 solid biomass,biomass to liquid,,,0.00434
Link,DE0 1 solid biomass for industry CC-2045,DE0 1 solid biomass,solid biomass for industry CC,,,556.8256
Link,DE0 1 urban central DAC-2045,DE0 1,DAC,,,0.00407
Link,DE0 1 urban central H2 CHP-2045,DE0 1 H2,urban central H2 CHP,,,0.0218
Link,DE0 1 urban central air heat pump-2045,DE0 1 low voltage,urban central air heat pump,,,0.00225
Link,DE0 1 urban central gas CHP CC-2045,DE gas,urban central gas CHP CC,,,0.00734
Link,DE0 1 urban central gas boiler-2045,DE gas,urban central gas boiler,,,0.042
Link,DE0 1 urban central resistive heater-2045,DE0 1 low voltage,urban central resistive heater,,,0.04944
Link,DE0 1 urban central solid biomass CHP CC-2045,DE0 1 solid biomass,urban central solid biomass CHP CC,,,0.00293
Link,DE0 1 urban central solid biomass CHP-2045,DE0 1 solid biomass,urban central solid biomass CHP,,,0.00395
Link,DE0 1 urban central water pits charger-2045,DE0 1 urban central heat,urban central water pits charger,,,0.71854
Link,DE0 1 urban central water pits discharger-2045,DE0 1 urban central water pits,urban central water pits discharger,,,0.71854
Link,DE0 1 urban central water tanks charger-2045,DE0 1 urban central heat,urban central water tanks charger,,,0.06832
Link,DE0 1 urban central water tanks discharger-2045,DE0 1 urban central water tanks,urban central water tanks discharger,,,0.06832
Link,DE0 1 urban decentral DAC-2045,DE0 1,DAC,,,0.00151
Link,DE0 1 urban decentral air heat pump-2045,DE0 1 low voltage,urban decentral air heat pump,,,559.86023
Link,DE0 1 urban decentral biomass boiler-2045,DE0 1 solid biomass,urban decentral biomass boiler,,,2020.77187
Link,DE0 1 urban decentral resistive heater-2045,DE0 1 low voltage,urban decentral resistive heater,,,961.78291
Link,DE0 1 urban decentral water tanks charger-2045,DE0 1 urban decentral heat,urban decentral water tanks charger,,,0.39645
Link,DE0 1 urban decentral water tanks discharger-2045,DE0 1 urban decentral water tanks,urban decentral water tanks discharger,,,0.39645
Link,DE0 1 waste CHP CC-2045,DE0 1 non-sequestered HVC,waste CHP CC,,,0.00648
Link,DE0 1 waste CHP-2045,DE0 1 non-sequestered HVC,waste CHP,,,0.00331
Link,DE0 2 BEV charger-2045,DE0 2 low voltage,BEV charger,,,48257.10166
Link,DE0 2 Fischer-Tropsch-2045,DE0 2 H2,Fischer-Tropsch,,,0.01033
Link,DE0 2 H2 CCGT-2045,DE0 2 H2,H2 CCGT,,,0.01339
Link,DE0 2 H2 Electrolysis-2045,DE0 2,H2 Electrolysis,,,0.03176
Link,DE0 2 H2 Fuel Cell-2045,DE0 2 H2,H2 Fuel Cell,,,0.00621
Link,DE0 2 H2 OCGT-2045,DE0 2 H2,H2 OCGT,,,0.09795
Link,DE0 2 H2 turbine-2045,DE0 2 H2,H2 turbine,,,0.07268
Link,DE0 2 SMR CC-2045,DE gas,SMR CC,,,0.00743
Link,DE0 2 SMR-2045,DE gas,SMR,,,0.00599
Link,DE0 2 Sabatier-2045,DE0 2 H2,Sabatier,,,0.00559
Link,DE0 2 battery charger-2045,DE0 2,battery charger,,,0.06849
Link,DE0 2 battery discharger-2045,DE0 2 battery,battery discharger,,,0.0699
Link,DE0 2 biogas to gas CC-2045,DE0 2 biogas,biogas to gas CC,,,1026.16463
Link,DE0 2 biogas to gas-2045,DE0 2 biogas,biogas to gas,,,0.00719
Link,DE0 2 electricity distribution grid-2045,DE0 2,electricity distribution grid,,,2932.83888
Link,DE0 2 electricity distribution grid-reversed-2045,DE0 2 low voltage,electricity distribution grid,,,2932.83888
Link,DE0 2 gas for industry CC-2045,DE gas,gas for industry CC,,,1315.32328
Link,DE0 2 home battery charger-2045,DE0 2 low voltage,home battery charger,,,0.04872
Link,DE0 2 home battery discharger-2045,DE0 2 home battery,home battery discharger,,,0.04973
Link,DE0 2 methanolisation-2045,DE0 2 H2,methanolisation,,,0.02991
Link,DE0 2 process emissions CC-2045,DE0 2 process emissions,process emissions CC,,,0.00315
Link,DE0 2 rural air heat pump-2045,DE0 2 low voltage,rural air heat pump,,,0.00267
Link,DE0 2 rural biomass boiler-2045,DE0 2 solid biomass,rural biomass boiler,,,0.00033
Link,DE0 2 rural ground heat pump-2045,DE0 2 low voltage,rural ground heat pump,,,25.3161
Link,DE0 2 rural resistive heater-2045,DE0 2 low voltage,rural resistive heater,,,0.03912
Link,DE0 2 rural water tanks charger-2045,DE0 2 rural heat,rural water tanks charger,,,0.39734
Link,DE0 2 rural water tanks discharger-2045,DE0 2 rural water tanks,rural water tanks discharger,,,0.39734
Link,DE0 2 solid biomass biomass to liquid CC-2045,DE0 2 solid biomass,biomass to liquid CC,,,0.00686
Link,DE0 2 solid biomass biomass to liquid-2045,DE0 2 solid biomass,biomass to liquid,,,0.00423
Link,DE0 2 solid biomass for industry CC-2045,DE0 2 solid biomass,solid biomass for industry CC,,,1118.72291
Link,DE0 2 urban central DAC-2045,DE0 2,DAC,,,0.0016
Link,DE0 2 urban central H2 CHP-2045,DE0 2 H2,urban central H2 CHP,,,0.06663
Link,DE0 2 urban central air heat pump-2045,DE0 2 low voltage,urban central air heat pump,,,147.6092
Link,DE0 2 urban central gas CHP CC-2045,DE gas,urban central gas CHP CC,,,0.00904
Link,DE0 2 urban central gas boiler-2045,DE gas,urban central gas boiler,,,0.04222
Link,DE0 2 urban central resistive heater-2045,DE0 2 low voltage,urban central resistive heater,,,0.05736
Link,DE0 2 urban central solid biomass CHP CC-2045,DE0 2 solid biomass,urban central solid biomass CHP CC,,,0.00399
Link,DE0 2 urban central solid biomass CHP-2045,DE0 2 solid biomass,urban central solid biomass CHP,,,0.00484
Link,DE0 2 urban central water pits charger-2045,DE0 2 urban central heat,urban central water pits charger,,,595.12931
Link,DE0 2 urban central water pits discharger-2045,DE0 2 urban central water pits,urban central water pits discharger,,,595.12931
Link,DE0 2 urban central water tanks charger-2045,DE0 2 urban central heat,urban central water tanks charger,,,0.07579
Link,DE0 2 urban central water tanks discharger-2045,DE0 2 urban central water tanks,urban central water tanks discharger,,,0.07579
Link,DE0 2 urban decentral DAC-2045,DE0 2,DAC,,,0.00168
Link,DE0 2 urban decentral air heat pump-2045,DE0 2 low voltage,urban decentral air heat pump,,,469.90776
Link,DE0 2 urban decentral biomass boiler-2045,DE0 2 solid biomass,urban decentral biomass boiler,,,2315.92706
Link,DE0 2 urban decentral resistive heater-2045,DE0 2 low voltage,urban decentral resistive heater,,,904.0228
Link,DE0 2 urban decentral water tanks charger-2045,DE0 2 urban decentral heat,urban decentral water tanks charger,,,0.39618
Link,DE0 2 urban decentral water tanks discharger-2045,DE0 2 urban decentral water tanks,urban decentral water tanks discharger,,,0.39618
Link,DE0 2 waste CHP CC-2045,DE0 2 non-sequestered HVC,waste CHP CC,,,0.00541
Link,DE0 2 waste CHP-2045,DE0 2 non-sequestered HVC,waste CHP,,,0.00337
Link,DE0 3 BEV charger-2045,DE0 3 low voltage,BEV charger,,,59387.97139
Link,DE0 3 Fischer-Tropsch-2045,DE0 3 H2,Fischer-Tropsch,,,0.01086
Link,DE0 3 H2 CCGT-2045,DE0 3 H2,H2 CCGT,,,0.01511
Link,DE0 3 H2 Electrolysis-2045,DE0 3,H2 Electrolysis,,,0.02375
Link,DE0 3 H2 Fuel Cell-2045,DE0 3 H2,H2 Fuel Cell,,,0.00677
Link,DE0 3 H2 OCGT-2045,DE0 3 H2,H2 OCGT,,,0.26814
Link,DE0 3 H2 turbine-2045,DE0 3 H2,H2 turbine,,,0.13519
Link,DE0 3 SMR CC-2045,DE gas,SMR CC,,,0.00713
Link,DE0 3 SMR-2045,DE gas,SMR,,,0.006
Link,DE0 3 Sabatier-2045,DE0 3 H2,Sabatier,,,0.00572
Link,DE0 3 battery charger-2045,DE0 3,battery charger,,,0.068
Link,DE0 3 battery discharger-2045,DE0 3 battery,battery discharger,,,0.0694
Link,DE0 3 biogas to gas CC-2045,DE0 3 biogas,biogas to gas CC,,,596.48908
Link,DE0 3 biogas to gas-2045,DE0 3 biogas,biogas to gas,,,0.0072
Link,DE0 3 electricity distribution grid-2045,DE0 3,electricity distribution grid,,,2909.35294
Link,DE0 3 electricity distribution grid-reversed-2045,DE0 3 low voltage,electricity distribution grid,,,2909.35294
Link,DE0 3 gas for industry CC-2045,DE gas,gas for industry CC,,,1477.67674
Link,DE0 3 home battery charger-2045,DE0 3 low voltage,home battery charger,,,0.04844
Link,DE0 3 home battery discharger-2045,DE0 3 home battery,home battery discharger,,,0.04944
Link,DE0 3 methanolisation-2045,DE0 3 H2,methanolisation,,,0.03847
Link,DE0 3 process emissions CC-2045,DE0 3 process emissions,process emissions CC,,,0.0029
Link,DE0 3 rural air heat pump-2045,DE0 3 low voltage,rural air heat pump,,,0.00272
Link,DE0 3 rural biomass boiler-2045,DE0 3 solid biomass,rural biomass boiler,,,0.00035
Link,DE0 3 rural ground heat pump-2045,DE0 3 low voltage,rural ground heat pump,,,62.03687
Link,DE0 3 rural resistive heater-2045,DE0 3 low voltage,rural resistive heater,,,0.03822
Link,DE0 3 rural water tanks charger-2045,DE0 3 rural heat,rural water tanks charger,,,0.39689
Link,DE0 3 rural water tanks discharger-2045,DE0 3 rural water tanks,rural water tanks discharger,,,0.39689
Link,DE0 3 solid biomass biomass to liquid CC-2045,DE0 3 solid biomass,biomass to liquid CC,,,0.00729
Link,DE0 3 solid biomass biomass to liquid-2045,DE0 3 solid biomass,biomass to liquid,,,0.00407
Link,DE0 3 solid biomass for industry CC-2045,DE0 3 solid biomass,solid biomass for industry CC,,,870.11808
Link,DE0 3 urban central DAC-2045,DE0 3,DAC,,,0.00157
Link,DE0 3 urban central H2 CHP-2045,DE0 3 H2,urban central H2 CHP,,,1443.49321
Link,DE0 3 urban central air heat pump-2045,DE0 3 low voltage,urban central air heat pump,,,0.00573
Link,DE0 3 urban central gas CHP CC-2045,DE gas,urban central gas CHP CC,,,0.00962
Link,DE0 3 urban central gas boiler-2045,DE gas,urban central gas boiler,,,0.04231
Link,DE0 3 urban central resistive heater-2045,DE0 3 low voltage,urban central resistive heater,,,0.05207
Link,DE0 3 urban central solid biomass CHP CC-2045,DE0 3 solid biomass,urban central solid biomass CHP CC,,,0.00352
Link,DE0 3 urban central solid biomass CHP-2045,DE0 3 solid biomass,urban central solid biomass CHP,,,0.00508
Link,DE0 3 urban central water pits charger-2045,DE0 3 urban central heat,urban central water pits charger,,,0.54103
Link,DE0 3 urban central water pits discharger-2045,DE0 3 urban central water pits,urban central water pits discharger,,,0.54103
Link,DE0 3 urban central water tanks charger-2045,DE0 3 urban central heat,urban central water tanks charger,,,0.06705
Link,DE0 3 urban central water tanks discharger-2045,DE0 3 urban central water tanks,urban central water tanks discharger,,,0.06705
Link,DE0 3 urban decentral DAC-2045,DE0 3,DAC,,,0.00132
Link,DE0 3 urban decentral air heat pump-2045,DE0 3 low voltage,urban decentral air heat pump,,,465.76277
Link,DE0 3 urban decentral biomass boiler-2045,DE0 3 solid biomass,urban decentral biomass boiler,,,2199.39905
Link,DE0 3 urban decentral resistive heater-2045,DE0 3 low voltage,urban decentral resistive heater,,,605.90573
Link,DE0 3 urban decentral water tanks charger-2045,DE0 3 urban decentral heat,urban decentral water tanks charger,,,0.39652
Link,DE0 3 urban decentral water tanks discharger-2045,DE0 3 urban decentral water tanks,urban decentral water tanks discharger,,,0.39652
Link,DE0 3 waste CHP CC-2045,DE0 3 non-sequestered HVC,waste CHP CC,,,0.00349
Link,DE0 3 waste CHP-2045,DE0 3 non-sequestered HVC,waste CHP,,,0.00304
Link,DE0 4 BEV charger-2045,DE0 4 low voltage,BEV charger,,,90359.46116
Link,DE0 4 Fischer-Tropsch-2045,DE0 4 H2,Fischer-Tropsch,,,0.01075
Link,DE0 4 H2 CCGT-2045,DE0 4 H2,H2 CCGT,,,0.01619
Link,DE0 4 H2 Electrolysis-2045,DE0 4,H2 Electrolysis,,,0.01571
Link,DE0 4 H2 Fuel Cell-2045,DE0 4 H2,H2 Fuel Cell,,,0.00682
Link,DE0 4 H2 OCGT-2045,DE0 4 H2,H2 OCGT,,,10080.43576
Link,DE0 4 H2 turbine-2045,DE0 4 H2,H2 turbine,,,0.28119
Link,DE0 4 SMR CC-2045,DE gas,SMR CC,,,0.0073
Link,DE0 4 SMR-2045,DE gas,SMR,,,0.00601
Link,DE0 4 Sabatier-2045,DE0 4 H2,Sabatier,,,0.00567
Link,DE0 4 battery charger-2045,DE0 4,battery charger,,,0.06786
Link,DE0 4 battery discharger-2045,DE0 4 battery,battery discharger,,,0.06926
Link,DE0 4 biogas to gas CC-2045,DE0 4 biogas,biogas to gas CC,,,401.04078
Link,DE0 4 biogas to gas-2045,DE0 4 biogas,biogas to gas,,,0.00691
Link,DE0 4 electricity distribution grid-2045,DE0 4,electricity distribution grid,,,11256.48014
Link,DE0 4 electricity distribution grid-reversed-2045,DE0 4 low voltage,electricity distribution grid,,,11256.48014
Link,DE0 4 gas for industry CC-2045,DE gas,gas for industry CC,,,3231.86192
Link,DE0 4 home battery charger-2045,DE0 4 low voltage,home battery charger,,,0.04843
Link,DE0 4 home battery discharger-2045,DE0 4 home battery,home battery discharger,,,0.04943
Link,DE0 4 methanolisation-2045,DE0 4 H2,methanolisation,,,0.02879
Link,DE0 4 process emissions CC-2045,DE0 4 process emissions,process emissions CC,,,0.00307
Link,DE0 4 rural air heat pump-2045,DE0 4 low voltage,rural air heat pump,,,0.00258
Link,DE0 4 rural biomass boiler-2045,DE0 4 solid biomass,rural biomass boiler,,,0.0002
Link,DE0 4 rural ground heat pump-2045,DE0 4 low voltage,rural ground heat pump,,,114.11796
Link,DE0 4 rural resistive heater-2045,DE0 4 low voltage,rural resistive heater,,,0.03801
Link,DE0 4 rural water tanks charger-2045,DE0 4 rural heat,rural water tanks charger,,,0.39695
Link,DE0 4 rural water tanks discharger-2045,DE0 4 rural water tanks,rural water tanks discharger,,,0.39695
Link,DE0 4 solid biomass biomass to liquid CC-2045,DE0 4 solid biomass,biomass to liquid CC,,,0.00376
Link,DE0 4 solid biomass biomass to liquid-2045,DE0 4 solid biomass,biomass to liquid,,,0.00358
Link,DE0 4 solid biomass for industry CC-2045,DE0 4 solid biomass,solid biomass for industry CC,,,1979.9605
Link,DE0 4 urban central DAC-2045,DE0 4,DAC,,,0.00136
Link,DE0 4 urban central H2 CHP-2045,DE0 4 H2,urban central H2 CHP,,,4317.45076
Link,DE0 4 urban central air heat pump-2045,DE0 4 low voltage,urban central air heat pump,,,323.52352
Link,DE0 4 urban central gas CHP CC-2045,DE gas,urban central gas CHP CC,,,0.01182
Link,DE0 4 urban central gas boiler-2045,DE gas,urban central gas boiler,,,0.04247
Link,DE0 4 urban central resistive heater-2045,DE0 4 low voltage,urban central resistive heater,,,0.05452
Link,DE0 4 urban central solid biomass CHP CC-2045,DE0 4 solid biomass,urban central solid biomass CHP CC,,,0.00312
Link,DE0 4 urban central solid biomass CHP-2045,DE0 4 solid biomass,urban central solid biomass CHP,,,0.00455
Link,DE0 4 urban central water pits charger-2045,DE0 4 urban central heat,urban central water pits charger,,,0.70284
Link,DE0 4 urban central water pits discharger-2045,DE0 4 urban central water pits,urban central water pits discharger,,,0.70284
Link,DE0 4 urban central water tanks charger-2045,DE0 4 urban central heat,urban central water tanks charger,,,0.06947
Link,DE0 4 urban central water tanks discharger-2045,DE0 4 urban central water tanks,urban central water tanks discharger,,,0.06947
Link,DE0 4 urban decentral DAC-2045,DE0 4,DAC,,,0.0014
Link,DE0 4 urban decentral air heat pump-2045,DE0 4 low voltage,urban decentral air heat pump,,,2638.90733
Link,DE0 4 urban decentral biomass boiler-2045,DE0 4 solid biomass,urban decentral biomass boiler,,,0.0005
Link,DE0 4 urban decentral resistive heater-2045,DE0 4 low voltage,urban decentral resistive heater,,,4385.99195
Link,DE0 4 urban decentral water tanks charger-2045,DE0 4 urban decentral heat,urban decentral water tanks charger,,,0.39659
Link,DE0 4 urban decentral water tanks discharger-2045,DE0 4 urban decentral water tanks,urban decentral water tanks discharger,,,0.39659
Link,DE0 4 waste CHP CC-2045,DE0 4 non-sequestered HVC,waste CHP CC,,,0.00329
Link,DE0 4 waste CHP-2045,DE0 4 non-sequestered HVC,waste CHP,,,0.00294
Link,DE0 5 BEV charger-2045,DE0 5 low voltage,BEV charger,,,36118.31455
Link,DE0 5 Fischer-Tropsch-2045,DE0 5 H2,Fischer-Tropsch,,,0.01089
Link,DE0 5 H2 CCGT-2045,DE0 5 H2,H2 CCGT,,,0.01493
Link,DE0 5 H2 Electrolysis-2045,DE0 5,H2 Electrolysis,,,0.01814
Link,DE0 5 H2 Fuel Cell-2045,DE0 5 H2,H2 Fuel Cell,,,0.00565
Link,DE0 5 H2 OCGT-2045,DE0 5 H2,H2 OCGT,,,0.23255
Link,DE0 5 H2 turbine-2045,DE0 5 H2,H2 turbine,,,0.12627
Link,DE0 5 SMR CC-2045,DE gas,SMR CC,,,0.00697
Link,DE0 5 SMR-2045,DE gas,SMR,,,0.00599
Link,DE0 5 Sabatier-2045,DE0 5 H2,Sabatier,,,0.00575
Link,DE0 5 battery charger-2045,DE0 5,battery charger,,,0.06831
Link,DE0 5 battery discharger-2045,DE0 5 battery,battery discharger,,,0.06972
Link,DE0 5 biogas to gas CC-2045,DE0 5 biogas,biogas to gas CC,,,279.01379
Link,DE0 5 biogas to gas-2045,DE0 5 biogas,biogas to gas,,,0.00695
Link,DE0 5 electricity distribution grid-2045,DE0 5,electricity distribution grid,,,919.97075
Link,DE0 5 electricity distribution grid-reversed-2045,DE0 5 low voltage,electricity distribution grid,,,919.97075
Link,DE0 5 gas for industry CC-2045,DE gas,gas for industry CC,,,832.06569
Link,DE0 5 home battery charger-2045,DE0 5 low voltage,home battery charger,,,0.0488
Link,DE0 5 home battery discharger-2045,DE0 5 home battery,home battery discharger,,,0.04981
Link,DE0 5 methanolisation-2045,DE0 5 H2,methanolisation,,,0.03792
Link,DE0 5 process emissions CC-2045,DE0 5 process emissions,process emissions CC,,,16.14866
Link,DE0 5 rural air heat pump-2045,DE0 5 low voltage,rural air heat pump,,,0.00256
Link,DE0 5 rural biomass boiler-2045,DE0 5 solid biomass,rural biomass boiler,,,0.00112
Link,DE0 5 rural ground heat pump-2045,DE0 5 low voltage,rural ground heat pump,,,1.90692
Link,DE0 5 rural resistive heater-2045,DE0 5 low voltage,rural resistive heater,,,0.03904
Link,DE0 5 rural water tanks charger-2045,DE0 5 rural heat,rural water tanks charger,,,0.3967
Link,DE0 5 rural water tanks discharger-2045,DE0 5 rural water tanks,rural water tanks discharger,,,0.3967
Link,DE0 5 solid biomass biomass to liquid CC-2045,DE0 5 solid biomass,biomass to liquid CC,,,134.45556
Link,DE0 5 solid biomass biomass to liquid-2045,DE0 5 solid biomass,biomass to liquid,,,0.0053
Link,DE0 5 solid biomass for industry CC-2045,DE0 5 solid biomass,solid biomass for industry CC,,,625.31866
Link,DE0 5 urban central DAC-2045,DE0 5,DAC,,,0.00155
Link,DE0 5 urban central H2 CHP-2045,DE0 5 H2,urban central H2 CHP,,,0.02478
Link,DE0 5 urban central air heat pump-2045,DE0 5 low voltage,urban central air heat pump,,,0.01304
Link,DE0 5 urban central gas CHP CC-2045,DE gas,urban central gas CHP CC,,,0.00784
Link,DE0 5 urban central gas boiler-2045,DE gas,urban central gas boiler,,,0.04248
Link,DE0 5 urban central resistive heater-2045,DE0 5 low voltage,urban central resistive heater,,,462.76773
Link,DE0 5 urban central solid biomass CHP CC-2045,DE0 5 solid biomass,urban central solid biomass CHP CC,,,0.00479
Link,DE0 5 urban central solid biomass CHP-2045,DE0 5 solid biomass,urban central solid biomass CHP,,,0.00608
Link,DE0 5 urban central water pits charger-2045,DE0 5 urban central heat,urban central water pits charger,,,0.99877
Link,DE0 5 urban central water pits discharger-2045,DE0 5 urban central water pits,urban central water pits discharger,,,0.99877
Link,DE0 5 urban central water tanks charger-2045,DE0 5 urban central heat,urban central water tanks charger,,,0.06994
Link,DE0 5 urban central water tanks discharger-2045,DE0 5 urban central water tanks,urban central water tanks discharger,,,0.06994
Link,DE0 5 urban decentral DAC-2045,DE0 5,DAC,,,0.00138
Link,DE0 5 urban decentral air heat pump-2045,DE0 5 low voltage,urban decentral air heat pump,,,0.00387
Link,DE0 5 urban decentral biomass boiler-2045,DE0 5 solid biomass,urban decentral biomass boiler,,,1494.15214
Link,DE0 5 urban decentral resistive heater-2045,DE0 5 low voltage,urban decentral resistive heater,,,0.03421
Link,DE0 5 urban decentral water tanks charger-2045,DE0 5 urban decentral heat,urban decentral water tanks charger,,,0.39688
Link,DE0 5 urban decentral water tanks discharger-2045,DE0 5 urban decentral water tanks,urban decentral water tanks discharger,,,0.39688
Link,DE0 5 waste CHP CC-2045,DE0 5 non-sequestered HVC,waste CHP CC,,,0.01463
Link,DE0 5 waste CHP-2045,DE0 5 non-sequestered HVC,waste CHP,,,0.0044
Link,DE0 6 BEV charger-2045,DE0 6 low voltage,BEV charger,,,66195.28084
Link,DE0 6 Fischer-Tropsch-2045,DE0 6 H2,Fischer-Tropsch,,,0.01081
Link,DE0 6 H2 CCGT-2045,DE0 6 H2,H2 CCGT,,,0.01493
Link,DE0 6 H2 Electrolysis-2045,DE0 6,H2 Electrolysis,,,0.01586
Link,DE0 6 H2 Fuel Cell-2045,DE0 6 H2,H2 Fuel Cell,,,0.00687
Link,DE0 6 H2 OCGT-2045,DE0 6 H2,H2 OCGT,,,0.21011
Link,DE0 6 H2 turbine-2045,DE0 6 H2,H2 turbine,,,0.11788
Link,DE0 6 SMR CC-2045,DE gas,SMR CC,,,0.007
Link,DE0 6 SMR-2045,DE gas,SMR,,,0.00602
Link,DE0 6 Sabatier-2045,DE0 6 H2,Sabatier,,,0.00573
Link,DE0 6 battery charger-2045,DE0 6,battery charger,,,0.06817
Link,DE0 6 battery discharger-2045,DE0 6 battery,battery discharger,,,0.06957
Link,DE0 6 biogas to gas CC-2045,DE0 6 biogas,biogas to gas CC,,,139.53737
Link,DE0 6 biogas to gas-2045,DE0 6 biogas,biogas to gas,,,0.00685
Link,DE0 6 electricity distribution grid-2045,DE0 6,electricity distribution grid,,,6588.05201
Link,DE0 6 electricity distribution grid-reversed-2045,DE0 6 low voltage,electricity distribution grid,,,6588.05201
Link,DE0 6 gas for industry CC-2045,DE gas,gas for industry CC,,,1707.25529
Link,DE0 6 home battery charger-2045,DE0 6 low voltage,home battery charger,,,0.04858
Link,DE0 6 home battery discharger-2045,DE0 6 home battery,home battery discharger,,,0.04959
Link,DE0 6 methanolisation-2045,DE0 6 H2,methanolisation,,,0.03362
Link,DE0 6 process emissions CC-2045,DE0 6 process emissions,process emissions CC,,,0.00303
Link,DE0 6 rural air heat pump-2045,DE0 6 low voltage,rural air heat pump,,,0.00257
Link,DE0 6 rural biomass boiler-2045,DE0 6 solid biomass,rural biomass boiler,,,0.00029
Link,DE0 6 rural ground heat pump-2045,DE0 6 low voltage,rural ground heat pump,,,69.96071
Link,DE0 6 rural resistive heater-2045,DE0 6 low voltage,rural resistive heater,,,0.03851
Link,DE0 6 rural water tanks charger-2045,DE0 6 rural heat,rural water tanks charger,,,0.39736
Link,DE0 6 rural water tanks discharger-2045,DE0 6 rural water tanks,rural water tanks discharger,,,0.39736
Link,DE0 6 solid biomass biomass to liquid CC-2045,DE0 6 solid biomass,biomass to liquid CC,,,0.00472
Link,DE0 6 solid biomass biomass to liquid-2045,DE0 6 solid biomass,biomass to liquid,,,0.00383
Link,DE0 6 solid biomass for industry CC-2045,DE0 6 solid biomass,solid biomass for industry CC,,,1566.46485
Link,DE0 6 urban central DAC-2045,DE0 6,DAC,,,0.00144
Link,DE0 6 urban central H2 CHP-2045,DE0 6 H2,urban central H2 CHP,,,4330.30335
Link,DE0 6 urban central air heat pump-2045,DE0 6 low voltage,urban central air heat pump,,,191.39498
Link,DE0 6 urban central gas CHP CC-2045,DE gas,urban central gas CHP CC,,,0.01199
Link,DE0 6 urban central gas boiler-2045,DE gas,urban central gas boiler,,,0.04297
Link,DE0 6 urban central resistive heater-2045,DE0 6 low voltage,urban central resistive heater,,,101.3218
Link,DE0 6 urban central solid biomass CHP CC-2045,DE0 6 solid biomass,urban central solid biomass CHP CC,,,0.0037
Link,DE0 6 urban central solid biomass CHP-2045,DE0 6 solid biomass,urban central solid biomass CHP,,,0.00575
Link,DE0 6 urban central water pits charger-2045,DE0 6 urban central heat,urban central water pits charger,,,0.37764
Link,DE0 6 urban central water pits discharger-2045,DE0 6 urban central water pits,urban central water pits discharger,,,0.37764
Link,DE0 6 urban central water tanks charger-2045,DE0 6 urban central heat,urban central water tanks charger,,,0.06496
Link,DE0 6 urban central water tanks discharger-2045,DE0 6 urban central water tanks,urban central water tanks discharger,,,0.06496
Link,DE0 6 urban decentral DAC-2045,DE0 6,DAC,,,0.00144
Link,DE0 6 urban decentral air heat pump-2045,DE0 6 low voltage,urban decentral air heat pump,,,2065.43498
Link,DE0 6 urban decentral biomass boiler-2045,DE0 6 solid biomass,urban decentral biomass boiler,,,593.73764
Link,DE0 6 urban decentral resistive heater-2045,DE0 6 low voltage,urban decentral resistive heater,,,2060.52258
Link,DE0 6 urban decentral water tanks charger-2045,DE0 6 urban decentral heat,urban decentral water tanks charger,,,0.39618
Link,DE0 6 urban decentral water tanks discharger-2045,DE0 6 urban decentral water tanks,urban decentral water tanks discharger,,,0.39618
Link,DE0 6 waste CHP CC-2045,DE0 6 non-sequestered HVC,waste CHP CC,,,0.0031
Link,DE0 6 waste CHP-2045,DE0 6 non-sequestered HVC,waste CHP,,,0.00297
Link,DE0 7 BEV charger-2045,DE0 7 low voltage,BEV charger,,,44177.11226
Link,DE0 7 Fischer-Tropsch-2045,DE0 7 H2,Fischer-Tropsch,,,0.01157
Link,DE0 7 H2 CCGT-2045,DE0 7 H2,H2 CCGT,,,0.01455
Link,DE0 7 H2 Electrolysis-2045,DE0 7,H2 Electrolysis,,,0.01752
Link,DE0 7 H2 Fuel Cell-2045,DE0 7 H2,H2 Fuel Cell,,,0.00641
Link,DE0 7 H2 OCGT-2045,DE0 7 H2,H2 OCGT,,,0.1473
Link,DE0 7 H2 turbine-2045,DE0 7 H2,H2 turbine,,,0.09634
Link,DE0 7 SMR CC-2045,DE gas,SMR CC,,,0.00684
Link,DE0 7 SMR-2045,DE gas,SMR,,,0.00602
Link,DE0 7 Sabatier-2045,DE0 7 H2,Sabatier,,,0.00584
Link,DE0 7 battery charger-2045,DE0 7,battery charger,,,0.0684
Link,DE0 7 battery discharger-2045,DE0 7 battery,battery discharger,,,0.06981
Link,DE0 7 biogas to gas CC-2045,DE0 7 biogas,biogas to gas CC,,,255.47755
Link,DE0 7 biogas to gas-2045,DE0 7 biogas,biogas to gas,,,0.0072
Link,DE0 7 electricity distribution grid-2045,DE0 7,electricity distribution grid,,,2077.1416
Link,DE0 7 electricity distribution grid-reversed-2045,DE0 7 low voltage,electricity distribution grid,,,2077.1416
Link,DE0 7 gas for industry CC-2045,DE gas,gas for industry CC,,,820.64961
Link,DE0 7 home battery charger-2045,DE0 7 low voltage,home battery charger,,,0.0488
Link,DE0 7 home battery discharger-2045,DE0 7 home battery,home battery discharger,,,0.04981
Link,DE0 7 methanolisation-2045,DE0 7 H2,methanolisation,,,0.05024
Link,DE0 7 process emissions CC-2045,DE0 7 process emissions,process emissions CC,,,14.33327
Link,DE0 7 rural air heat pump-2045,DE0 7 low voltage,rural air heat pump,,,0.00257
Link,DE0 7 rural biomass boiler-2045,DE0 7 solid biomass,rural biomass boiler,,,0.0003
Link,DE0 7 rural ground heat pump-2045,DE0 7 low voltage,rural ground heat pump,,,23.351
Link,DE0 7 rural resistive heater-2045,DE0 7 low voltage,rural resistive heater,,,0.03909
Link,DE0 7 rural water tanks charger-2045,DE0 7 rural heat,rural water tanks charger,,,0.39643
Link,DE0 7 rural water tanks discharger-2045,DE0 7 rural water tanks,rural water tanks discharger,,,0.39643
Link,DE0 7 solid biomass biomass to liquid CC-2045,DE0 7 solid biomass,biomass to liquid CC,,,0.00577
Link,DE0 7 solid biomass biomass to liquid-2045,DE0 7 solid biomass,biomass to liquid,,,0.00406
Link,DE0 7 solid biomass for industry CC-2045,DE0 7 solid biomass,solid biomass for industry CC,,,738.20525
Link,DE0 7 urban central DAC-2045,DE0 7,DAC,,,0.00145
Link,DE0 7 urban central H2 CHP-2045,DE0 7 H2,urban central H2 CHP,,,0.07592
Link,DE0 7 urban central air heat pump-2045,DE0 7 low voltage,urban central air heat pump,,,164.56454
Link,DE0 7 urban central gas CHP CC-2045,DE gas,urban central gas CHP CC,,,0.00978
Link,DE0 7 urban central gas boiler-2045,DE gas,urban central gas boiler,,,0.05927
Link,DE0 7 urban central resistive heater-2045,DE0 7 low voltage,urban central resistive heater,,,0.05249
Link,DE0 7 urban central solid biomass CHP CC-2045,DE0 7 solid biomass,urban central solid biomass CHP CC,,,0.00371
Link,DE0 7 urban central solid biomass CHP-2045,DE0 7 solid biomass,urban central solid biomass CHP,,,0.00581
Link,DE0 7 urban central water pits charger-2045,DE0 7 urban central heat,urban central water pits charger,,,0.7315
Link,DE0 7 urban central water pits discharger-2045,DE0 7 urban central water pits,urban central water pits discharger,,,0.7315
Link,DE0 7 urban central water tanks charger-2045,DE0 7 urban central heat,urban central water tanks charger,,,0.06974
Link,DE0 7 urban central water tanks discharger-2045,DE0 7 urban central water tanks,urban central water tanks discharger,,,0.06974
Link,DE0 7 urban decentral DAC-2045,DE0 7,DAC,,,0.00127
Link,DE0 7 urban decentral air heat pump-2045,DE0 7 low voltage,urban decentral air heat pump,,,307.18216
Link,DE0 7 urban decentral biomass boiler-2045,DE0 7 solid biomass,urban decentral biomass boiler,,,2339.37541
Link,DE0 7 urban decentral resistive heater-2045,DE0 7 low voltage,urban decentral resistive heater,,,502.71625
Link,DE0 7 urban decentral water tanks charger-2045,DE0 7 urban decentral heat,urban decentral water tanks charger,,,0.39614
Link,DE0 7 urban decentral water tanks discharger-2045,DE0 7 urban decentral water tanks,urban decentral water tanks discharger,,,0.39614
Link,DE0 7 waste CHP CC-2045,DE0 7 non-sequestered HVC,waste CHP CC,,,0.0032
Link,DE0 7 waste CHP-2045,DE0 7 non-sequestered HVC,waste CHP,,,0.00304
Link,H2 pipeline AT0 0 -> DE0 0-2045,AT0 0 H2,H2 pipeline,,,0.12227
Link,H2 pipeline AT0 0 -> DE0 0-reversed-2045,DE0 0 H2,H2 pipeline,,,0.12227
Link,H2 pipeline AT0 0 -> DE0 7-2045,AT0 0 H2,H2 pipeline,,,3888.73641
Link,H2 pipeline AT0 0 -> DE0 7-reversed-2045,DE0 7 H2,H2 pipeline,,,3888.73641
Link,H2 pipeline BE0 0 -> DE0 4-2045,BE0 0 H2,H2 pipeline,,,0.22863
Link,H2 pipeline BE0 0 -> DE0 4-reversed-2045,DE0 4 H2,H2 pipeline,,,0.22863
Link,H2 pipeline CH0 0 -> DE0 0-2045,CH0 0 H2,H2 pipeline,,,2716.33954
Link,H2 pipeline CH0 0 -> DE0 0-reversed-2045,DE0 0 H2,H2 pipeline,,,2716.33954
Link,H2 pipeline CZ0 0 -> DE0 3-2045,CZ0 0 H2,H2 pipeline,,,0.12177
Link,H2 pipeline CZ0 0 -> DE0 3-reversed-2045,DE0 3 H2,H2 pipeline,,,0.12177
Link,H2 pipeline CZ0 0 -> DE0 7-2045,CZ0 0 H2,H2 pipeline,,,0.12512
Link,H2 pipeline CZ0 0 -> DE0 7-reversed-2045,DE0 7 H2,H2 pipeline,,,0.12512
Link,H2 pipeline DE0 0 -> DE0 1-2045,DE0 0 H2,H2 pipeline,,,0.06552
Link,H2 pipeline DE0 0 -> DE0 1-reversed-2045,DE0 1 H2,H2 pipeline,,,0.06552
Link,H2 pipeline DE0 0 -> DE0 5-2045,DE0 0 H2,H2 pipeline,,,0.15725
Link,H2 pipeline DE0 0 -> DE0 5-reversed-2045,DE0 5 H2,H2 pipeline,,,0.15725
Link,H2 pipeline DE0 0 -> DE0 6-2045,DE0 0 H2,H2 pipeline,,,0.35375
Link,H2 pipeline DE0 0 -> DE0 6-reversed-2045,DE0 6 H2,H2 pipeline,,,0.35375
Link,H2 pipeline DE0 0 -> DE0 7-2045,DE0 0 H2,H2 pipeline,,,0.18695
Link,H2 pipeline DE0 0 -> DE0 7-reversed-2045,DE0 7 H2,H2 pipeline,,,0.18695
Link,H2 pipeline DE0 1 -> DE0 2-2045,DE0 1 H2,H2 pipeline,,,0.2352
Link,H2 pipeline DE0 1 -> DE0 2-reversed-2045,DE0 2 H2,H2 pipeline,,,0.2352
Link,H2 pipeline DE0 1 -> DE0 3-2045,DE0 1 H2,H2 pipeline,,,0.14205
Link,H2 pipeline DE0 1 -> DE0 3-reversed-2045,DE0 3 H2,H2 pipeline,,,0.14205
Link,H2 pipeline DE0 1 -> DE0 4-2045,DE0 1 H2,H2 pipeline,,,0.11018
Link,H2 pipeline DE0 1 -> DE0 4-reversed-2045,DE0 4 H2,H2 pipeline,,,0.11018
Link,H2 pipeline DE0 1 -> DE0 5-2045,DE0 1 H2,H2 pipeline,,,0.10724
Link,H2 pipeline DE0 1 -> DE0 5-reversed-2045,DE0 5 H2,H2 pipeline,,,0.10724
Link,H2 pipeline DE0 1 -> DE0 6-2045,DE0 1 H2,H2 pipeline,,,0.0793
Link,H2 pipeline DE0 1 -> DE0 6-reversed-2045,DE0 6 H2,H2 pipeline,,,0.0793
Link,H2 pipeline DE0 1 -> DE0 7-2045,DE0 1 H2,H2 pipeline,,,0.06341
Link,H2 pipeline DE0 1 -> DE0 7-reversed-2045,DE0 7 H2,H2 pipeline,,,0.06341
Link,H2 pipeline DE0 1 -> DK0 0-2045,DE0 1 H2,H2 pipeline,,,0.12092
Link,H2 pipeline DE0 1 -> DK0 0-reversed-2045,DK0 0 H2,H2 pipeline,,,0.12092
Link,H2 pipeline DE0 1 -> DK1 0-2045,DE0 1 H2,H2 pipeline,,,0.17314
Link,H2 pipeline DE0 1 -> DK1 0-reversed-2045,DK1 0 H2,H2 pipeline,,,0.17314
Link,H2 pipeline DE0 1 -> NO1 0-2045,DE0 1 H2,H2 pipeline,,,0.05945
Link,H2 pipeline DE0 1 -> NO1 0-reversed-2045,NO1 0 H2,H2 pipeline,,,0.05945
Link,H2 pipeline DE0 1 -> SE1 0-2045,DE0 1 H2,H2 pipeline,,,0.07395
Link,H2 pipeline DE0 1 -> SE1 0-reversed-2045,SE1 0 H2,H2 pipeline,,,0.07395
Link,H2 pipeline DE0 2 -> DE0 3-2045,DE0 2 H2,H2 pipeline,,,0.10154
Link,H2 pipeline DE0 2 -> DE0 3-reversed-2045,DE0 3 H2,H2 pipeline,,,0.10154
Link,H2 pipeline DE0 2 -> DE0 4-2045,DE0 2 H2,H2 pipeline,,,0.22129
Link,H2 pipeline DE0 2 -> DE0 4-reversed-2045,DE0 4 H2,H2 pipeline,,,0.22129
Link,H2 pipeline DE0 2 -> DE0 5-2045,DE0 2 H2,H2 pipeline,,,0.12836
Link,H2 pipeline DE0 2 -> DE0 5-reversed-2045,DE0 5 H2,H2 pipeline,,,0.12836
Link,H2 pipeline DE0 2 -> DE0 6-2045,DE0 2 H2,H2 pipeline,,,0.11352
Link,H2 pipeline DE0 2 -> DE0 6-reversed-2045,DE0 6 H2,H2 pipeline,,,0.11352
Link,H2 pipeline DE0 2 -> GB2 0-2045,DE0 2 H2,H2 pipeline,,,0.05178
Link,H2 pipeline DE0 2 -> GB2 0-reversed-2045,GB2 0 H2,H2 pipeline,,,0.05178
Link,H2 pipeline DE0 2 -> NL0 0-2045,DE0 2 H2,H2 pipeline,,,0.16971
Link,H2 pipeline DE0 2 -> NL0 0-reversed-2045,NL0 0 H2,H2 pipeline,,,0.16971
Link,H2 pipeline DE0 3 -> DE0 5-2045,DE0 3 H2,H2 pipeline,,,0.13149
Link,H2 pipeline DE0 3 -> DE0 5-reversed-2045,DE0 5 H2,H2 pipeline,,,0.13149
Link,H2 pipeline DE0 3 -> PL0 0-2045,DE0 3 H2,H2 pipeline,,,0.0978
Link,H2 pipeline DE0 3 -> PL0 0-reversed-2045,PL0 0 H2,H2 pipeline,,,0.0978
Link,H2 pipeline DE0 4 -> DE0 6-2045,DE0 4 H2,H2 pipeline,,,0.18269
Link,H2 pipeline DE0 4 -> DE0 6-reversed-2045,DE0 6 H2,H2 pipeline,,,0.18269
Link,H2 pipeline DE0 4 -> FR0 0-2045,DE0 4 H2,H2 pipeline,,,0.07301
Link,H2 pipeline DE0 4 -> FR0 0-reversed-2045,FR0 0 H2,H2 pipeline,,,0.07301
Link,H2 pipeline DE0 4 -> LU0 0-2045,DE0 4 H2,H2 pipeline,,,0.18969
Link,H2 pipeline DE0 4 -> LU0 0-reversed-2045,LU0 0 H2,H2 pipeline,,,0.18969
Link,H2 pipeline DE0 4 -> NL0 0-2045,DE0 4 H2,H2 pipeline,,,0.2459
Link,H2 pipeline DE0 4 -> NL0 0-reversed-2045,NL0 0 H2,H2 pipeline,,,0.2459
Link,H2 pipeline DE0 5 -> DE0 6-2045,DE0 5 H2,H2 pipeline,,,0.17153
Link,H2 pipeline DE0 5 -> DE0 6-reversed-2045,DE0 6 H2,H2 pipeline,,,0.17153
Link,H2 pipeline DE0 5 -> DE0 7-2045,DE0 5 H2,H2 pipeline,,,0.15965
Link,H2 pipeline DE0 5 -> DE0 7-reversed-2045,DE0 7 H2,H2 pipeline,,,0.15965
Link,H2 pipeline DE0 6 -> FR0 0-2045,DE0 6 H2,H2 pipeline,,,0.08635
Link,H2 pipeline DE0 6 -> FR0 0-reversed-2045,FR0 0 H2,H2 pipeline,,,0.08635
Link,H2 pipeline retrofitted DE0 0 -> CH0 0-2045,DE0 0 H2,H2 pipeline retrofitted,,,0.00333
Link,H2 pipeline retrofitted DE0 2 -> DE0 5-2045,DE0 2 H2,H2 pipeline retrofitted,,,0.17601
Link,H2 pipeline retrofitted DE0 4 <-> NL0 0-2045,DE0 4 H2,H2 pipeline retrofitted,,,0.28376
Link,H2 pipeline retrofitted DE0 6 -> DE0 0-2045,DE0 6 H2,H2 pipeline retrofitted,,,2572.73867
Link,H2 pipeline retrofitted FR0 0 -> DE0 0-2045,FR0 0 H2,H2 pipeline retrofitted,,,0.12894
Link,H2 pipeline retrofitted NL0 0 -> DE0 4-2045,NL0 0 H2,H2 pipeline retrofitted,,,0.2763
Store,DE0 0 H2 Store-2045,DE0 0 H2,H2 Store,,,0.21687
Store,DE0 0 battery-2045,DE0 0 battery,battery,,,0.07744
Store,DE0 0 home battery-2045,DE0 0 home battery,home battery,,,0.0547
Store,DE0 0 rural water tanks-2045,DE0 0 rural water tanks,rural water tanks,,,0.05943
Store,DE0 0 urban central water pits-2045,DE0 0 urban central water pits,urban central water pits,,,251.59111
Store,DE0 0 urban central water tanks-2045,DE0 0 urban central water tanks,urban central water tanks,,,4.34293
Store,DE0 0 urban decentral water tanks-2045,DE0 0 urban decentral water tanks,urban decentral water tanks,,,0.05942
Store,DE0 1 H2 Store-2045,DE0 1 H2,H2 Store,,,706411.40902
Store,DE0 1 battery-2045,DE0 1 battery,battery,,,0.07749
Store,DE0 1 co2 sequestered-2045,DE0 1 co2 sequestered,co2 sequestered,,,22489255.93642
Store,DE0 1 home battery-2045,DE0 1 home battery,home battery,,,0.05474
Store,DE0 1 rural water tanks-2045,DE0 1 rural water tanks,rural water tanks,,,0.05953
Store,DE0 1 urban central water pits-2045,DE0 1 urban central water pits,urban central water pits,,,107.78028
Store,DE0 1 urban central water tanks-2045,DE0 1 urban central water tanks,urban central water tanks,,,4.12285
Store,DE0 1 urban decentral water tanks-2045,DE0 1 urban decentral water tanks,urban decentral water tanks,,,0.05947
Store,DE0 2 H2 Store-2045,DE0 2 H2,H2 Store,,,299783.12089
Store,DE0 2 battery-2045,DE0 2 battery,battery,,,0.07748
Store,DE0 2 co2 sequestered-2045,DE0 2 co2 sequestered,co2 sequestered,,,37510735.73117
Store,DE0 2 home battery-2045,DE0 2 home battery,home battery,,,0.05468
Store,DE0 2 rural water tanks-2045,DE0 2 rural water tanks,rural water tanks,,,0.0596
Store,DE0 2 urban central water pits-2045,DE0 2 urban central water pits,urban central water pits,,,89269.39669
Store,DE0 2 urban central water tanks-2045,DE0 2 urban central water tanks,urban central water tanks,,,4.57331
Store,DE0 2 urban decentral water tanks-2045,DE0 2 urban decentral water tanks,urban decentral water tanks,,,0.05943
Store,DE0 3 H2 Store-2045,DE0 3 H2,H2 Store,,,730854.67309
Store,DE0 3 battery-2045,DE0 3 battery,battery,,,0.07747
Store,DE0 3 home battery-2045,DE0 3 home battery,home battery,,,0.05468
Store,DE0 3 rural water tanks-2045,DE0 3 rural water tanks,rural water tanks,,,0.05953
Store,DE0 3 urban central water pits-2045,DE0 3 urban central water pits,urban central water pits,,,81.15505
Store,DE0 3 urban central water tanks-2045,DE0 3 urban central water tanks,urban central water tanks,,,4.04618
Store,DE0 3 urban decentral water tanks-2045,DE0 3 urban decentral water tanks,urban decentral water tanks,,,0.05948
Store,DE0 4 H2 Store-2045,DE0 4 H2,H2 Store,,,9383406.62701
Store,DE0 4 battery-2045,DE0 4 battery,battery,,,0.07749
Store,DE0 4 home battery-2045,DE0 4 home battery,home battery,,,0.05474
Store,DE0 4 rural water tanks-2045,DE0 4 rural water tanks,rural water tanks,,,0.05954
Store,DE0 4 urban central water pits-2045,DE0 4 urban central water pits,urban central water pits,,,105.42592
Store,DE0 4 urban central water tanks-2045,DE0 4 urban central water tanks,urban central water tanks,,,4.19191
Store,DE0 4 urban decentral water tanks-2045,DE0 4 urban decentral water tanks,urban decentral water tanks,,,0.05949
Store,DE0 5 H2 Store-2045,DE0 5 H2,H2 Store,,,11796921.08567
Store,DE0 5 battery-2045,DE0 5 battery,battery,,,0.07747
Store,DE0 5 home battery-2045,DE0 5 home battery,home battery,,,0.05485
Store,DE0 5 rural water tanks-2045,DE0 5 rural water tanks,rural water tanks,,,0.05951
Store,DE0 5 urban central water pits-2045,DE0 5 urban central water pits,urban central water pits,,,149.8154
Store,DE0 5 urban central water tanks-2045,DE0 5 urban central water tanks,urban central water tanks,,,4.22052
Store,DE0 5 urban decentral water tanks-2045,DE0 5 urban decentral water tanks,urban decentral water tanks,,,0.05953
Store,DE0 6 H2 Store-2045,DE0 6 H2,H2 Store,,,0.21686
Store,DE0 6 battery-2045,DE0 6 battery,battery,,,0.07739
Store,DE0 6 home battery-2045,DE0 6 home battery,home battery,,,0.05465
Store,DE0 6 rural water tanks-2045,DE0 6 rural water tanks,rural water tanks,,,0.0596
Store,DE0 6 urban central water pits-2045,DE0 6 urban central water pits,urban central water pits,,,56.646
Store,DE0 6 urban central water tanks-2045,DE0 6 urban central water tanks,urban central water tanks,,,3.91983
Store,DE0 6 urban decentral water tanks-2045,DE0 6 urban decentral water tanks,urban decentral water tanks,,,0.05943
Store,DE0 7 H2 Store-2045,DE0 7 H2,H2 Store,,,0.21686
Store,DE0 7 battery-2045,DE0 7 battery,battery,,,0.0774
Store,DE0 7 home battery-2045,DE0 7 home battery,home battery,,,0.05476
Store,DE0 7 rural water tanks-2045,DE0 7 rural water tanks,rural water tanks,,,0.05946
Store,DE0 7 urban central water pits-2045,DE0 7 urban central water pits,urban central water pits,,,109.7251
Store,DE0 7 urban central water tanks-2045,DE0 7 urban central water tanks,urban central water tanks,,,4.20843
Store,DE0 7 urban decentral water tanks-2045,DE0 7 urban decentral water tanks,urban decentral water tanks,,,0.05942
