component,bus,carrier,2025,2035,2045
Generator,DE gas primary,gas primary,235562.03548,139530.24035,58988.95419
Generator,DE oil primary,oil primary,214356.23513,79569.6962,25850.62989
Generator,DE0 0,onwind,2979.64047,10544.5697,11127.10101
Generator,DE0 0,ror,30.4444,30.4444,30.4444
Generator,DE0 0,solar,3824.8906,3824.92223,3733.93779
Generator,DE0 0,solar-hsat,0.31306,0.11303,0.0776
Generator,DE0 0 biogas,biogas,0.0,780138.65575,1217834.58512
Generator,DE0 0 biogas,unsustainable biogas,4372810.87822,1439918.79077,
Generator,DE0 0 low voltage,solar rooftop,0.22377,5548.82916,5548.82916
Generator,DE0 0 rural heat,rural heat vent,10.491,1.07802,0.59913
Generator,DE0 0 solid biomass,solid biomass,10000.0,5334994.89268,7949099.06158
Generator,DE0 0 solid biomass,unsustainable solid biomass,7360024.97302,2430282.82631,
Generator,DE0 0 unsustainable bioliquids,unsustainable bioliquids,2061158.58466,678716.97621,
Generator,DE0 0 urban central heat,urban central heat vent,24.8328,0.51738,0.19088
Generator,DE0 0 urban decentral heat,urban decentral heat vent,0.57628,1.18973,0.70423
Generator,DE0 1,onwind,1968.63554,1380.26613,637.12112
Generator,DE0 1,ror,255.4777,255.4777,255.4777
Generator,DE0 1,solar,2353.02037,2353.06144,2297.24348
Generator,DE0 1,solar-hsat,3.70025,15027.21803,15284.20876
Generator,DE0 1 biogas,biogas,0.0,390057.79104,609765.71084
Generator,DE0 1 biogas,unsustainable biogas,3404808.32128,1087206.28854,
Generator,DE0 1 low voltage,solar rooftop,0.24264,5836.57235,5836.57249
Generator,DE0 1 rural heat,rural heat vent,10.22976,1.18286,0.61048
Generator,DE0 1 solid biomass,solid biomass,10000.0,4513481.04756,6604445.76211
Generator,DE0 1 solid biomass,unsustainable solid biomass,5732961.01677,1837427.16165,
Generator,DE0 1 unsustainable bioliquids,unsustainable bioliquids,1604883.01369,512463.18154,
Generator,DE0 1 urban central heat,urban central heat vent,11.93571,0.52667,0.28108
Generator,DE0 1 urban decentral heat,urban decentral heat vent,44.61204,1.16457,0.80259
Generator,DE0 10,offwind-ac,172.32748,172.35008,106.1102
Generator,DE0 10,offwind-dc,156.72731,821.87497,821.87497
Generator,DE0 10,onwind,6508.06424,6508.09801,6508.09797
Generator,DE0 10,solar,2602.44012,2602.465,2540.5409
Generator,DE0 10,solar-hsat,0.16458,0.05141,0.0176
Generator,DE0 10 biogas,biogas,0.0,932883.20933,1436207.907
Generator,DE0 10 biogas,unsustainable biogas,1726858.26019,606673.27805,
Generator,DE0 10 low voltage,solar rooftop,0.17917,1738.90281,1738.90285
Generator,DE0 10 rural heat,rural heat vent,8.60873,0.97652,0.52694
Generator,DE0 10 solid biomass,solid biomass,10000.0,1973947.35464,2795068.83433
Generator,DE0 10 solid biomass,unsustainable solid biomass,2912584.10224,1029724.8105,
Generator,DE0 10 unsustainable bioliquids,unsustainable bioliquids,813968.1378,285960.19127,
Generator,DE0 10 urban central heat,urban central heat vent,72.85869,0.37102,0.18443
Generator,DE0 10 urban decentral heat,urban decentral heat vent,0.35488,0.04509,0.0391
Generator,DE0 11,onwind,2346.98006,1645.5316,759.45941
Generator,DE0 11,ror,33.655,33.655,33.655
Generator,DE0 11,solar,2383.48472,2383.51968,2326.83686
Generator,DE0 11,solar-hsat,1.22095,0.37022,0.15077
Generator,DE0 11 biogas,biogas,0.0,313155.58067,482680.72574
Generator,DE0 11 biogas,unsustainable biogas,2755978.08431,892723.13192,
Generator,DE0 11 low voltage,solar rooftop,0.16561,4651.18672,4651.18685
Generator,DE0 11 rural heat,rural heat vent,8.05361,1.46773,0.82507
Generator,DE0 11 solid biomass,solid biomass,10000.0,3709723.38061,5398339.33362
Generator,DE0 11 solid biomass,unsustainable solid biomass,4642376.81869,1510530.77902,
Generator,DE0 11 unsustainable bioliquids,unsustainable bioliquids,1299051.81034,420792.02562,
Generator,DE0 11 urban central heat,urban central heat vent,48.90162,450.27276,0.21359
Generator,DE0 11 urban decentral heat,urban decentral heat vent,0.35899,1.463,0.82418
Generator,DE0 12,onwind,644.3059,2406.07912,2406.07924
Generator,DE0 12,ror,16.765,16.765,16.765
Generator,DE0 12,solar,737.56589,737.60107,720.07779
Generator,DE0 12,solar-hsat,1.20183,2832.40836,3308.15138
Generator,DE0 12 biogas,biogas,0.0,80960.35241,129639.63604
Generator,DE0 12 biogas,unsustainable biogas,1121763.01999,375330.83721,
Generator,DE0 12 low voltage,solar rooftop,0.16687,1894.81249,1894.8125
Generator,DE0 12 rural heat,rural heat vent,53.07609,1.38618,0.75427
Generator,DE0 12 solid biomass,solid biomass,10000.0,1283360.99371,1906988.45454
Generator,DE0 12 solid biomass,unsustainable solid biomass,1895511.73155,640873.61961,
Generator,DE0 12 unsustainable bioliquids,unsustainable bioliquids,528751.767,176915.12365,
Generator,DE0 12 urban central heat,urban central heat vent,14.8419,0.45349,0.20674
Generator,DE0 12 urban decentral heat,urban decentral heat vent,0.43011,2.07844,0.90925
Generator,DE0 13,onwind,1834.45855,6850.55953,6850.5597
Generator,DE0 13,ror,39.205,39.205,39.205
Generator,DE0 13,solar,2317.89867,2317.9358,2262.80823
Generator,DE0 13,solar-hsat,0.54873,0.48025,0.17256
Generator,DE0 13 biogas,biogas,0.0,783169.91362,1166205.05296
Generator,DE0 13 biogas,unsustainable biogas,2816247.07106,927283.88179,
Generator,DE0 13 low voltage,solar rooftop,0.39674,3915.49244,3915.4925
Generator,DE0 13 rural heat,rural heat vent,106.6715,1.30318,0.97884
Generator,DE0 13 solid biomass,solid biomass,10000.0,3363469.75965,4861285.26227
Generator,DE0 13 solid biomass,unsustainable solid biomass,4743679.74946,1568622.10328,
Generator,DE0 13 unsustainable bioliquids,unsustainable bioliquids,1327460.06829,437082.50519,
Generator,DE0 13 urban central heat,urban central heat vent,0.02675,0.60553,0.30218
Generator,DE0 13 urban decentral heat,urban decentral heat vent,0.49248,0.03801,0.01672
Generator,DE0 14,onwind,2333.51139,8714.21142,8714.21139
Generator,DE0 14,ror,0.914,0.914,0.914
Generator,DE0 14,solar,3618.15115,3618.18281,3532.11038
Generator,DE0 14,solar-hsat,0.24848,0.12042,0.06054
Generator,DE0 14 biogas,biogas,0.0,1209322.36957,1897458.37149
Generator,DE0 14 biogas,unsustainable biogas,4561659.75423,1492128.28385,
Generator,DE0 14 low voltage,solar rooftop,0.6261,6827.70524,6827.70543
Generator,DE0 14 rural heat,rural heat vent,3.72498,1.13647,0.52981
Generator,DE0 14 solid biomass,solid biomass,10000.0,5453371.00194,8043292.16347
Generator,DE0 14 solid biomass,unsustainable solid biomass,7677450.99336,2518038.98331,
Generator,DE0 14 unsustainable bioliquids,unsustainable bioliquids,2150173.97838,703326.32883,
Generator,DE0 14 urban central heat,urban central heat vent,261.50813,0.50822,0.1954
Generator,DE0 14 urban decentral heat,urban decentral heat vent,12.36289,1.14371,0.74738
Generator,DE0 15,onwind,1851.99851,6446.95318,6916.06107
Generator,DE0 15,ror,61.2854,61.2854,61.2854
Generator,DE0 15,solar,3567.77321,3567.81354,3482.99176
Generator,DE0 15,solar-hsat,0.71865,12164.95114,18975.27173
Generator,DE0 15 biogas,biogas,0.0,885925.48305,1313207.03195
Generator,DE0 15 biogas,unsustainable biogas,3060895.5393,1033251.7886,
Generator,DE0 15 low voltage,solar rooftop,206.99391,5401.04613,5401.0463
Generator,DE0 15 rural heat,rural heat vent,144.56685,2.60124,0.69906
Generator,DE0 15 solid biomass,solid biomass,10000.0,3369101.07033,4865906.90244
Generator,DE0 15 solid biomass,unsustainable solid biomass,5154896.33331,1746737.91553,
Generator,DE0 15 unsustainable bioliquids,unsustainable bioliquids,1442777.03593,487031.30629,
Generator,DE0 15 urban central heat,urban central heat vent,0.04091,0.45682,0.20939
Generator,DE0 15 urban decentral heat,urban decentral heat vent,0.40926,2.92667,0.80507
Generator,DE0 16,onwind,1421.50414,996.64109,459.97314
Generator,DE0 16,ror,316.7048,316.7048,316.7048
Generator,DE0 16,solar,1534.59003,1534.62913,1498.13658
Generator,DE0 16,solar-hsat,2681.1166,4282.22607,4282.31118
Generator,DE0 16 biogas,biogas,0.0,228168.86623,357009.80161
Generator,DE0 16 biogas,unsustainable biogas,2291523.79553,722999.02761,
Generator,DE0 16 low voltage,solar rooftop,0.23066,4925.16746,4925.16759
Generator,DE0 16 rural heat,rural heat vent,60.49317,1.38134,0.72386
Generator,DE0 16 solid biomass,solid biomass,10000.0,2750339.27541,4016363.78734
Generator,DE0 16 solid biomass,unsustainable solid biomass,3861700.33474,1225250.56913,
Generator,DE0 16 unsustainable bioliquids,unsustainable bioliquids,1080127.65122,340791.24251,
Generator,DE0 16 urban central heat,urban central heat vent,74.3256,0.63903,0.37524
Generator,DE0 16 urban decentral heat,urban decentral heat vent,1.13413,1.25851,0.99094
Generator,DE0 17,onwind,1259.94939,883.40038,639.06794
Generator,DE0 17,ror,1.938,1.938,1.938
Generator,DE0 17,solar,2202.85424,2202.8892,2150.50914
Generator,DE0 17,solar-hsat,0.71475,339.2823,7258.3908
Generator,DE0 17 biogas,biogas,0.0,266316.97511,423918.41432
Generator,DE0 17 biogas,unsustainable biogas,2839696.56698,926003.9421,
Generator,DE0 17 low voltage,solar rooftop,0.1335,9515.2787,9515.27893
Generator,DE0 17 rural heat,rural heat vent,4.14164,1.19073,0.56919
Generator,DE0 17 solid biomass,solid biomass,10000.0,3209038.76027,4634278.53642
Generator,DE0 17 solid biomass,unsustainable solid biomass,4783094.75857,1566470.72081,
Generator,DE0 17 unsustainable bioliquids,unsustainable bioliquids,1338513.17147,436479.19561,
Generator,DE0 17 urban central heat,urban central heat vent,0.03317,0.46971,0.23505
Generator,DE0 17 urban decentral heat,urban decentral heat vent,13.97856,1.15917,0.90575
Generator,DE0 18,offwind-ac,2224.09304,2224.1147,1355.58619
Generator,DE0 18,onwind,5172.27838,8488.07009,8488.07002
Generator,DE0 18,ror,0.11,0.11,0.11
Generator,DE0 18,solar,3686.25332,3686.27642,3598.56648
Generator,DE0 18,solar-hsat,0.17503,0.0451,0.01653
Generator,DE0 18 biogas,biogas,0.0,1342473.47713,2080689.99541
Generator,DE0 18 biogas,unsustainable biogas,2973310.21379,1035784.58293,
Generator,DE0 18 low voltage,solar rooftop,0.16005,7996.56904,8256.39936
Generator,DE0 18 rural heat,rural heat vent,8.3317,1.11244,0.59155
Generator,DE0 18 solid biomass,solid biomass,10000.0,3378087.32264,4903783.43599
Generator,DE0 18 solid biomass,unsustainable solid biomass,5007678.82318,1750995.15465,
Generator,DE0 18 unsustainable bioliquids,unsustainable bioliquids,1401493.0082,488225.15869,
Generator,DE0 18 urban central heat,urban central heat vent,0.0802,0.46495,0.20963
Generator,DE0 18 urban decentral heat,urban decentral heat vent,61.49344,1.18351,0.78379
Generator,DE0 19,onwind,2421.4908,1697.8142,8966.19997
Generator,DE0 19,ror,11.548,11.548,11.548
Generator,DE0 19,solar,3783.11334,3783.15244,3693.19294
Generator,DE0 19,solar-hsat,0.68114,3590.2433,12345.66354
Generator,DE0 19 biogas,biogas,0.0,62255.04553,101566.10167
Generator,DE0 19 biogas,unsustainable biogas,1752596.35968,570385.49907,
Generator,DE0 19 low voltage,solar rooftop,54.46697,3437.18728,3437.18733
Generator,DE0 19 rural heat,rural heat vent,7.87413,1.08785,0.60456
Generator,DE0 19 solid biomass,solid biomass,10000.0,1582757.33784,2311256.90837
Generator,DE0 19 solid biomass,unsustainable solid biomass,2955845.90325,968730.61496,
Generator,DE0 19 unsustainable bioliquids,unsustainable bioliquids,826099.99216,268855.66303,
Generator,DE0 19 urban central heat,urban central heat vent,0.02082,0.4111,0.20684
Generator,DE0 19 urban decentral heat,urban decentral heat vent,0.39344,1.14048,0.66831
Generator,DE0 2,onwind,1294.05897,4832.50362,4832.50355
Generator,DE0 2,ror,17.587,17.587,17.587
Generator,DE0 2,solar,3530.72013,3530.75778,3446.78864
Generator,DE0 2,solar-hsat,0.36985,30647.30911,37796.49638
Generator,DE0 2 biogas,biogas,0.0,910119.87001,1429794.17002
Generator,DE0 2 biogas,unsustainable biogas,3011040.4749,1044411.1856,
Generator,DE0 2 low voltage,solar rooftop,0.17883,19491.09348,19491.09585
Generator,DE0 2 rural heat,rural heat vent,3.89475,1.09794,0.55627
Generator,DE0 2 solid biomass,solid biomass,10000.0,2491928.51764,3752757.10955
Generator,DE0 2 solid biomass,unsustainable solid biomass,5071097.61012,1765495.15175,
Generator,DE0 2 unsustainable bioliquids,unsustainable bioliquids,1419277.46167,492291.37529,
Generator,DE0 2 urban central heat,urban central heat vent,0.10284,0.46659,0.20063
Generator,DE0 2 urban decentral heat,urban decentral heat vent,8.70014,1.02321,0.81462
Generator,DE0 20,offwind-ac,5020.8375,6467.2115,6467.2114
Generator,DE0 20,offwind-dc,0.18601,765.88894,765.8892
Generator,DE0 20,onwind,4081.4304,15241.59962,15241.59951
Generator,DE0 20,ror,0.475,0.475,0.475
Generator,DE0 20,solar,5301.70731,5301.74291,5175.59479
Generator,DE0 20,solar-hsat,0.25842,0.10343,0.02783
Generator,DE0 20 biogas,biogas,0.0,1470252.09294,2219191.33596
Generator,DE0 20 biogas,unsustainable biogas,5639530.07078,1911550.61627,
Generator,DE0 20 low voltage,solar rooftop,0.11453,2900.43663,2900.43665
Generator,DE0 20 rural heat,rural heat vent,1.8774,1.10412,0.55109
Generator,DE0 20 solid biomass,solid biomass,10000.0,6859955.23396,10002098.90908
Generator,DE0 20 solid biomass,unsustainable solid biomass,9489185.81679,3223023.64957,
Generator,DE0 20 unsustainable bioliquids,unsustainable bioliquids,2658236.57655,901024.32336,
Generator,DE0 20 urban central heat,urban central heat vent,438.7828,0.50055,0.22286
Generator,DE0 20 urban decentral heat,urban decentral heat vent,0.52659,0.0331,0.01279
Generator,DE0 21,onwind,2674.55122,9987.78243,9987.78249
Generator,DE0 21,ror,11.274,11.274,11.274
Generator,DE0 21,solar,3707.86478,3707.89505,3619.69752
Generator,DE0 21,solar-hsat,0.24769,0.10046,0.09384
Generator,DE0 21 biogas,biogas,0.0,1856750.25187,2939608.01528
Generator,DE0 21 biogas,unsustainable biogas,3461645.50671,1178542.24027,
Generator,DE0 21 low voltage,solar rooftop,0.19617,10103.0714,10103.07191
Generator,DE0 21 rural heat,rural heat vent,5.10634,1.15314,0.76353
Generator,DE0 21 solid biomass,solid biomass,10000.0,3632402.62327,5513410.23874
Generator,DE0 21 solid biomass,unsustainable solid biomass,5828495.61544,1990948.89968,
Generator,DE0 21 unsustainable bioliquids,unsustainable bioliquids,1631673.66527,555515.09625,
Generator,DE0 21 urban central heat,urban central heat vent,1039.43814,0.49397,0.21685
Generator,DE0 21 urban decentral heat,urban decentral heat vent,21.31721,1.2918,1.02699
Generator,DE0 22,onwind,1910.88584,1339.92974,4716.11766
Generator,DE0 22,ror,8.37022,8.37022,8.37022
Generator,DE0 22,solar,2013.59604,2013.62642,1965.72095
Generator,DE0 22,solar-hsat,0.39306,0.09285,0.02939
Generator,DE0 22 biogas,biogas,0.0,409932.02994,613399.09033
Generator,DE0 22 biogas,unsustainable biogas,2223351.02827,729446.71584,
Generator,DE0 22 low voltage,solar rooftop,0.1516,2450.40957,2450.40958
Generator,DE0 22 rural heat,rural heat vent,6.08861,1.05415,0.60007
Generator,DE0 22 solid biomass,solid biomass,10000.0,2826816.51584,4116010.06734
Generator,DE0 22 solid biomass,unsustainable solid biomass,3747112.36014,1236088.14495,
Generator,DE0 22 unsustainable bioliquids,unsustainable bioliquids,1047993.88454,343830.41075,
Generator,DE0 22 urban central heat,urban central heat vent,36.34601,0.48618,0.18771
Generator,DE0 22 urban decentral heat,urban decentral heat vent,0.34949,0.03614,0.01282
Generator,DE0 23,onwind,2509.08876,1759.15883,811.89448
Generator,DE0 23,ror,701.352,701.352,701.352
Generator,DE0 23,solar,2336.64407,2336.68264,2281.14877
Generator,DE0 23,solar-hsat,1.22602,5422.30865,5422.90423
Generator,DE0 23 biogas,biogas,0.0,413380.92867,642534.43914
Generator,DE0 23 biogas,unsustainable biogas,2818302.49714,911546.00077,
Generator,DE0 23 low voltage,solar rooftop,0.15674,2418.46069,2418.4607
Generator,DE0 23 rural heat,rural heat vent,2.68548,3.0584,0.74401
Generator,DE0 23 solid biomass,solid biomass,10000.0,3758737.60828,5536714.80446
Generator,DE0 23 solid biomass,unsustainable solid biomass,4747134.60572,1542169.13704,
Generator,DE0 23 unsustainable bioliquids,unsustainable bioliquids,1328428.90944,429664.33197,
Generator,DE0 23 urban central heat,urban central heat vent,108.24222,280.84963,0.18561
Generator,DE0 23 urban decentral heat,urban decentral heat vent,0.40278,0.03414,0.01281
Generator,DE0 24,onwind,2518.49716,1765.82359,9405.01239
Generator,DE0 24,ror,67.783,67.783,67.783
Generator,DE0 24,solar,2818.74192,2818.77446,2751.75303
Generator,DE0 24,solar-hsat,6.06091,4156.03081,9061.82533
Generator,DE0 24 biogas,biogas,0.0,372101.02142,580029.06086
Generator,DE0 24 biogas,unsustainable biogas,3696128.06102,1185871.11846,
Generator,DE0 24 low voltage,solar rooftop,0.1722,3722.8703,3722.87034
Generator,DE0 24 rural heat,rural heat vent,6.34697,1.15247,0.57229
Generator,DE0 24 solid biomass,solid biomass,10000.0,4686156.09583,6868759.14279
Generator,DE0 24 solid biomass,unsustainable solid biomass,6222624.85586,2003267.62081,
Generator,DE0 24 unsustainable bioliquids,unsustainable bioliquids,1742198.84993,558969.62027,
Generator,DE0 24 urban central heat,urban central heat vent,223.21941,139.89974,0.22954
Generator,DE0 24 urban decentral heat,urban decentral heat vent,0.51629,0.2533,0.01497
Generator,DE0 25,onwind,1411.07433,5269.48359,5269.48352
Generator,DE0 25,ror,128.613,128.613,128.613
Generator,DE0 25,solar,1794.67615,1794.7065,1752.03554
Generator,DE0 25,solar-hsat,0.3163,0.1244,0.20802
Generator,DE0 25 biogas,biogas,0.0,269091.4644,424471.01192
Generator,DE0 25 biogas,unsustainable biogas,2222092.94711,736806.93646,
Generator,DE0 25 low voltage,solar rooftop,0.13582,5515.45915,5515.45945
Generator,DE0 25 rural heat,rural heat vent,5.62496,1.21882,0.62722
Generator,DE0 25 solid biomass,solid biomass,10000.0,2460972.78295,3620582.27042
Generator,DE0 25 solid biomass,unsustainable solid biomass,3744997.71852,1248459.5479,
Generator,DE0 25 unsustainable bioliquids,unsustainable bioliquids,1047400.87816,347299.70827,
Generator,DE0 25 urban central heat,urban central heat vent,0.31741,0.48942,0.22584
Generator,DE0 25 urban decentral heat,urban decentral heat vent,3.07671,1.22245,0.89056
Generator,DE0 26,onwind,1393.97148,5205.61601,5205.61592
Generator,DE0 26,ror,109.05,109.05,109.05
Generator,DE0 26,solar,1566.43543,1566.4701,1529.22515
Generator,DE0 26,solar-hsat,0.56077,5237.03629,5780.61236
Generator,DE0 26 biogas,biogas,0.0,234266.36063,363551.43429
Generator,DE0 26 biogas,unsustainable biogas,1741505.13784,580130.06315,
Generator,DE0 26 low voltage,solar rooftop,0.13475,2643.87574,2643.87575
Generator,DE0 26 rural heat,rural heat vent,4.7556,2.06479,0.57916
Generator,DE0 26 solid biomass,solid biomass,10000.0,2079347.58866,3136644.13838
Generator,DE0 26 solid biomass,unsustainable solid biomass,2937203.25901,985109.73388,
Generator,DE0 26 unsustainable bioliquids,unsustainable bioliquids,820872.05806,273448.83947,
Generator,DE0 26 urban central heat,urban central heat vent,68.16399,0.48404,0.19995
Generator,DE0 26 urban decentral heat,urban decentral heat vent,0.34657,2.53975,0.62198
Generator,DE0 27,offwind-ac,39.71878,39.81481,65.48807
Generator,DE0 27,onwind,1853.55007,6921.85618,6921.85602
Generator,DE0 27,ror,19.9,19.9,19.9
Generator,DE0 27,solar,2834.30921,2834.3352,2766.89728
Generator,DE0 27,solar-hsat,0.20149,0.06371,0.02385
Generator,DE0 27 biogas,biogas,0.0,1088355.84834,1726509.99716
Generator,DE0 27 biogas,unsustainable biogas,2779833.98529,931428.43911,
Generator,DE0 27 low voltage,solar rooftop,0.55451,3605.79386,3605.79438
Generator,DE0 27 rural heat,rural heat vent,6.28907,1.04173,0.58042
Generator,DE0 27 solid biomass,solid biomass,10000.0,3449917.87692,5212018.50567
Generator,DE0 27 solid biomass,unsustainable solid biomass,4682474.93243,1575588.46899,
Generator,DE0 27 unsustainable bioliquids,unsustainable bioliquids,1310296.47572,439036.07467,
Generator,DE0 27 urban central heat,urban central heat vent,111.02693,0.47379,0.2047
Generator,DE0 27 urban decentral heat,urban decentral heat vent,0.37057,1.08564,0.63299
Generator,DE0 28,onwind,2539.30682,1780.37036,821.78943
Generator,DE0 28,ror,126.325,126.325,126.325
Generator,DE0 28,solar,3055.8309,3055.86536,2983.22202
Generator,DE0 28,solar-hsat,13679.76154,13679.97932,13679.99011
Generator,DE0 28 biogas,biogas,0.0,550871.75402,856160.39068
Generator,DE0 28 biogas,unsustainable biogas,2578239.41593,850822.00083,
Generator,DE0 28 low voltage,solar rooftop,0.21329,4916.4759,4916.476
Generator,DE0 28 rural heat,rural heat vent,8.10778,3.22699,1.64042
Generator,DE0 28 solid biomass,solid biomass,10000.0,3099253.92678,4532057.78087
Generator,DE0 28 solid biomass,unsustainable solid biomass,4343625.35478,1440101.39881,
Generator,DE0 28 unsustainable bioliquids,unsustainable bioliquids,1215273.29982,401041.59998,
Generator,DE0 28 urban central heat,urban central heat vent,350.54671,0.50656,0.23698
Generator,DE0 28 urban decentral heat,urban decentral heat vent,0.40306,3.93213,283.21716
Generator,DE0 29,onwind,1712.16979,1200.44122,554.02955
Generator,DE0 29,ror,30.1985,30.1985,30.1985
Generator,DE0 29,solar,1411.68237,1411.7159,1378.15485
Generator,DE0 29,solar-hsat,1.08843,127.69721,128.10836
Generator,DE0 29 biogas,biogas,0.0,209870.48485,312496.22343
Generator,DE0 29 biogas,unsustainable biogas,2161098.62056,684961.49913,
Generator,DE0 29 low voltage,solar rooftop,0.14395,1648.96153,1648.96204
Generator,DE0 29 rural heat,rural heat vent,2.01091,220.84362,332.5831
Generator,DE0 29 solid biomass,solid biomass,10000.0,3053136.53835,4465130.80435
Generator,DE0 29 solid biomass,unsustainable solid biomass,3642475.60269,1161315.31283,
Generator,DE0 29 unsustainable bioliquids,unsustainable bioliquids,1018650.72561,322861.95617,
Generator,DE0 29 urban central heat,urban central heat vent,179.43028,87.63534,0.22392
Generator,DE0 29 urban decentral heat,urban decentral heat vent,0.37652,0.03495,0.01286
Generator,DE0 3,onwind,1016.72569,712.88694,2678.90437
Generator,DE0 3,ror,236.738,236.738,236.738
Generator,DE0 3,solar,1882.17496,1882.20943,1837.46351
Generator,DE0 3,solar-hsat,3010.12219,10518.7856,12886.44941
Generator,DE0 3 biogas,biogas,0.0,170893.14407,275059.4498
Generator,DE0 3 biogas,unsustainable biogas,2469320.8331,803080.77043,
Generator,DE0 3 low voltage,solar rooftop,0.2621,7671.85209,7671.85224
Generator,DE0 3 rural heat,rural heat vent,4.4365,1.09176,0.62795
Generator,DE0 3 solid biomass,solid biomass,10000.0,2906469.88019,4273586.52545
Generator,DE0 3 solid biomass,unsustainable solid biomass,4160549.90832,1359855.70663,
Generator,DE0 3 unsustainable bioliquids,unsustainable bioliquids,1163933.67451,378538.3979,
Generator,DE0 3 urban central heat,urban central heat vent,102.53634,0.44715,1.32355
Generator,DE0 3 urban decentral heat,urban decentral heat vent,14.78238,1.08931,0.92776
Generator,DE0 4,onwind,2185.88558,1532.67008,3738.40487
Generator,DE0 4,ror,2.561,2.561,2.561
Generator,DE0 4,solar,2732.2545,2732.28739,2667.30486
Generator,DE0 4,solar-hsat,0.40443,0.15784,0.07512
Generator,DE0 4 biogas,biogas,0.0,742383.16581,1105477.06398
Generator,DE0 4 biogas,unsustainable biogas,3330568.0562,1093657.67169,
Generator,DE0 4 low voltage,solar rooftop,0.51479,3628.93678,3628.93684
Generator,DE0 4 rural heat,rural heat vent,6.58566,0.99207,0.51203
Generator,DE0 4 solid biomass,solid biomass,10000.0,4000443.504,5806898.55108
Generator,DE0 4 solid biomass,unsustainable solid biomass,5608174.50815,1848270.94808,
Generator,DE0 4 unsustainable bioliquids,unsustainable bioliquids,1569889.28449,515504.09141,
Generator,DE0 4 urban central heat,urban central heat vent,0.05893,0.48602,0.18148
Generator,DE0 4 urban decentral heat,urban decentral heat vent,0.35155,0.03963,0.01583
Generator,DE0 5,offwind-ac,96.87622,159.928,159.92804
Generator,DE0 5,onwind,3128.47618,11682.9091,11682.90992
Generator,DE0 5,ror,0.375,0.375,0.375
Generator,DE0 5,solar,3765.97077,3766.00419,3676.41162
Generator,DE0 5,solar-hsat,0.42294,0.3415,0.11147
Generator,DE0 5 biogas,biogas,0.0,1159427.80986,1730250.60415
Generator,DE0 5 biogas,unsustainable biogas,4407991.39308,1433334.88952,
Generator,DE0 5 low voltage,solar rooftop,0.62476,11025.14645,11025.1466
Generator,DE0 5 rural heat,rural heat vent,4.35338,1.23515,0.68752
Generator,DE0 5 solid biomass,solid biomass,10000.0,4991097.66177,7280573.62418
Generator,DE0 5 solid biomass,unsustainable solid biomass,7419158.02724,2419216.29726,
Generator,DE0 5 unsustainable bioliquids,unsustainable bioliquids,2077741.19531,675613.6029,
Generator,DE0 5 urban central heat,urban central heat vent,0.1282,0.70941,0.96406
Generator,DE0 5 urban decentral heat,urban decentral heat vent,50.15918,1.18768,0.90429
Generator,DE0 6,offwind-ac,1589.2285,2406.51877,2406.51892
Generator,DE0 6,offwind-dc,2700.00418,36942.29779,42968.07239
Generator,DE0 6,onwind,2026.30591,6508.89958,6508.89951
Generator,DE0 6,solar,2736.447,2736.47063,2671.35995
Generator,DE0 6,solar-hsat,0.19102,0.0499,0.02128
Generator,DE0 6 biogas,biogas,0.0,2190642.08766,3521976.20821
Generator,DE0 6 biogas,unsustainable biogas,2493831.8985,867373.39641,
Generator,DE0 6 low voltage,solar rooftop,0.11099,2557.20276,2557.20337
Generator,DE0 6 rural heat,rural heat vent,13.35162,1.1242,0.63297
Generator,DE0 6 solid biomass,solid biomass,10000.0,2663727.46557,4137128.45963
Generator,DE0 6 solid biomass,unsustainable solid biomass,4201749.25305,1467921.75836,
Generator,DE0 6 unsustainable bioliquids,unsustainable bioliquids,1175487.15676,408843.22965,
Generator,DE0 6 urban central heat,urban central heat vent,0.03325,604.79394,298.59403
Generator,DE0 6 urban decentral heat,urban decentral heat vent,0.40313,1.24278,0.64193
Generator,DE0 7,onwind,2677.32649,1877.12738,866.38823
Generator,DE0 7,ror,495.9628,495.9628,495.9628
Generator,DE0 7,solar,2945.92538,2945.96235,2875.93979
Generator,DE0 7,solar-hsat,7.54285,546.87798,3971.48468
Generator,DE0 7 biogas,biogas,0.0,417026.3088,648121.41559
Generator,DE0 7 biogas,unsustainable biogas,3956234.7321,1255113.49523,
Generator,DE0 7 low voltage,solar rooftop,0.25869,5744.46953,5744.46997
Generator,DE0 7 rural heat,rural heat vent,9.51442,1.03657,0.56221
Generator,DE0 7 solid biomass,solid biomass,10000.0,5312393.61376,7777397.78772
Generator,DE0 7 solid biomass,unsustainable solid biomass,6659824.30978,2119653.44508,
Generator,DE0 7 unsustainable bioliquids,unsustainable bioliquids,1864802.16229,591607.55575,
Generator,DE0 7 urban central heat,urban central heat vent,0.10236,0.43893,0.29777
Generator,DE0 7 urban decentral heat,urban decentral heat vent,0.36668,1.0902,0.78106
Generator,DE0 8,onwind,2295.96995,1609.80057,5799.36485
Generator,DE0 8,ror,23.612,23.612,23.612
Generator,DE0 8,solar,2617.12434,2617.15155,2554.88847
Generator,DE0 8,solar-hsat,0.28693,0.07159,0.02983
Generator,DE0 8 biogas,biogas,0.0,465028.74126,717150.24277
Generator,DE0 8 biogas,unsustainable biogas,3445347.14702,1117493.61915,
Generator,DE0 8 low voltage,solar rooftop,0.11124,4079.99026,4079.99032
Generator,DE0 8 rural heat,rural heat vent,5.22381,1.25429,0.57155
Generator,DE0 8 solid biomass,solid biomass,10000.0,4142607.7721,5988501.80643
Generator,DE0 8 solid biomass,unsustainable solid biomass,5801100.57044,1888335.52301,
Generator,DE0 8 unsustainable bioliquids,unsustainable bioliquids,1623991.30605,526739.35154,
Generator,DE0 8 urban central heat,urban central heat vent,59.53305,47.12722,0.20617
Generator,DE0 8 urban decentral heat,urban decentral heat vent,0.50303,1.31526,0.66746
Generator,DE0 9,onwind,1027.89314,720.71454,2485.44311
Generator,DE0 9,ror,23.25203,23.25203,23.25203
Generator,DE0 9,solar,1958.86098,1958.89701,1912.36155
Generator,DE0 9,solar-hsat,8708.52031,16206.53054,20969.60416
Generator,DE0 9 biogas,biogas,0.0,353794.88841,552294.91184
Generator,DE0 9 biogas,unsustainable biogas,2201067.9399,718781.62052,
Generator,DE0 9 low voltage,solar rooftop,0.19798,8602.50568,8602.50628
Generator,DE0 9 rural heat,rural heat vent,5.20306,1.18482,0.56255
Generator,DE0 9 solid biomass,solid biomass,10000.0,2513138.29029,3675237.44497
Generator,DE0 9 solid biomass,unsustainable solid biomass,3709657.90337,1218161.7541,
Generator,DE0 9 unsustainable bioliquids,unsustainable bioliquids,1037490.57668,338803.33472,
Generator,DE0 9 urban central heat,urban central heat vent,89.90447,0.43702,0.26398
Generator,DE0 9 urban decentral heat,urban decentral heat vent,40.2074,1.13529,1.12292
Line,DE0 0,AC,14181.74409,19811.72696,20033.34349
Line,DE0 1,AC,9473.65297,9473.65307,9473.65559
Line,DE0 10,AC,24570.21962,40045.30932,40045.33587
Line,DE0 11,AC,25687.42778,26264.6164,28608.05343
Line,DE0 12,AC,15551.08707,19278.87483,19327.67747
Line,DE0 13,AC,35831.31191,42025.32444,42025.32952
Line,DE0 14,AC,31452.77479,41652.766,41800.02638
Line,DE0 15,AC,15717.16218,18282.11046,18282.11696
Line,DE0 16,AC,17636.32868,22411.46457,25039.70078
Line,DE0 17,AC,27163.45146,33382.23544,34852.92223
Line,DE0 18,AC,13584.83963,15356.40221,15356.47682
Line,DE0 19,AC,25761.51549,28106.4376,28798.37844
Line,DE0 2,AC,33559.92042,53199.59483,54080.76354
Line,DE0 20,AC,4379.32473,6094.81983,6094.83002
Line,DE0 21,AC,7775.52776,19849.06576,20938.86271
Line,DE0 22,AC,17152.17545,17152.17562,17152.17724
Line,DE0 23,AC,11834.4283,12643.21961,13326.988
Line,DE0 24,AC,18596.10935,21437.50211,23410.84373
Line,DE0 25,AC,491.55742,684.09765,698.09834
Line,DE0 26,AC,9756.27316,13167.95763,13406.86598
Line,DE0 27,AC,3172.77203,14193.09423,16111.66536
Line,DE0 28,AC,5585.88125,5585.88128,5585.88398
Line,DE0 3,AC,9473.64838,9473.6484,9473.65248
Line,DE0 4,AC,3396.21551,4760.25246,4760.28057
Line,DE0 5,AC,3574.95856,7521.50496,7521.50496
Line,DE0 6,AC,4955.62072,11416.73032,11416.73093
Link,DE gas,CCGT,11354.96227,10659.47563,7987.5458
Link,DE gas,OCGT,73.32775,57.55556,57.55556
Link,DE gas,SMR,759.43693,673.0592,672.89728
Link,DE gas,SMR CC,1329.16657,1256.48304,1256.40881
Link,DE gas,gas for industry,34547.79562,21570.63748,0.18433
Link,DE gas,gas for industry CC,6.53712,0.54889,11229.10722
Link,DE gas,rural gas boiler,33147.87811,15697.30315,
Link,DE gas,urban central gas CHP,59729.30236,55264.08821,40672.62947
Link,DE gas,urban central gas CHP CC,3.53644,0.28529,0.43072
Link,DE gas,urban central gas boiler,108.84619,55.54021,53.79465
Link,DE gas,urban decentral gas boiler,117316.95091,55571.16831,
Link,DE gas primary,gas compressing,1000000.0,1000000.0,1000000.0
Link,DE methanol,industry methanol,589.0411,731.73516,780.82192
Link,DE methanol,methanol,1000000.0,1000000.0,1000000.0
Link,DE oil,agriculture machinery oil,740.07532,740.07532,740.07532
Link,DE oil,kerosene for aviation,15276.87574,16793.41231,15601.64874
Link,DE oil,land transport oil,132442.05677,43917.17071,3348.58808
Link,DE oil,naphtha for industry,21263.69863,16428.08219,11242.00913
Link,DE oil,oil,2231.42857,1787.42857,1197.14286
Link,DE oil,rural oil boiler,18823.54833,8911.9443,
Link,DE oil,shipping oil,2174.92093,1413.69861,434.98419
Link,DE oil,urban central oil CHP,853.65817,793.55273,
Link,DE oil,urban decentral oil boiler,66907.9676,31683.05944,
Link,DE oil primary,oil refining,1000000.0,1000000.0,1000000.0
Link,DE renewable gas,renewable gas,2000000.0,2000000.0,2000000.0
Link,DE renewable oil,renewable oil,2000000.0,2000000.0,2000000.0
Link,DE0 0,DAC,0.00899,0.00122,0.00212
Link,DE0 0,H2 Electrolysis,0.03363,0.16959,0.07557
Link,DE0 0,battery charger,0.75969,133.29799,284.81454
Link,DE0 0,electricity distribution grid,2681.70741,4588.55608,5064.027
Link,DE0 0 H2,Fischer-Tropsch,0.14462,0.39432,0.01189
Link,DE0 0 H2,H2 Fuel Cell,0.09087,0.01518,0.00869
Link,DE0 0 H2,H2 pipeline,0.0,2.80857,0.77638
Link,DE0 0 H2,H2 pipeline retrofitted,0.0,296.60231,296.98096
Link,DE0 0 H2,H2 turbine,0.49846,3.70023,1.19824
Link,DE0 0 H2,Sabatier,0.03901,0.00889,0.00348
Link,DE0 0 H2,methanolisation,2.11119,0.05706,0.03387
Link,DE0 0 battery,battery discharger,0.77739,136.04669,290.68762
Link,DE0 0 biogas,biogas to gas,497.88447,497.88901,0.00628
Link,DE0 0 biogas,biogas to gas CC,1.32802,0.00456,139.01883
Link,DE0 0 co2 stored,CO2 pipeline,3.87632,580.13861,597.56517
Link,DE0 0 co2 stored,co2 sequestered,0.0,0.0,0.0
Link,DE0 0 home battery,home battery discharger,19.44866,272.43371,102.19444
Link,DE0 0 low voltage,BEV charger,1583.5831,9636.30126,14913.31667
Link,DE0 0 low voltage,electricity distribution grid,2681.70741,4588.55608,5064.027
Link,DE0 0 low voltage,home battery charger,19.00603,266.92943,100.12969
Link,DE0 0 low voltage,rural air heat pump,0.06045,0.00361,0.0017
Link,DE0 0 low voltage,rural ground heat pump,43.14377,248.88847,276.41318
Link,DE0 0 low voltage,rural resistive heater,89.1838,910.71011,871.22461
Link,DE0 0 low voltage,urban central air heat pump,0.04647,0.01537,38.78564
Link,DE0 0 low voltage,urban central resistive heater,9.72692,1493.28673,1493.46993
Link,DE0 0 low voltage,urban decentral air heat pump,0.18462,212.96709,212.96991
Link,DE0 0 low voltage,urban decentral resistive heater,1.46844,929.42589,929.4483
Link,DE0 0 non-sequestered HVC,HVC to air,0.0,0.0,0.0
Link,DE0 0 non-sequestered HVC,waste CHP,228.04312,318.23796,318.24172
Link,DE0 0 non-sequestered HVC,waste CHP CC,0.44414,0.03302,0.00619
Link,DE0 0 process emissions,process emissions,438.04937,0.0035,0.00023
Link,DE0 0 process emissions,process emissions CC,0.39128,325.18517,325.18786
Link,DE0 0 rural heat,rural water tanks charger,688.53395,1185.533,1185.91849
Link,DE0 0 rural water tanks,rural water tanks discharger,688.53395,1185.533,1185.91849
Link,DE0 0 solid biomass,biomass to liquid,0.05251,0.00566,0.00396
Link,DE0 0 solid biomass,biomass to liquid CC,0.0405,0.00471,55.73019
Link,DE0 0 solid biomass,rural biomass boiler,812.21725,606.93578,6e-05
Link,DE0 0 solid biomass,solid biomass,234.2242,,
Link,DE0 0 solid biomass,solid biomass for industry,156.30664,163.20431,0.00132
Link,DE0 0 solid biomass,solid biomass for industry CC,0.15927,0.0536,180.1137
Link,DE0 0 solid biomass,urban central solid biomass CHP,809.84419,421.53145,0.00612
Link,DE0 0 solid biomass,urban central solid biomass CHP CC,0.03926,0.00375,0.00435
Link,DE0 0 solid biomass,urban decentral biomass boiler,1238.07175,2031.37593,2625.68097
Link,DE0 0 unsustainable bioliquids,unsustainable bioliquids,2061158.58466,678716.97621,
Link,DE0 0 urban central heat,urban central water pits charger,327.58941,1401.61383,2159.39883
Link,DE0 0 urban central heat,urban central water tanks charger,2.86058,0.46982,0.65937
Link,DE0 0 urban central water pits,urban central water pits discharger,327.58941,1401.61383,2159.39883
Link,DE0 0 urban central water tanks,urban central water tanks discharger,2.86058,0.46982,0.65937
Link,DE0 0 urban decentral heat,urban decentral water tanks charger,30.52466,1568.11182,1568.44276
Link,DE0 0 urban decentral water tanks,urban decentral water tanks discharger,30.52466,1568.11182,1568.44276
Link,DE0 1,DAC,0.0092,0.0012,0.00162
Link,DE0 1,DC,0.0,4000.00007,4000.00043
Link,DE0 1,H2 Electrolysis,0.04021,0.03735,0.01516
Link,DE0 1,battery charger,0.75988,2906.02212,2968.54203
Link,DE0 1,electricity distribution grid,2507.0774,4206.71707,5065.97643
Link,DE0 1 H2,Fischer-Tropsch,0.14513,0.16813,0.01367
Link,DE0 1 H2,H2 Fuel Cell,0.09535,0.01408,0.00892
Link,DE0 1 H2,H2 pipeline,7.7584,2.866,0.88206
Link,DE0 1 H2,H2 pipeline retrofitted,0.0,343.0891,596.02221
Link,DE0 1 H2,H2 turbine,0.4983,0.55182,0.1952
Link,DE0 1 H2,Sabatier,0.03851,0.00888,0.00357
Link,DE0 1 H2,methanolisation,2.98152,0.0456,0.0471
Link,DE0 1 battery,battery discharger,0.77758,2965.94641,3029.75552
Link,DE0 1 biogas,biogas to gas,387.23923,387.24368,0.00679
Link,DE0 1 biogas,biogas to gas CC,1.47069,0.00441,69.60406
Link,DE0 1 co2 stored,CO2 pipeline,3.34547,0.39508,0.13435
Link,DE0 1 co2 stored,co2 sequestered,0.0,0.0,0.0
Link,DE0 1 home battery,home battery discharger,25.9509,218.12504,138.65875
Link,DE0 1 low voltage,BEV charger,1665.70231,10136.00694,15686.67035
Link,DE0 1 low voltage,electricity distribution grid,2507.0774,4206.71707,5065.97643
Link,DE0 1 low voltage,home battery charger,25.36028,213.71802,135.85727
Link,DE0 1 low voltage,rural air heat pump,0.08433,0.00365,0.0017
Link,DE0 1 low voltage,rural ground heat pump,38.11759,242.95923,227.5119
Link,DE0 1 low voltage,rural resistive heater,28.30654,555.89358,527.74519
Link,DE0 1 low voltage,urban central air heat pump,0.0441,0.0126,70.30376
Link,DE0 1 low voltage,urban central resistive heater,6.01622,1413.42716,1413.62063
Link,DE0 1 low voltage,urban decentral air heat pump,30.15834,326.42499,461.23305
Link,DE0 1 low voltage,urban decentral resistive heater,18.75465,1083.15104,1463.86634
Link,DE0 1 non-sequestered HVC,HVC to air,0.0,0.0,0.0
Link,DE0 1 non-sequestered HVC,waste CHP,238.43353,341.55305,341.55663
Link,DE0 1 non-sequestered HVC,waste CHP CC,0.4984,0.01667,0.00414
Link,DE0 1 process emissions,process emissions,96.11061,0.00722,0.00038
Link,DE0 1 process emissions,process emissions CC,0.46727,111.51731,118.18652
Link,DE0 1 rural heat,rural water tanks charger,403.09167,1593.27718,1593.84833
Link,DE0 1 rural water tanks,rural water tanks discharger,403.09167,1593.27718,1593.84833
Link,DE0 1 solid biomass,biomass to liquid,0.05267,0.00544,0.00327
Link,DE0 1 solid biomass,biomass to liquid CC,0.0405,0.00438,0.00327
Link,DE0 1 solid biomass,rural biomass boiler,303.1383,143.59181,2e-05
Link,DE0 1 solid biomass,solid biomass for industry,228.22249,292.23041,0.002
Link,DE0 1 solid biomass,solid biomass for industry CC,0.16241,0.02377,383.05604
Link,DE0 1 solid biomass,urban central solid biomass CHP,541.78195,316.1573,0.00518
Link,DE0 1 solid biomass,urban central solid biomass CHP CC,0.03743,0.00356,0.00288
Link,DE0 1 solid biomass,urban decentral biomass boiler,1212.28705,1411.35847,1202.34661
Link,DE0 1 unsustainable bioliquids,unsustainable bioliquids,1604883.01369,512463.18154,
Link,DE0 1 urban central heat,urban central water pits charger,219.55266,1209.94766,1539.52851
Link,DE0 1 urban central heat,urban central water tanks charger,2.83549,0.54991,0.62481
Link,DE0 1 urban central water pits,urban central water pits discharger,219.55266,1209.94766,1539.52851
Link,DE0 1 urban central water tanks,urban central water tanks discharger,2.83549,0.54991,0.62481
Link,DE0 1 urban decentral heat,urban decentral water tanks charger,189.9043,1794.14131,1794.73939
Link,DE0 1 urban decentral water tanks,urban decentral water tanks discharger,189.9043,1794.14131,1794.73939
Link,DE0 10,DAC,0.00875,0.00121,0.00234
Link,DE0 10,DC,1400.00111,5400.09655,5400.09676
Link,DE0 10,H2 Electrolysis,0.04052,960.76725,960.83524
Link,DE0 10,battery charger,0.7648,592.74605,541.1129
Link,DE0 10,electricity distribution grid,1505.03808,2217.83018,2520.48035
Link,DE0 10 H2,Fischer-Tropsch,0.14502,1120.83297,1120.84489
Link,DE0 10 H2,H2 Fuel Cell,0.09958,0.01385,0.00824
Link,DE0 10 H2,H2 pipeline,470.70707,471.52828,469.95485
Link,DE0 10 H2,H2 pipeline retrofitted,0.0,0.0,0.0
Link,DE0 10 H2,H2 turbine,0.49842,4.24956,1.31429
Link,DE0 10 H2,Sabatier,0.0385,0.00863,0.00346
Link,DE0 10 H2,methanolisation,426.17228,426.23282,0.03566
Link,DE0 10 battery,battery discharger,0.78261,604.9689,552.27104
Link,DE0 10 biogas,biogas to gas,195.2938,195.29826,0.00604
Link,DE0 10 biogas,biogas to gas CC,1.86931,0.00452,163.94753
Link,DE0 10 co2 stored,CO2 pipeline,6.81961,476.26542,2523.87517
Link,DE0 10 co2 stored,co2 sequestered,0.0,586.5054,2799.6102
Link,DE0 10 home battery,home battery discharger,2.91438,235.42795,222.66994
Link,DE0 10 low voltage,BEV charger,496.26634,3019.84279,4673.56412
Link,DE0 10 low voltage,electricity distribution grid,1505.03808,2217.83018,2520.48035
Link,DE0 10 low voltage,home battery charger,2.84805,230.67134,218.1711
Link,DE0 10 low voltage,rural air heat pump,0.06146,0.004,0.00186
Link,DE0 10 low voltage,rural ground heat pump,24.21212,185.56114,193.92289
Link,DE0 10 low voltage,rural resistive heater,88.22347,787.84758,732.73747
Link,DE0 10 low voltage,urban central air heat pump,0.06214,0.17482,7.2453
Link,DE0 10 low voltage,urban central resistive heater,552.74721,900.00275,850.20152
Link,DE0 10 low voltage,urban decentral air heat pump,0.02902,0.01325,0.0111
Link,DE0 10 low voltage,urban decentral resistive heater,1.00822,0.07812,0.04587
Link,DE0 10 non-sequestered HVC,HVC to air,0.0,0.0,0.0
Link,DE0 10 non-sequestered HVC,waste CHP,70.57641,95.86988,95.87365
Link,DE0 10 non-sequestered HVC,waste CHP CC,0.59235,0.07995,0.00632
Link,DE0 10 process emissions,process emissions,91.30137,0.00158,0.00025
Link,DE0 10 process emissions,process emissions CC,13.25414,113.46083,115.20109
Link,DE0 10 rural heat,rural water tanks charger,708.69097,1092.5376,1093.09656
Link,DE0 10 rural water tanks,rural water tanks discharger,708.69097,1092.5376,1093.09656
Link,DE0 10 solid biomass,biomass to liquid,0.05249,0.00807,0.00397
Link,DE0 10 solid biomass,biomass to liquid CC,0.04021,0.01038,194.53894
Link,DE0 10 solid biomass,rural biomass boiler,532.00255,365.42434,0.00065
Link,DE0 10 solid biomass,solid biomass for industry,88.95118,0.01246,0.00084
Link,DE0 10 solid biomass,solid biomass for industry CC,0.16662,98.92618,98.93355
Link,DE0 10 solid biomass,urban central solid biomass CHP,721.06767,547.34083,0.00633
Link,DE0 10 solid biomass,urban central solid biomass CHP CC,0.04882,0.00527,0.00482
Link,DE0 10 solid biomass,urban decentral biomass boiler,104.40016,119.93491,97.08909
Link,DE0 10 unsustainable bioliquids,unsustainable bioliquids,813968.1378,285960.19127,
Link,DE0 10 urban central heat,urban central water pits charger,268.05165,791.87401,814.77639
Link,DE0 10 urban central heat,urban central water tanks charger,2.82367,0.52775,0.29266
Link,DE0 10 urban central water pits,urban central water pits discharger,268.05165,791.87401,814.77639
Link,DE0 10 urban central water tanks,urban central water tanks discharger,2.82367,0.52775,0.29266
Link,DE0 10 urban decentral heat,urban decentral water tanks charger,11.47792,12.51863,11.75462
Link,DE0 10 urban decentral water tanks,urban decentral water tanks discharger,11.47792,12.51863,11.75462
Link,DE0 11,DAC,0.00909,0.0012,0.00173
Link,DE0 11,H2 Electrolysis,0.03324,0.03426,0.02203
Link,DE0 11,battery charger,0.75457,1.85192,251.82259
Link,DE0 11,electricity distribution grid,2239.39382,3161.55022,3677.80897
Link,DE0 11 H2,Fischer-Tropsch,0.1445,0.23857,0.01265
Link,DE0 11 H2,H2 Fuel Cell,0.09038,0.01343,0.00843
Link,DE0 11 H2,H2 pipeline,0.0,25.68048,1029.70982
Link,DE0 11 H2,H2 pipeline retrofitted,0.0,0.0,0.0
Link,DE0 11 H2,H2 turbine,0.49831,0.93796,0.34731
Link,DE0 11 H2,Sabatier,0.03908,0.00892,0.00354
Link,DE0 11 H2,methanolisation,1.63662,0.04762,0.03981
Link,DE0 11 battery,battery discharger,0.77215,1.8901,257.01535
Link,DE0 11 biogas,biogas to gas,313.36187,313.36629,0.00663
Link,DE0 11 biogas,biogas to gas CC,1.28066,0.00437,55.09681
Link,DE0 11 co2 stored,CO2 pipeline,4.88837,9.07266,50.93849
Link,DE0 11 co2 stored,co2 sequestered,0.0,0.0,0.0
Link,DE0 11 home battery,home battery discharger,2.83061,2.51205,1.62561
Link,DE0 11 low voltage,BEV charger,1327.40451,8077.42252,12500.76733
Link,DE0 11 low voltage,electricity distribution grid,2239.39382,3161.55022,3677.80897
Link,DE0 11 low voltage,home battery charger,2.76619,2.46129,1.59277
Link,DE0 11 low voltage,rural air heat pump,0.06231,0.00368,0.00172
Link,DE0 11 low voltage,rural ground heat pump,52.11486,295.42972,270.6032
Link,DE0 11 low voltage,rural resistive heater,145.93687,886.91674,741.00086
Link,DE0 11 low voltage,urban central air heat pump,0.04473,0.00785,22.17664
Link,DE0 11 low voltage,urban central resistive heater,4.31208,1005.66197,1208.48413
Link,DE0 11 low voltage,urban decentral air heat pump,0.03716,51.39278,147.14318
Link,DE0 11 low voltage,urban decentral resistive heater,1.01199,184.58416,532.04932
Link,DE0 11 non-sequestered HVC,HVC to air,0.0,0.0,0.0
Link,DE0 11 non-sequestered HVC,waste CHP,190.1235,271.26623,271.26981
Link,DE0 11 non-sequestered HVC,waste CHP CC,0.43058,0.01808,0.00464
Link,DE0 11 process emissions,process emissions,8.60357,0.00536,0.0005
Link,DE0 11 process emissions,process emissions CC,0.27533,8.12374,7.25297
Link,DE0 11 rural heat,rural water tanks charger,1322.61037,1595.20965,1595.4695
Link,DE0 11 rural water tanks,rural water tanks discharger,1322.61037,1595.20965,1595.4695
Link,DE0 11 solid biomass,biomass to liquid,0.05289,0.00549,0.0033
Link,DE0 11 solid biomass,biomass to liquid CC,0.04075,0.00443,0.00357
Link,DE0 11 solid biomass,rural biomass boiler,389.78131,180.43234,3e-05
Link,DE0 11 solid biomass,solid biomass for industry,70.69368,73.05248,0.00183
Link,DE0 11 solid biomass,solid biomass for industry CC,0.15533,0.0219,81.17891
Link,DE0 11 solid biomass,urban central solid biomass CHP,807.66756,621.78525,0.00464
Link,DE0 11 solid biomass,urban central solid biomass CHP CC,0.03888,0.00343,0.00269
Link,DE0 11 solid biomass,urban decentral biomass boiler,826.73548,2032.71566,1886.65763
Link,DE0 11 unsustainable bioliquids,unsustainable bioliquids,1299051.81034,420792.02562,
Link,DE0 11 urban central heat,urban central water pits charger,237.03175,1217.34983,1537.51305
Link,DE0 11 urban central heat,urban central water tanks charger,2.80765,0.35678,0.65198
Link,DE0 11 urban central water pits,urban central water pits discharger,237.03175,1217.34983,1537.51305
Link,DE0 11 urban central water tanks,urban central water tanks discharger,2.80765,0.35678,0.65198
Link,DE0 11 urban decentral heat,urban decentral water tanks charger,11.51013,133.87002,145.45726
Link,DE0 11 urban decentral water tanks,urban decentral water tanks discharger,11.51013,133.87002,145.45726
Link,DE0 12,DAC,0.00905,0.00119,0.00187
Link,DE0 12,H2 Electrolysis,0.03313,0.03721,0.01454
Link,DE0 12,battery charger,0.75358,806.37643,738.27335
Link,DE0 12,electricity distribution grid,968.58543,1307.95264,1603.78148
Link,DE0 12 H2,Fischer-Tropsch,0.1447,0.33724,0.0123
Link,DE0 12 H2,H2 Fuel Cell,0.09144,0.01785,0.00949
Link,DE0 12 H2,H2 pipeline,0.0,156.52807,471.05134
Link,DE0 12 H2,H2 pipeline retrofitted,0.0,0.0,0.0
Link,DE0 12 H2,H2 turbine,0.49847,2.34968,0.32168
Link,DE0 12 H2,Sabatier,0.03891,0.00869,0.00349
Link,DE0 12 H2,methanolisation,1.23456,0.04503,0.03164
Link,DE0 12 battery,battery discharger,0.77113,823.00449,753.49708
Link,DE0 12 biogas,biogas to gas,126.74639,126.75057,0.00645
Link,DE0 12 biogas,biogas to gas CC,1.34192,0.00414,14.7955
Link,DE0 12 co2 stored,CO2 pipeline,4.60684,5.23825,46.54293
Link,DE0 12 co2 stored,co2 sequestered,0.0,0.0,0.0
Link,DE0 12 home battery,home battery discharger,3.19615,2.47689,21.40723
Link,DE0 12 low voltage,BEV charger,540.76148,3290.60123,5092.59485
Link,DE0 12 low voltage,electricity distribution grid,968.58543,1307.95264,1603.78148
Link,DE0 12 low voltage,home battery charger,3.1234,2.42684,20.97471
Link,DE0 12 low voltage,rural air heat pump,0.05554,0.00372,0.00176
Link,DE0 12 low voltage,rural ground heat pump,18.00963,122.41686,124.43347
Link,DE0 12 low voltage,rural resistive heater,39.04028,379.71327,340.97311
Link,DE0 12 low voltage,urban central air heat pump,0.0435,0.0151,17.59497
Link,DE0 12 low voltage,urban central resistive heater,6.36873,364.23269,364.72214
Link,DE0 12 low voltage,urban decentral air heat pump,0.15731,3.76517,60.6224
Link,DE0 12 low voltage,urban decentral resistive heater,1.2753,14.1873,225.90048
Link,DE0 12 non-sequestered HVC,HVC to air,0.0,0.0,0.0
Link,DE0 12 non-sequestered HVC,waste CHP,77.22716,118.23101,118.23438
Link,DE0 12 non-sequestered HVC,waste CHP CC,0.44999,0.01965,0.00397
Link,DE0 12 process emissions,process emissions,3.95536,0.00364,0.00045
Link,DE0 12 process emissions,process emissions CC,0.30753,5.08321,4.72819
Link,DE0 12 rural heat,rural water tanks charger,384.72806,805.39775,806.80618
Link,DE0 12 rural water tanks,rural water tanks discharger,384.72806,805.39775,806.80618
Link,DE0 12 solid biomass,biomass to liquid,0.05274,0.00542,0.00316
Link,DE0 12 solid biomass,biomass to liquid CC,0.04064,0.0044,0.00294
Link,DE0 12 solid biomass,rural biomass boiler,272.03669,180.16585,3e-05
Link,DE0 12 solid biomass,solid biomass for industry,50.14582,69.62385,0.00165
Link,DE0 12 solid biomass,solid biomass for industry CC,0.15553,0.02622,97.66802
Link,DE0 12 solid biomass,urban central solid biomass CHP,48.54004,12.36161,0.00447
Link,DE0 12 solid biomass,urban central solid biomass CHP CC,0.03782,0.00379,0.00258
Link,DE0 12 solid biomass,urban decentral biomass boiler,420.80669,1028.96283,775.21964
Link,DE0 12 unsustainable bioliquids,unsustainable bioliquids,528751.767,176915.12365,
Link,DE0 12 urban central heat,urban central water pits charger,56.20803,344.41121,501.09123
Link,DE0 12 urban central heat,urban central water tanks charger,2.7692,0.46518,0.48136
Link,DE0 12 urban central water pits,urban central water pits discharger,56.20803,344.41121,501.09123
Link,DE0 12 urban central water tanks,urban central water tanks discharger,2.7692,0.46518,0.48136
Link,DE0 12 urban decentral heat,urban decentral water tanks charger,26.30899,38.05825,47.99355
Link,DE0 12 urban decentral water tanks,urban decentral water tanks discharger,26.30899,38.05825,47.99355
Link,DE0 13,DAC,0.00893,0.0012,0.00187
Link,DE0 13,H2 Electrolysis,0.04013,0.31796,0.27636
Link,DE0 13,battery charger,0.75861,1837.20035,2055.73647
Link,DE0 13,electricity distribution grid,1654.01961,2696.63476,3040.00798
Link,DE0 13 H2,Fischer-Tropsch,0.14575,0.16383,0.01202
Link,DE0 13 H2,H2 Fuel Cell,0.09643,0.01599,0.00839
Link,DE0 13 H2,H2 pipeline,2.82551,1.3978,0.59934
Link,DE0 13 H2,H2 pipeline retrofitted,16.13013,16.83049,19.92444
Link,DE0 13 H2,H2 turbine,0.49843,1.40796,1.20057
Link,DE0 13 H2,Sabatier,0.03891,0.00891,0.00359
Link,DE0 13 H2,methanolisation,17.464,17.51639,0.04036
Link,DE0 13 battery,battery discharger,0.77627,1875.08476,2098.12725
Link,DE0 13 biogas,biogas to gas,319.67309,319.67757,0.00646
Link,DE0 13 biogas,biogas to gas CC,1.84947,0.00448,133.12486
Link,DE0 13 co2 stored,CO2 pipeline,2.83793,158.20244,179.2568
Link,DE0 13 co2 stored,co2 sequestered,0.0,0.0,0.0
Link,DE0 13 home battery,home battery discharger,4.03759,186.43419,154.09767
Link,DE0 13 low voltage,BEV charger,1117.44434,6799.78861,10523.47764
Link,DE0 13 low voltage,electricity distribution grid,1654.01961,2696.63476,3040.00798
Link,DE0 13 low voltage,home battery charger,3.94569,182.66745,150.98426
Link,DE0 13 low voltage,rural air heat pump,0.06298,0.00361,0.00171
Link,DE0 13 low voltage,rural ground heat pump,31.19012,311.32876,367.38168
Link,DE0 13 low voltage,rural resistive heater,68.2806,1148.94175,1211.87764
Link,DE0 13 low voltage,urban central air heat pump,0.06167,88.20739,88.21795
Link,DE0 13 low voltage,urban central resistive heater,346.54153,963.57734,1003.70449
Link,DE0 13 low voltage,urban decentral air heat pump,0.02785,0.00722,0.00332
Link,DE0 13 low voltage,urban decentral resistive heater,1.00926,0.07289,0.02135
Link,DE0 13 non-sequestered HVC,HVC to air,0.0,0.0,0.0
Link,DE0 13 non-sequestered HVC,waste CHP,160.1469,236.27788,236.28138
Link,DE0 13 non-sequestered HVC,waste CHP CC,0.60775,0.01818,0.00455
Link,DE0 13 process emissions,process emissions,224.99052,0.00609,0.00026
Link,DE0 13 process emissions,process emissions CC,3.08581,135.90365,135.90634
Link,DE0 13 rural heat,rural water tanks charger,767.17536,2166.16544,2166.70562
Link,DE0 13 rural water tanks,rural water tanks discharger,767.17536,2166.16544,2166.70562
Link,DE0 13 solid biomass,biomass to liquid,0.05269,0.00801,0.00413
Link,DE0 13 solid biomass,biomass to liquid CC,0.04079,0.00877,212.79272
Link,DE0 13 solid biomass,rural biomass boiler,1245.31071,964.83229,0.00016
Link,DE0 13 solid biomass,solid biomass,118.78248,,
Link,DE0 13 solid biomass,solid biomass for industry,83.24157,0.35903,0.00156
Link,DE0 13 solid biomass,solid biomass for industry CC,0.16662,98.73908,100.20895
Link,DE0 13 solid biomass,urban central solid biomass CHP,278.02957,495.00101,361.93334
Link,DE0 13 solid biomass,urban central solid biomass CHP CC,0.0532,0.00522,0.00434
Link,DE0 13 solid biomass,urban decentral biomass boiler,483.72078,229.18098,675.42861
Link,DE0 13 unsustainable bioliquids,unsustainable bioliquids,1327460.06829,437082.50519,
Link,DE0 13 urban central heat,urban central water pits charger,719.32365,1143.99493,1430.74194
Link,DE0 13 urban central heat,urban central water tanks charger,2.92464,0.44934,0.69331
Link,DE0 13 urban central water pits,urban central water pits discharger,719.32365,1143.99493,1430.74194
Link,DE0 13 urban central water tanks,urban central water tanks discharger,2.92464,0.44934,0.69331
Link,DE0 13 urban decentral heat,urban decentral water tanks charger,11.47368,12.36009,11.66783
Link,DE0 13 urban decentral water tanks,urban decentral water tanks discharger,11.47368,12.36009,11.66783
Link,DE0 14,DAC,0.00929,0.00123,0.00211
Link,DE0 14,H2 Electrolysis,0.03997,0.08642,0.03728
Link,DE0 14,battery charger,0.75716,2.39736,2.43376
Link,DE0 14,electricity distribution grid,2475.88053,4971.61015,5210.3664
Link,DE0 14 H2,Fischer-Tropsch,0.14454,1.09904,0.01188
Link,DE0 14 H2,H2 Fuel Cell,0.08954,0.01557,0.00919
Link,DE0 14 H2,H2 pipeline,0.0,2.42217,0.89922
Link,DE0 14 H2,H2 pipeline retrofitted,0.0,31.76766,168.52146
Link,DE0 14 H2,H2 turbine,0.49808,4.31852,0.9271
Link,DE0 14 H2,Sabatier,0.039,0.00884,0.00348
Link,DE0 14 H2,methanolisation,1.43229,0.05236,0.03207
Link,DE0 14 battery,battery discharger,0.7748,2.4468,2.48394
Link,DE0 14 biogas,biogas to gas,519.40869,519.41326,0.00623
Link,DE0 14 biogas,biogas to gas CC,1.36189,0.00461,216.6015
Link,DE0 14 co2 stored,CO2 pipeline,3.65222,971.43091,2517.75026
Link,DE0 14 co2 stored,co2 sequestered,0.0,0.0,0.0
Link,DE0 14 home battery,home battery discharger,3.21197,372.24509,194.276
Link,DE0 14 low voltage,BEV charger,1948.56223,11857.24493,18350.48985
Link,DE0 14 low voltage,electricity distribution grid,2475.88053,4971.61015,5210.3664
Link,DE0 14 low voltage,home battery charger,3.13887,364.72421,190.35083
Link,DE0 14 low voltage,rural air heat pump,0.07159,0.00361,0.0017
Link,DE0 14 low voltage,rural ground heat pump,41.18259,135.70689,149.82241
Link,DE0 14 low voltage,rural resistive heater,26.2458,403.39575,401.8234
Link,DE0 14 low voltage,urban central air heat pump,0.04524,0.00997,68.40478
Link,DE0 14 low voltage,urban central resistive heater,4.03154,1789.52413,1789.68534
Link,DE0 14 low voltage,urban decentral air heat pump,35.29669,536.19616,524.45057
Link,DE0 14 low voltage,urban decentral resistive heater,127.76577,2307.66388,2179.92045
Link,DE0 14 non-sequestered HVC,HVC to air,0.0,0.0,0.0
Link,DE0 14 non-sequestered HVC,waste CHP,280.74309,389.93543,389.93943
Link,DE0 14 non-sequestered HVC,waste CHP CC,0.44822,0.03741,0.00694
Link,DE0 14 process emissions,process emissions,222.01823,0.00292,0.00027
Link,DE0 14 process emissions,process emissions CC,0.37408,256.17064,270.14687
Link,DE0 14 rural heat,rural water tanks charger,433.41725,451.16536,451.48729
Link,DE0 14 rural water tanks,rural water tanks discharger,433.41725,451.16536,451.48729
Link,DE0 14 solid biomass,biomass to liquid,0.05311,0.00567,0.00351
Link,DE0 14 solid biomass,biomass to liquid CC,0.041,0.00469,0.00603
Link,DE0 14 solid biomass,rural biomass boiler,386.63329,292.36956,4e-05
Link,DE0 14 solid biomass,solid biomass,81.66295,,
Link,DE0 14 solid biomass,solid biomass for industry,213.38266,216.84945,0.00129
Link,DE0 14 solid biomass,solid biomass for industry CC,0.16112,0.05936,230.84934
Link,DE0 14 solid biomass,urban central solid biomass CHP,4426.13878,775.17405,0.00554
Link,DE0 14 solid biomass,urban central solid biomass CHP CC,0.03837,0.00374,0.00356
Link,DE0 14 solid biomass,urban decentral biomass boiler,2594.41661,2099.6388,2668.95247
Link,DE0 14 unsustainable bioliquids,unsustainable bioliquids,2150173.97838,703326.32883,
Link,DE0 14 urban central heat,urban central water pits charger,197.81851,1609.77294,2907.47136
Link,DE0 14 urban central heat,urban central water tanks charger,2.86024,0.4202,0.47778
Link,DE0 14 urban central water pits,urban central water pits discharger,197.81851,1609.77294,2907.47136
Link,DE0 14 urban central water tanks,urban central water tanks discharger,2.86024,0.4202,0.47778
Link,DE0 14 urban decentral heat,urban decentral water tanks charger,1167.8754,3709.19647,3709.44549
Link,DE0 14 urban decentral water tanks,urban decentral water tanks discharger,1167.8754,3709.19647,3709.44549
Link,DE0 15,DAC,0.00892,0.00121,0.002
Link,DE0 15,DC,0.0,0.0,0.03653
Link,DE0 15,H2 Electrolysis,0.04025,0.21845,0.14288
Link,DE0 15,battery charger,0.75933,625.43948,808.66669
Link,DE0 15,electricity distribution grid,3071.50464,5329.93309,6647.96188
Link,DE0 15 H2,Fischer-Tropsch,0.14547,0.26968,0.01195
Link,DE0 15 H2,H2 Fuel Cell,0.09763,0.01573,0.00754
Link,DE0 15 H2,H2 pipeline,22.72027,25.38384,23.80158
Link,DE0 15 H2,H2 pipeline retrofitted,0.0,0.51088,0.28248
Link,DE0 15 H2,H2 turbine,0.49808,1.90093,1.0187
Link,DE0 15 H2,Sabatier,0.0389,0.00894,0.00359
Link,DE0 15 H2,methanolisation,31.19943,31.25627,0.03911
Link,DE0 15 battery,battery discharger,0.77702,638.3365,825.34198
Link,DE0 15 biogas,biogas to gas,347.52796,347.53246,0.00647
Link,DE0 15 biogas,biogas to gas CC,1.92251,0.0045,149.90591
Link,DE0 15 co2 stored,CO2 pipeline,4.71972,211.07453,862.80893
Link,DE0 15 co2 stored,co2 sequestered,0.0,0.0,0.0
Link,DE0 15 home battery,home battery discharger,2.7422,563.71782,815.37979
Link,DE0 15 low voltage,BEV charger,1541.40727,9379.6561,14516.12792
Link,DE0 15 low voltage,electricity distribution grid,3071.50464,5329.93309,6647.96188
Link,DE0 15 low voltage,home battery charger,2.67979,552.3284,798.90577
Link,DE0 15 low voltage,rural air heat pump,0.05998,0.00348,0.00162
Link,DE0 15 low voltage,rural ground heat pump,56.33229,222.09159,223.97791
Link,DE0 15 low voltage,rural resistive heater,189.82234,844.43508,690.98506
Link,DE0 15 low voltage,urban central air heat pump,0.05399,76.17479,76.1835
Link,DE0 15 low voltage,urban central resistive heater,247.61719,2238.63785,2239.85763
Link,DE0 15 low voltage,urban decentral air heat pump,0.03534,327.10569,486.62171
Link,DE0 15 low voltage,urban decentral resistive heater,1.01443,1583.85215,2122.49105
Link,DE0 15 non-sequestered HVC,HVC to air,0.0,0.0,0.0
Link,DE0 15 non-sequestered HVC,waste CHP,220.68192,308.57063,308.57432
Link,DE0 15 non-sequestered HVC,waste CHP CC,0.66014,0.01967,0.00581
Link,DE0 15 process emissions,process emissions,72.36228,0.00564,0.00026
Link,DE0 15 process emissions,process emissions CC,4.48477,76.16783,76.17054
Link,DE0 15 rural heat,rural water tanks charger,1833.40288,1853.39317,1853.90376
Link,DE0 15 rural water tanks,rural water tanks discharger,1833.40288,1853.39317,1853.90376
Link,DE0 15 solid biomass,biomass to liquid,0.05269,0.00548,0.00334
Link,DE0 15 solid biomass,biomass to liquid CC,0.04066,0.00447,0.0036
Link,DE0 15 solid biomass,rural biomass boiler,448.41945,289.00924,3e-05
Link,DE0 15 solid biomass,solid biomass,67.18634,,
Link,DE0 15 solid biomass,solid biomass for industry,283.00837,357.29617,0.00172
Link,DE0 15 solid biomass,solid biomass for industry CC,0.17258,0.03005,469.30683
Link,DE0 15 solid biomass,urban central solid biomass CHP,441.85286,261.17121,0.00403
Link,DE0 15 solid biomass,urban central solid biomass CHP CC,0.04547,0.00365,0.00249
Link,DE0 15 solid biomass,urban decentral biomass boiler,1099.46445,520.79908,334.75453
Link,DE0 15 unsustainable bioliquids,unsustainable bioliquids,1442777.03593,487031.30629,
Link,DE0 15 urban central heat,urban central water pits charger,982.9367,2300.40089,2308.65458
Link,DE0 15 urban central heat,urban central water tanks charger,2.85685,0.55423,0.66356
Link,DE0 15 urban central water pits,urban central water pits discharger,982.9367,2300.40089,2308.65458
Link,DE0 15 urban central water tanks,urban central water tanks discharger,2.85685,0.55423,0.66356
Link,DE0 15 urban decentral heat,urban decentral water tanks charger,11.61753,1897.55226,1898.17442
Link,DE0 15 urban decentral water tanks,urban decentral water tanks discharger,11.61753,1897.55226,1898.17442
Link,DE0 16,DAC,0.0096,0.00121,0.00196
Link,DE0 16,H2 Electrolysis,0.04739,0.03624,0.01679
Link,DE0 16,battery charger,0.77495,5040.05019,5040.20285
Link,DE0 16,electricity distribution grid,1885.67078,3006.56824,3918.95968
Link,DE0 16 H2,Fischer-Tropsch,0.14515,0.12892,0.01253
Link,DE0 16 H2,H2 Fuel Cell,0.09418,0.0159,0.00928
Link,DE0 16 H2,H2 pipeline,13.81468,1597.03449,1643.24503
Link,DE0 16 H2,H2 pipeline retrofitted,128.5725,1829.88031,1917.06629
Link,DE0 16 H2,H2 turbine,0.49747,0.68651,0.24994
Link,DE0 16 H2,Sabatier,0.03765,0.00878,0.00359
Link,DE0 16 H2,methanolisation,29.49778,29.54155,0.04199
Link,DE0 16 battery,battery discharger,0.79299,5143.97968,5144.13549
Link,DE0 16 biogas,biogas to gas,259.68046,259.68482,0.0066
Link,DE0 16 biogas,biogas to gas CC,1.94219,0.00434,40.75084
Link,DE0 16 co2 stored,CO2 pipeline,4.1381,191.17185,189.38583
Link,DE0 16 co2 stored,co2 sequestered,0.0,0.0,0.0
Link,DE0 16 home battery,home battery discharger,6.14671,4.16803,3.58498
Link,DE0 16 low voltage,BEV charger,1405.59601,8553.22758,13237.13197
Link,DE0 16 low voltage,electricity distribution grid,1885.67078,3006.56824,3918.95968
Link,DE0 16 low voltage,home battery charger,6.00681,4.08382,3.51255
Link,DE0 16 low voltage,rural air heat pump,0.07726,0.00367,0.00174
Link,DE0 16 low voltage,rural ground heat pump,37.4309,116.74005,106.70764
Link,DE0 16 low voltage,rural resistive heater,42.7411,235.52284,204.19684
Link,DE0 16 low voltage,urban central air heat pump,0.04262,6.21345,96.21968
Link,DE0 16 low voltage,urban central resistive heater,2.33674,1060.16164,1060.23429
Link,DE0 16 low voltage,urban decentral air heat pump,0.36142,235.82476,401.37428
Link,DE0 16 low voltage,urban decentral resistive heater,2.01464,794.99825,1397.28571
Link,DE0 16 non-sequestered HVC,HVC to air,0.0,0.0,0.0
Link,DE0 16 non-sequestered HVC,waste CHP,201.20995,327.0028,327.00608
Link,DE0 16 non-sequestered HVC,waste CHP CC,0.64891,0.01633,0.00333
Link,DE0 16 process emissions,process emissions,20.86431,0.00522,0.00036
Link,DE0 16 process emissions,process emissions CC,6.27526,31.91927,36.5587
Link,DE0 16 rural heat,rural water tanks charger,539.82206,594.42326,595.0501
Link,DE0 16 rural water tanks,rural water tanks discharger,539.82206,594.42326,595.0501
Link,DE0 16 solid biomass,biomass to liquid,0.05376,0.00551,0.00317
Link,DE0 16 solid biomass,biomass to liquid CC,0.04171,0.00449,0.00292
Link,DE0 16 solid biomass,rural biomass boiler,97.29541,46.08729,2e-05
Link,DE0 16 solid biomass,solid biomass for industry,92.37653,107.29653,0.00186
Link,DE0 16 solid biomass,solid biomass for industry CC,0.1675,0.02871,133.18292
Link,DE0 16 solid biomass,urban central solid biomass CHP,289.57409,196.89088,0.00602
Link,DE0 16 solid biomass,urban central solid biomass CHP CC,0.03913,0.00389,0.00311
Link,DE0 16 solid biomass,urban decentral biomass boiler,1217.38661,2186.57591,1576.01952
Link,DE0 16 unsustainable bioliquids,unsustainable bioliquids,1080127.65122,340791.24251,
Link,DE0 16 urban central heat,urban central water pits charger,123.61011,958.64215,1091.25828
Link,DE0 16 urban central heat,urban central water tanks charger,2.79753,0.49988,0.19195
Link,DE0 16 urban central water pits,urban central water pits discharger,123.61011,958.64215,1091.25828
Link,DE0 16 urban central water tanks,urban central water tanks discharger,2.79753,0.49988,0.19195
Link,DE0 16 urban decentral heat,urban decentral water tanks charger,33.08058,432.80287,451.16564
Link,DE0 16 urban decentral water tanks,urban decentral water tanks discharger,33.08058,432.80287,451.16564
Link,DE0 17,DAC,0.00889,0.00119,0.00184
Link,DE0 17,DC,0.0,0.14021,0.14021
Link,DE0 17,H2 Electrolysis,0.0396,0.02762,0.01256
Link,DE0 17,battery charger,0.7551,0.68319,0.20108
Link,DE0 17,electricity distribution grid,4085.31674,6185.79406,8424.26304
Link,DE0 17 H2,Fischer-Tropsch,0.1453,4.86168,0.01226
Link,DE0 17 H2,H2 Fuel Cell,0.09819,0.01815,0.00983
Link,DE0 17 H2,H2 pipeline,0.0,2.52455,1.06507
Link,DE0 17 H2,H2 pipeline retrofitted,0.0,0.0,0.0
Link,DE0 17 H2,H2 turbine,0.49823,2.75459,0.38765
Link,DE0 17 H2,Sabatier,0.03878,0.00893,0.0035
Link,DE0 17 H2,methanolisation,1.51004,0.04242,0.03012
Link,DE0 17 battery,battery discharger,0.77269,0.69727,0.20522
Link,DE0 17 biogas,biogas to gas,322.96202,322.96643,0.00642
Link,DE0 17 biogas,biogas to gas CC,1.23742,0.0044,48.38899
Link,DE0 17 co2 stored,CO2 pipeline,4.9286,430.33297,2104.0287
Link,DE0 17 co2 stored,co2 sequestered,0.0,0.0,0.0
Link,DE0 17 home battery,home battery discharger,2.71953,1.45219,274.20184
Link,DE0 17 low voltage,BEV charger,2715.57016,16524.58414,25573.74967
Link,DE0 17 low voltage,electricity distribution grid,4085.31674,6185.79406,8424.26304
Link,DE0 17 low voltage,home battery charger,2.65764,1.42285,268.66184
Link,DE0 17 low voltage,rural air heat pump,0.06443,0.00357,0.00165
Link,DE0 17 low voltage,rural ground heat pump,60.02753,66.51321,65.67079
Link,DE0 17 low voltage,rural resistive heater,49.49068,49.59779,47.11762
Link,DE0 17 low voltage,urban central air heat pump,0.05119,67.59097,145.36415
Link,DE0 17 low voltage,urban central resistive heater,26.01137,1912.39694,2444.78028
Link,DE0 17 low voltage,urban decentral air heat pump,62.27272,508.74433,966.99348
Link,DE0 17 low voltage,urban decentral resistive heater,193.56886,1933.23085,3789.72535
Link,DE0 17 non-sequestered HVC,HVC to air,0.0,0.0,0.0
Link,DE0 17 non-sequestered HVC,waste CHP,387.35691,604.8378,604.84112
Link,DE0 17 non-sequestered HVC,waste CHP CC,0.46439,0.02137,0.00387
Link,DE0 17 process emissions,process emissions,43.77442,0.00369,0.00032
Link,DE0 17 process emissions,process emissions CC,0.2846,47.99473,49.30355
Link,DE0 17 rural heat,rural water tanks charger,580.50907,581.49328,580.77454
Link,DE0 17 rural water tanks,rural water tanks discharger,580.50907,581.49328,580.77454
Link,DE0 17 solid biomass,biomass to liquid,0.05255,0.00549,0.00317
Link,DE0 17 solid biomass,biomass to liquid CC,0.04045,0.00449,0.00295
Link,DE0 17 solid biomass,rural biomass boiler,11.75061,11.75064,3e-05
Link,DE0 17 solid biomass,solid biomass for industry,309.27443,434.91512,0.00158
Link,DE0 17 solid biomass,solid biomass for industry CC,0.15929,0.03081,610.09829
Link,DE0 17 solid biomass,urban central solid biomass CHP,333.47795,213.18676,0.00452
Link,DE0 17 solid biomass,urban central solid biomass CHP CC,0.04494,0.00393,0.00268
Link,DE0 17 solid biomass,urban decentral biomass boiler,3670.76921,5509.24957,3127.42965
Link,DE0 17 unsustainable bioliquids,unsustainable bioliquids,1338513.17147,436479.19561,
Link,DE0 17 urban central heat,urban central water pits charger,388.74129,2202.85769,3457.54244
Link,DE0 17 urban central heat,urban central water tanks charger,2.78833,0.49324,0.39719
Link,DE0 17 urban central water pits,urban central water pits discharger,388.74129,2202.85769,3457.54244
Link,DE0 17 urban central water tanks,urban central water tanks discharger,2.78833,0.49324,0.39719
Link,DE0 17 urban decentral heat,urban decentral water tanks charger,1663.76554,1665.86934,1666.33835
Link,DE0 17 urban decentral water tanks,urban decentral water tanks discharger,1663.76554,1665.86934,1666.33835
Link,DE0 18,DAC,0.00915,0.00123,0.00226
Link,DE0 18,DC,600.00181,600.00187,600.02712
Link,DE0 18,H2 Electrolysis,0.04122,461.15839,461.23736
Link,DE0 18,battery charger,0.76453,29.19821,27.93822
Link,DE0 18,electricity distribution grid,3514.2871,6558.62691,7766.87409
Link,DE0 18 H2,Fischer-Tropsch,0.14537,3.96488,0.01202
Link,DE0 18 H2,H2 Fuel Cell,0.09347,0.0146,0.00808
Link,DE0 18 H2,H2 pipeline,2.73419,3.11775,1.0576
Link,DE0 18 H2,H2 pipeline retrofitted,0.0,0.0,0.0
Link,DE0 18 H2,H2 turbine,0.49821,3.89925,1.32851
Link,DE0 18 H2,Sabatier,0.03863,0.00868,0.00348
Link,DE0 18 H2,methanolisation,16.16643,16.22768,0.03574
Link,DE0 18 battery,battery discharger,0.78233,29.8003,28.51432
Link,DE0 18 biogas,biogas to gas,337.69569,337.70023,0.00612
Link,DE0 18 biogas,biogas to gas CC,1.75645,0.0046,237.51847
Link,DE0 18 co2 stored,CO2 pipeline,2.95779,2.04445,0.22513
Link,DE0 18 co2 stored,co2 sequestered,0.0,0.0,0.0
Link,DE0 18 home battery,home battery discharger,22.85465,179.05764,154.22887
Link,DE0 18 low voltage,BEV charger,2356.29813,14338.36893,22190.32289
Link,DE0 18 low voltage,electricity distribution grid,3514.2871,6558.62691,7766.87409
Link,DE0 18 low voltage,home battery charger,22.3345,175.43994,151.11281
Link,DE0 18 low voltage,rural air heat pump,0.06565,0.004,0.00182
Link,DE0 18 low voltage,rural ground heat pump,55.15383,168.98024,172.04907
Link,DE0 18 low voltage,rural resistive heater,70.05766,540.51824,470.57936
Link,DE0 18 low voltage,urban central air heat pump,0.05598,63.3059,105.62619
Link,DE0 18 low voltage,urban central resistive heater,468.86635,2626.86359,2719.30912
Link,DE0 18 low voltage,urban decentral air heat pump,54.02277,594.58136,766.41429
Link,DE0 18 low voltage,urban decentral resistive heater,10.13667,2467.61996,3005.90504
Link,DE0 18 non-sequestered HVC,HVC to air,0.0,0.0,0.0
Link,DE0 18 non-sequestered HVC,waste CHP,337.84941,473.31782,473.32147
Link,DE0 18 non-sequestered HVC,waste CHP CC,0.59452,0.05837,0.00619
Link,DE0 18 process emissions,process emissions,48.34963,0.00205,0.00022
Link,DE0 18 process emissions,process emissions CC,1.30979,47.17404,47.17675
Link,DE0 18 rural heat,rural water tanks charger,813.49305,878.23125,878.80083
Link,DE0 18 rural water tanks,rural water tanks discharger,813.49305,878.23125,878.80083
Link,DE0 18 solid biomass,biomass to liquid,0.05236,0.00618,0.00355
Link,DE0 18 solid biomass,biomass to liquid CC,0.04035,0.0055,0.00545
Link,DE0 18 solid biomass,rural biomass boiler,313.83256,202.85732,6e-05
Link,DE0 18 solid biomass,solid biomass,74.23905,,
Link,DE0 18 solid biomass,solid biomass for industry,116.34615,0.04461,0.0012
Link,DE0 18 solid biomass,solid biomass for industry CC,0.1676,142.01706,154.74988
Link,DE0 18 solid biomass,urban central solid biomass CHP,596.0729,391.09331,0.00475
Link,DE0 18 solid biomass,urban central solid biomass CHP CC,0.04525,0.00428,0.00332
Link,DE0 18 solid biomass,urban decentral biomass boiler,1932.86351,1217.92751,1492.22012
Link,DE0 18 unsustainable bioliquids,unsustainable bioliquids,1401493.0082,488225.15869,
Link,DE0 18 urban central heat,urban central water pits charger,1035.28562,3093.44402,3602.11324
Link,DE0 18 urban central heat,urban central water tanks charger,2.90418,0.49374,0.67243
Link,DE0 18 urban central water pits,urban central water pits discharger,1035.28562,3093.44402,3602.11324
Link,DE0 18 urban central water tanks,urban central water tanks discharger,2.90418,0.49374,0.67243
Link,DE0 18 urban decentral heat,urban decentral water tanks charger,35.27615,4247.9487,4248.52865
Link,DE0 18 urban decentral water tanks,urban decentral water tanks discharger,35.27615,4247.9487,4248.52865
Link,DE0 19,DAC,0.00885,0.00122,0.0025
Link,DE0 19,DC,2000.00458,4000.00507,4000.05922
Link,DE0 19,H2 Electrolysis,0.0403,0.11634,0.19355
Link,DE0 19,battery charger,0.75918,9.81065,1745.38025
Link,DE0 19,electricity distribution grid,3002.04281,4335.11691,5301.46787
Link,DE0 19 H2,Fischer-Tropsch,0.14525,0.28022,0.01141
Link,DE0 19 H2,H2 Fuel Cell,0.09216,0.01634,0.00836
Link,DE0 19 H2,H2 pipeline,0.0,3.69888,1.2565
Link,DE0 19 H2,H2 pipeline (Kernnetz),13000.0,35020.0,35020.0
Link,DE0 19 H2,H2 pipeline retrofitted,0.0,0.0,0.0
Link,DE0 19 H2,H2 turbine,0.49758,2.19137,1.39515
Link,DE0 19 H2,Sabatier,0.03907,0.00888,0.00355
Link,DE0 19 H2,methanolisation,3.19416,0.0533,0.03536
Link,DE0 19 battery,battery discharger,0.77686,10.01295,1781.37126
Link,DE0 19 biogas,biogas to gas,198.65592,198.66019,0.00632
Link,DE0 19 biogas,biogas to gas CC,1.44533,0.00425,11.59088
Link,DE0 19 co2 stored,CO2 pipeline,3.77348,199.4435,432.79378
Link,DE0 19 co2 stored,co2 sequestered,0.0,0.0,0.0
Link,DE0 19 home battery,home battery discharger,8.64738,343.55165,578.63162
Link,DE0 19 low voltage,BEV charger,980.94059,5969.14622,9237.96023
Link,DE0 19 low voltage,electricity distribution grid,3002.04281,4335.11691,5301.46787
Link,DE0 19 low voltage,home battery charger,8.45058,336.6105,566.94089
Link,DE0 19 low voltage,rural air heat pump,0.05605,0.00355,0.00166
Link,DE0 19 low voltage,rural ground heat pump,32.15827,273.51189,324.03139
Link,DE0 19 low voltage,rural resistive heater,97.95205,1154.10742,1113.17334
Link,DE0 19 low voltage,urban central air heat pump,0.10381,107.42435,107.42711
Link,DE0 19 low voltage,urban central resistive heater,1123.25083,1850.95531,1522.59223
Link,DE0 19 low voltage,urban decentral air heat pump,0.02869,41.53814,92.99887
Link,DE0 19 low voltage,urban decentral resistive heater,1.00636,200.83735,395.83203
Link,DE0 19 non-sequestered HVC,HVC to air,0.0,0.0,0.0
Link,DE0 19 non-sequestered HVC,waste CHP,139.76283,212.9026,212.90627
Link,DE0 19 non-sequestered HVC,waste CHP CC,0.50593,0.02136,0.00499
Link,DE0 19 process emissions,process emissions,201.30421,0.00409,0.0003
Link,DE0 19 process emissions,process emissions CC,0.51448,214.19496,214.38653
Link,DE0 19 rural heat,rural water tanks charger,1154.76599,3221.97426,3222.4242
Link,DE0 19 rural water tanks,rural water tanks discharger,1154.76599,3221.97426,3222.4242
Link,DE0 19 solid biomass,biomass to liquid,0.05282,0.0054,0.00337
Link,DE0 19 solid biomass,biomass to liquid CC,0.04064,0.00439,0.00377
Link,DE0 19 solid biomass,rural biomass boiler,1121.59358,872.62449,4e-05
Link,DE0 19 solid biomass,solid biomass,133.63029,,
Link,DE0 19 solid biomass,solid biomass for industry,173.42695,174.64092,0.00154
Link,DE0 19 solid biomass,solid biomass for industry CC,0.16255,0.03469,192.7975
Link,DE0 19 solid biomass,urban central solid biomass CHP,1340.7327,242.73838,0.00431
Link,DE0 19 solid biomass,urban central solid biomass CHP CC,0.05671,0.00361,0.00258
Link,DE0 19 solid biomass,urban decentral biomass boiler,419.40034,198.66342,282.65895
Link,DE0 19 unsustainable bioliquids,unsustainable bioliquids,826099.99216,268855.66303,
Link,DE0 19 urban central heat,urban central water pits charger,514.21969,1853.98674,1854.24245
Link,DE0 19 urban central heat,urban central water tanks charger,2.67416,0.51885,0.19479
Link,DE0 19 urban central water pits,urban central water pits discharger,514.21969,1853.98674,1854.24245
Link,DE0 19 urban central water tanks,urban central water tanks discharger,2.67416,0.51885,0.19479
Link,DE0 19 urban decentral heat,urban decentral water tanks charger,11.46648,393.60566,394.17739
Link,DE0 19 urban decentral water tanks,urban decentral water tanks discharger,11.46648,393.60566,394.17739
Link,DE0 2,DAC,0.00892,0.00122,0.00192
Link,DE0 2,DC,3000.00237,17418.67173,19342.9671
Link,DE0 2,H2 Electrolysis,0.03947,0.03859,0.01456
Link,DE0 2,battery charger,0.75331,147.9244,142.15355
Link,DE0 2,electricity distribution grid,12242.01242,22123.72822,27849.69472
Link,DE0 2 H2,Fischer-Tropsch,0.14513,5.27258,0.01245
Link,DE0 2 H2,H2 Fuel Cell,0.09953,0.01746,0.00925
Link,DE0 2 H2,H2 pipeline,20.73244,18.10033,16.52452
Link,DE0 2 H2,H2 pipeline retrofitted,2.03359,698.32453,899.9685
Link,DE0 2 H2,H2 turbine,0.49838,3.56379,0.907
Link,DE0 2 H2,Sabatier,0.03903,0.00867,0.00349
Link,DE0 2 H2,methanolisation,72.91745,72.96263,0.03033
Link,DE0 2 battery,battery discharger,0.77085,150.97471,145.08486
Link,DE0 2 biogas,biogas to gas,341.81678,341.82129,0.00627
Link,DE0 2 biogas,biogas to gas CC,1.94247,0.00453,163.21514
Link,DE0 2 co2 stored,CO2 pipeline,6.61885,2331.49986,2762.26591
Link,DE0 2 co2 stored,co2 sequestered,0.0,0.0,0.0
Link,DE0 2 home battery,home battery discharger,3.07282,1157.72921,2086.70343
Link,DE0 2 low voltage,BEV charger,5562.57349,33848.95561,52385.26489
Link,DE0 2 low voltage,electricity distribution grid,12242.01242,22123.72822,27849.69472
Link,DE0 2 low voltage,home battery charger,3.00289,1134.33833,2044.54346
Link,DE0 2 low voltage,rural air heat pump,0.068,0.00377,0.00175
Link,DE0 2 low voltage,rural ground heat pump,125.33095,204.33028,194.48093
Link,DE0 2 low voltage,rural resistive heater,121.56813,397.71704,323.50777
Link,DE0 2 low voltage,urban central air heat pump,0.05347,0.59979,267.27696
Link,DE0 2 low voltage,urban central resistive heater,389.87178,8498.97023,8109.22117
Link,DE0 2 low voltage,urban decentral air heat pump,127.53055,2106.53294,2976.29094
Link,DE0 2 low voltage,urban decentral resistive heater,403.51766,8250.40788,10849.75498
Link,DE0 2 non-sequestered HVC,HVC to air,0.0,0.0,0.0
Link,DE0 2 non-sequestered HVC,waste CHP,794.26165,1073.55177,1073.55573
Link,DE0 2 non-sequestered HVC,waste CHP CC,0.80184,0.03062,0.00714
Link,DE0 2 process emissions,process emissions,1895.99026,0.00326,0.0002
Link,DE0 2 process emissions,process emissions CC,14.30547,1273.84383,1273.84653
Link,DE0 2 rural heat,rural water tanks charger,1497.02185,1500.52632,1497.36666
Link,DE0 2 rural water tanks,rural water tanks discharger,1497.02185,1500.52632,1497.36666
Link,DE0 2 solid biomass,biomass to liquid,0.05223,0.00553,0.00319
Link,DE0 2 solid biomass,biomass to liquid CC,0.04014,0.00455,0.00299
Link,DE0 2 solid biomass,rural biomass boiler,107.39935,50.87319,3e-05
Link,DE0 2 solid biomass,solid biomass,330.36377,204.15739,
Link,DE0 2 solid biomass,solid biomass for industry,770.43943,953.15902,0.00104
Link,DE0 2 solid biomass,solid biomass for industry CC,0.1886,0.05117,1243.02613
Link,DE0 2 solid biomass,urban central solid biomass CHP,1870.43544,238.9413,0.00419
Link,DE0 2 solid biomass,urban central solid biomass CHP CC,0.04486,0.00385,0.00259
Link,DE0 2 solid biomass,urban decentral biomass boiler,6278.54312,3688.10173,0.0
Link,DE0 2 unsustainable bioliquids,unsustainable bioliquids,1419277.46167,492291.37529,
Link,DE0 2 urban central heat,urban central water pits charger,1602.60305,9529.78521,9766.71365
Link,DE0 2 urban central heat,urban central water tanks charger,2.83763,0.54048,0.61642
Link,DE0 2 urban central water pits,urban central water pits discharger,1602.60305,9529.78521,9766.71365
Link,DE0 2 urban central water tanks,urban central water tanks discharger,2.83763,0.54048,0.61642
Link,DE0 2 urban decentral heat,urban decentral water tanks charger,4020.5543,9191.20762,9191.96942
Link,DE0 2 urban decentral water tanks,urban decentral water tanks discharger,4020.5543,9191.20762,9191.96942
Link,DE0 20,DAC,0.01002,0.00128,0.00194
Link,DE0 20,DC,600.00156,6849.46944,6849.46962
Link,DE0 20,H2 Electrolysis,0.04035,2846.82171,3508.80535
Link,DE0 20,battery charger,0.75915,3193.86482,3251.6525
Link,DE0 20,electricity distribution grid,1173.59304,2225.8329,2276.27053
Link,DE0 20 H2,Fischer-Tropsch,0.14469,0.17709,0.01185
Link,DE0 20 H2,H2 Fuel Cell,0.08703,0.01513,0.0089
Link,DE0 20 H2,H2 pipeline,7.65815,40.69732,39.1136
Link,DE0 20 H2,H2 pipeline (Kernnetz),18533.33333,18533.33333,18533.33333
Link,DE0 20 H2,H2 pipeline retrofitted,3.95642,0.1164,0.13063
Link,DE0 20 H2,H2 turbine,0.49813,2.66296,1.4861
Link,DE0 20 H2,Sabatier,0.03794,0.00877,0.00356
Link,DE0 20 H2,methanolisation,1.17453,0.05652,0.03832
Link,DE0 20 battery,battery discharger,0.77683,3259.72464,3318.70394
Link,DE0 20 biogas,biogas to gas,639.18828,639.19288,0.00625
Link,DE0 20 biogas,biogas to gas CC,4.62686,0.00465,253.32899
Link,DE0 20 co2 stored,CO2 pipeline,155.94085,1190.15238,2849.44028
Link,DE0 20 co2 stored,co2 sequestered,0.0,0.0,0.0
Link,DE0 20 home battery,home battery discharger,17.36641,272.12602,126.93406
Link,DE0 20 low voltage,BEV charger,827.75705,5037.00519,7795.36167
Link,DE0 20 low voltage,electricity distribution grid,1173.59304,2225.8329,2276.27053
Link,DE0 20 low voltage,home battery charger,16.97117,266.62796,124.36947
Link,DE0 20 low voltage,rural air heat pump,1.68266,0.00395,0.00163
Link,DE0 20 low voltage,rural ground heat pump,12.51375,337.12461,324.61877
Link,DE0 20 low voltage,rural resistive heater,6.34456,1186.1695,1186.19025
Link,DE0 20 low voltage,urban central air heat pump,0.04083,11.75144,11.86135
Link,DE0 20 low voltage,urban central resistive heater,2.44299,949.48484,949.52105
Link,DE0 20 low voltage,urban decentral air heat pump,0.01167,0.00129,0.00078
Link,DE0 20 low voltage,urban decentral resistive heater,0.99431,0.07077,0.02127
Link,DE0 20 non-sequestered HVC,HVC to air,0.0,0.0,0.0
Link,DE0 20 non-sequestered HVC,waste CHP,117.45954,176.73017,176.7337
Link,DE0 20 non-sequestered HVC,waste CHP CC,1.32022,0.03044,0.00496
Link,DE0 20 process emissions,process emissions,0.25096,0.00196,0.00023
Link,DE0 20 process emissions,process emissions CC,11.48169,11.98812,11.48463
Link,DE0 20 rural heat,rural water tanks charger,35.73199,2471.34506,2471.67987
Link,DE0 20 rural water tanks,rural water tanks discharger,35.73199,2471.34506,2471.67987
Link,DE0 20 solid biomass,biomass to liquid,0.08258,0.00841,0.00409
Link,DE0 20 solid biomass,biomass to liquid CC,0.07439,0.0103,1030.39381
Link,DE0 20 solid biomass,rural biomass boiler,619.04245,293.23054,0.0003
Link,DE0 20 solid biomass,solid biomass for industry,41.93146,0.02074,0.00131
Link,DE0 20 solid biomass,solid biomass for industry CC,0.41031,48.18569,49.47338
Link,DE0 20 solid biomass,urban central solid biomass CHP,4847.39418,4400.05121,316.12291
Link,DE0 20 solid biomass,urban central solid biomass CHP CC,0.07114,0.00524,0.0048
Link,DE0 20 solid biomass,urban decentral biomass boiler,103.74967,49.10768,0.00306
Link,DE0 20 unsustainable bioliquids,unsustainable bioliquids,2658236.57655,901024.32336,
Link,DE0 20 urban central heat,urban central water pits charger,175.68122,1591.39053,1593.29403
Link,DE0 20 urban central heat,urban central water tanks charger,2.83872,0.30809,0.54006
Link,DE0 20 urban central water pits,urban central water pits discharger,175.68122,1591.39053,1593.29403
Link,DE0 20 urban central water tanks,urban central water tanks discharger,2.83872,0.30809,0.54006
Link,DE0 20 urban decentral heat,urban decentral water tanks charger,11.46848,12.21288,11.61792
Link,DE0 20 urban decentral water tanks,urban decentral water tanks discharger,11.46848,12.21288,11.61792
Link,DE0 21,DAC,0.0096,0.00123,0.00206
Link,DE0 21,DC,0.0,0.17525,0.17536
Link,DE0 21,H2 Electrolysis,0.03963,0.06022,0.01958
Link,DE0 21,battery charger,0.759,785.82537,707.41868
Link,DE0 21,electricity distribution grid,3964.25619,7986.80154,10338.85353
Link,DE0 21 H2,Fischer-Tropsch,0.14475,0.31604,0.01197
Link,DE0 21 H2,H2 Fuel Cell,0.0915,0.01653,0.00933
Link,DE0 21 H2,H2 pipeline,4.81069,2.77368,1.09177
Link,DE0 21 H2,H2 pipeline (Kernnetz),2040.0,47568.33333,47568.33333
Link,DE0 21 H2,H2 pipeline retrofitted,0.0,3.4502,897.75975
Link,DE0 21 H2,H2 turbine,0.49796,4.38214,0.7218
Link,DE0 21 H2,Sabatier,0.03806,0.00865,0.00348
Link,DE0 21 H2,methanolisation,2.19469,0.04768,0.02954
Link,DE0 21 battery,battery discharger,0.77667,802.02966,722.00617
Link,DE0 21 biogas,biogas to gas,393.6228,393.62738,0.0062
Link,DE0 21 biogas,biogas to gas CC,1.57538,0.00463,335.56839
Link,DE0 21 co2 stored,CO2 pipeline,2.3656,845.50951,3516.06131
Link,DE0 21 co2 stored,co2 sequestered,0.0,0.0,0.0
Link,DE0 21 home battery,home battery discharger,2.69669,863.75489,1201.84942
Link,DE0 21 low voltage,BEV charger,2883.32069,17545.3671,27153.53211
Link,DE0 21 low voltage,electricity distribution grid,3964.25619,7986.80154,10338.85353
Link,DE0 21 low voltage,home battery charger,2.63531,846.30349,1177.56713
Link,DE0 21 low voltage,rural air heat pump,0.06331,0.00361,0.0017
Link,DE0 21 low voltage,rural ground heat pump,70.66561,137.29413,134.24631
Link,DE0 21 low voltage,rural resistive heater,97.24697,315.93377,279.3046
Link,DE0 21 low voltage,urban central air heat pump,0.03945,0.0147,76.07407
Link,DE0 21 low voltage,urban central resistive heater,2.81207,2895.48524,3661.35994
Link,DE0 21 low voltage,urban decentral air heat pump,66.12532,944.82499,1418.96267
Link,DE0 21 low voltage,urban decentral resistive heater,230.79096,3891.57214,5753.01712
Link,DE0 21 non-sequestered HVC,HVC to air,0.0,0.0,0.0
Link,DE0 21 non-sequestered HVC,waste CHP,408.47267,560.49634,560.50044
Link,DE0 21 non-sequestered HVC,waste CHP CC,0.59535,0.03594,0.00773
Link,DE0 21 process emissions,process emissions,284.25106,0.00293,0.00026
Link,DE0 21 process emissions,process emissions CC,0.69953,324.36415,341.52665
Link,DE0 21 rural heat,rural water tanks charger,886.93944,890.40171,887.48074
Link,DE0 21 rural water tanks,rural water tanks discharger,886.93944,890.40171,887.48074
Link,DE0 21 solid biomass,biomass to liquid,0.05254,0.00554,0.00329
Link,DE0 21 solid biomass,biomass to liquid CC,0.04055,0.00457,0.00353
Link,DE0 21 solid biomass,rural biomass boiler,132.35718,82.28819,4e-05
Link,DE0 21 solid biomass,solid biomass,139.94061,,
Link,DE0 21 solid biomass,solid biomass for industry,389.17468,463.4178,0.00129
Link,DE0 21 solid biomass,solid biomass for industry CC,0.17004,0.06731,573.31506
Link,DE0 21 solid biomass,urban central solid biomass CHP,739.05209,363.30017,29.71735
Link,DE0 21 solid biomass,urban central solid biomass CHP CC,0.0301,0.00375,0.00287
Link,DE0 21 solid biomass,urban decentral biomass boiler,4132.79946,2816.91434,197.99543
Link,DE0 21 unsustainable bioliquids,unsustainable bioliquids,1631673.66527,555515.09625,
Link,DE0 21 urban central heat,urban central water pits charger,358.67826,2844.78893,5906.28758
Link,DE0 21 urban central heat,urban central water tanks charger,2.9612,0.46743,0.42767
Link,DE0 21 urban central water pits,urban central water pits discharger,358.67826,2844.78893,5906.28758
Link,DE0 21 urban central water tanks,urban central water tanks discharger,2.9612,0.46743,0.42767
Link,DE0 21 urban decentral heat,urban decentral water tanks charger,1809.42838,3129.53094,3131.7325
Link,DE0 21 urban decentral water tanks,urban decentral water tanks discharger,1809.42838,3129.53094,3131.7325
Link,DE0 22,DAC,0.00922,0.00121,0.00161
Link,DE0 22,H2 Electrolysis,0.03366,0.04103,0.04398
Link,DE0 22,battery charger,0.75545,1.89459,31.88231
Link,DE0 22,electricity distribution grid,1424.30403,2196.25023,2428.89855
Link,DE0 22 H2,Fischer-Tropsch,0.14457,0.94357,0.01246
Link,DE0 22 H2,H2 Fuel Cell,0.08845,0.01527,0.0088
Link,DE0 22 H2,H2 pipeline,0.0,61.9067,1068.20608
Link,DE0 22 H2,H2 pipeline retrofitted,0.0,0.0,0.0
Link,DE0 22 H2,H2 turbine,0.49826,3.20264,1.55442
Link,DE0 22 H2,Sabatier,0.03891,0.009,0.00361
Link,DE0 22 H2,methanolisation,1.34705,0.05648,0.04207
Link,DE0 22 battery,battery discharger,0.77304,1.93366,32.53975
Link,DE0 22 biogas,biogas to gas,252.5023,252.5067,0.00656
Link,DE0 22 biogas,biogas to gas CC,1.33806,0.00437,70.01907
Link,DE0 22 co2 stored,CO2 pipeline,2.41257,20.36799,314.89352
Link,DE0 22 co2 stored,co2 sequestered,0.0,0.0,0.0
Link,DE0 22 home battery,home battery discharger,6.19828,218.1805,148.87035
Link,DE0 22 low voltage,BEV charger,699.3236,4255.4716,6585.84595
Link,DE0 22 low voltage,electricity distribution grid,1424.30403,2196.25023,2428.89855
Link,DE0 22 low voltage,home battery charger,6.05722,213.77236,145.86255
Link,DE0 22 low voltage,rural air heat pump,0.07298,0.00348,0.00167
Link,DE0 22 low voltage,rural ground heat pump,19.76744,280.86664,286.03918
Link,DE0 22 low voltage,rural resistive heater,27.83744,873.95591,846.24026
Link,DE0 22 low voltage,urban central air heat pump,0.04187,0.00838,0.00914
Link,DE0 22 low voltage,urban central resistive heater,3.95993,524.72622,682.4979
Link,DE0 22 low voltage,urban decentral air heat pump,0.02574,0.0056,0.00097
Link,DE0 22 low voltage,urban decentral resistive heater,1.00549,0.07264,0.02117
Link,DE0 22 non-sequestered HVC,HVC to air,0.0,0.0,0.0
Link,DE0 22 non-sequestered HVC,waste CHP,99.91523,143.39525,143.39898
Link,DE0 22 non-sequestered HVC,waste CHP CC,0.4519,0.01822,0.00543
Link,DE0 22 process emissions,process emissions,15.65663,0.00529,0.00035
Link,DE0 22 process emissions,process emissions CC,0.33534,17.8465,19.6505
Link,DE0 22 rural heat,rural water tanks charger,414.40941,1714.03946,1714.54339
Link,DE0 22 rural water tanks,rural water tanks discharger,414.40941,1714.03946,1714.54339
Link,DE0 22 solid biomass,biomass to liquid,0.0552,0.00789,0.00402
Link,DE0 22 solid biomass,biomass to liquid CC,0.0432,0.00833,229.58215
Link,DE0 22 solid biomass,rural biomass boiler,678.23974,450.52731,8e-05
Link,DE0 22 solid biomass,solid biomass for industry,53.55912,63.87107,0.00162
Link,DE0 22 solid biomass,solid biomass for industry CC,0.16839,0.10421,79.91065
Link,DE0 22 solid biomass,urban central solid biomass CHP,307.49649,112.8219,0.00639
Link,DE0 22 solid biomass,urban central solid biomass CHP CC,0.03896,0.00481,0.00432
Link,DE0 22 solid biomass,urban decentral biomass boiler,193.86403,686.03142,599.3134
Link,DE0 22 unsustainable bioliquids,unsustainable bioliquids,1047993.88454,343830.41075,
Link,DE0 22 urban central heat,urban central water pits charger,132.38295,454.9384,628.66744
Link,DE0 22 urban central heat,urban central water tanks charger,2.80038,0.42532,0.66466
Link,DE0 22 urban central water pits,urban central water pits discharger,132.38295,454.9384,628.66744
Link,DE0 22 urban central water tanks,urban central water tanks discharger,2.80038,0.42532,0.66466
Link,DE0 22 urban decentral heat,urban decentral water tanks charger,11.47286,12.3335,11.62195
Link,DE0 22 urban decentral water tanks,urban decentral water tanks discharger,11.47286,12.3335,11.62195
Link,DE0 23,DAC,0.00961,0.00123,0.00156
Link,DE0 23,H2 Electrolysis,0.04002,0.03194,0.01432
Link,DE0 23,battery charger,0.76243,921.91946,921.76166
Link,DE0 23,electricity distribution grid,1587.59231,2312.01243,2511.71297
Link,DE0 23 H2,Fischer-Tropsch,0.14498,0.07977,0.01249
Link,DE0 23 H2,H2 Fuel Cell,0.09085,0.01122,0.00568
Link,DE0 23 H2,H2 pipeline,7.19408,896.62908,912.95282
Link,DE0 23 H2,H2 pipeline retrofitted,0.0,0.0,0.0
Link,DE0 23 H2,H2 turbine,0.4979,0.56168,0.26728
Link,DE0 23 H2,Sabatier,0.03845,0.00865,0.00354
Link,DE0 23 H2,methanolisation,6.06255,0.03854,0.03324
Link,DE0 23 battery,battery discharger,0.78019,940.93011,940.76906
Link,DE0 23 biogas,biogas to gas,320.04994,320.05437,0.00666
Link,DE0 23 biogas,biogas to gas CC,1.70726,0.00441,73.34492
Link,DE0 23 co2 stored,CO2 pipeline,2.1499,81.53027,81.30434
Link,DE0 23 co2 stored,co2 sequestered,0.0,0.0,0.0
Link,DE0 23 home battery,home battery discharger,17.58871,120.00679,37.5147
Link,DE0 23 low voltage,BEV charger,690.20569,4199.988,6499.9785
Link,DE0 23 low voltage,electricity distribution grid,1587.59231,2312.01243,2511.71297
Link,DE0 23 low voltage,home battery charger,17.1884,117.58216,36.75675
Link,DE0 23 low voltage,rural air heat pump,0.62726,0.00364,0.00173
Link,DE0 23 low voltage,rural ground heat pump,12.2853,291.30046,287.09713
Link,DE0 23 low voltage,rural resistive heater,4.91046,741.25126,741.27209
Link,DE0 23 low voltage,urban central air heat pump,0.03931,0.00493,0.00312
Link,DE0 23 low voltage,urban central resistive heater,2.21783,192.64279,204.26599
Link,DE0 23 low voltage,urban decentral air heat pump,0.03104,0.00476,0.0009
Link,DE0 23 low voltage,urban decentral resistive heater,1.01546,0.07358,0.02122
Link,DE0 23 non-sequestered HVC,HVC to air,0.0,0.0,0.0
Link,DE0 23 non-sequestered HVC,waste CHP,97.3811,128.51724,128.5208
Link,DE0 23 non-sequestered HVC,waste CHP CC,0.57505,0.96828,0.00674
Link,DE0 23 process emissions,process emissions,24.73114,0.00565,0.00028
Link,DE0 23 process emissions,process emissions CC,0.88084,25.42957,25.43227
Link,DE0 23 rural heat,rural water tanks charger,34.65815,2793.64333,2793.88156
Link,DE0 23 rural water tanks,rural water tanks discharger,34.65815,2793.64333,2793.88156
Link,DE0 23 solid biomass,biomass to liquid,0.077,0.00779,0.0041
Link,DE0 23 solid biomass,biomass to liquid CC,0.06775,0.00828,328.29188
Link,DE0 23 solid biomass,rural biomass boiler,723.67129,908.22052,462.61093
Link,DE0 23 solid biomass,solid biomass for industry,67.14802,67.25729,0.00176
Link,DE0 23 solid biomass,solid biomass for industry CC,0.29453,0.18892,73.56866
Link,DE0 23 solid biomass,urban central solid biomass CHP,2206.75947,2026.94652,0.00411
Link,DE0 23 solid biomass,urban central solid biomass CHP CC,0.04606,0.00403,0.00292
Link,DE0 23 solid biomass,urban decentral biomass boiler,77.04182,375.41115,338.9177
Link,DE0 23 unsustainable bioliquids,unsustainable bioliquids,1328428.90944,429664.33197,
Link,DE0 23 urban central heat,urban central water pits charger,25.56802,171.50908,200.86142
Link,DE0 23 urban central heat,urban central water tanks charger,2.71311,0.27907,0.50607
Link,DE0 23 urban central water pits,urban central water pits discharger,25.56802,171.50908,200.86142
Link,DE0 23 urban central water tanks,urban central water tanks discharger,2.71311,0.27907,0.50607
Link,DE0 23 urban decentral heat,urban decentral water tanks charger,11.46267,12.28184,11.61148
Link,DE0 23 urban decentral water tanks,urban decentral water tanks discharger,11.46267,12.28184,11.61148
Link,DE0 24,DAC,0.00979,0.00126,0.00165
Link,DE0 24,DC,0.0,2000.00001,2000.01099
Link,DE0 24,H2 Electrolysis,0.04706,0.03233,0.02234
Link,DE0 24,battery charger,0.76767,2.80542,2222.00834
Link,DE0 24,electricity distribution grid,1882.29921,2821.32054,3145.02203
Link,DE0 24 H2,Fischer-Tropsch,0.14466,0.2472,0.01252
Link,DE0 24 H2,H2 Fuel Cell,0.0921,0.01178,0.00779
Link,DE0 24 H2,H2 pipeline,0.0,4.03755,2.35411
Link,DE0 24 H2,H2 pipeline retrofitted,0.0,0.0,0.0
Link,DE0 24 H2,H2 turbine,0.49747,1.1649,0.29213
Link,DE0 24 H2,Sabatier,0.04094,0.00893,0.00351
Link,DE0 24 H2,methanolisation,0.89739,0.04288,0.03623
Link,DE0 24 battery,battery discharger,0.78554,2.86327,2267.82777
Link,DE0 24 biogas,biogas to gas,420.72417,420.72863,0.00654
Link,DE0 24 biogas,biogas to gas CC,1.24143,0.00444,66.20972
Link,DE0 24 co2 stored,CO2 pipeline,3.14796,99.15113,296.75087
Link,DE0 24 co2 stored,co2 sequestered,0.0,0.0,0.0
Link,DE0 24 home battery,home battery discharger,4.11296,77.66506,22.11614
Link,DE0 24 low voltage,BEV charger,1062.4718,6465.27385,10005.77646
Link,DE0 24 low voltage,electricity distribution grid,1882.29921,2821.32054,3145.02203
Link,DE0 24 low voltage,home battery charger,4.01936,76.09591,21.6693
Link,DE0 24 low voltage,rural air heat pump,0.08252,0.00343,0.00165
Link,DE0 24 low voltage,rural ground heat pump,29.8556,325.13851,339.86391
Link,DE0 24 low voltage,rural resistive heater,39.29771,967.6593,928.38931
Link,DE0 24 low voltage,urban central air heat pump,0.03975,0.00556,0.05363
Link,DE0 24 low voltage,urban central resistive heater,1.74565,441.47129,922.40214
Link,DE0 24 low voltage,urban decentral air heat pump,0.17677,0.09216,0.00247
Link,DE0 24 low voltage,urban decentral resistive heater,1.32975,0.36475,0.02168
Link,DE0 24 non-sequestered HVC,HVC to air,0.0,0.0,0.0
Link,DE0 24 non-sequestered HVC,waste CHP,151.39077,193.13271,193.13672
Link,DE0 24 non-sequestered HVC,waste CHP CC,0.43239,0.03962,0.00724
Link,DE0 24 process emissions,process emissions,90.78862,0.005,0.00034
Link,DE0 24 process emissions,process emissions CC,0.28811,104.08266,110.03455
Link,DE0 24 rural heat,rural water tanks charger,685.4444,2316.66384,2316.90125
Link,DE0 24 rural water tanks,rural water tanks discharger,685.4444,2316.66384,2316.90125
Link,DE0 24 solid biomass,biomass to liquid,0.05686,0.00548,0.004
Link,DE0 24 solid biomass,biomass to liquid CC,0.04482,0.00443,73.24979
Link,DE0 24 solid biomass,rural biomass boiler,869.98088,610.28441,6e-05
Link,DE0 24 solid biomass,solid biomass for industry,164.28746,203.18665,0.00156
Link,DE0 24 solid biomass,solid biomass for industry CC,0.17146,0.02485,257.4855
Link,DE0 24 solid biomass,urban central solid biomass CHP,4608.78501,311.79556,0.00608
Link,DE0 24 solid biomass,urban central solid biomass CHP CC,0.03715,0.00354,0.00431
Link,DE0 24 solid biomass,urban decentral biomass boiler,514.15155,1497.15739,1654.81728
Link,DE0 24 unsustainable bioliquids,unsustainable bioliquids,1742198.84993,558969.62027,
Link,DE0 24 urban central heat,urban central water pits charger,103.91277,378.64037,830.29351
Link,DE0 24 urban central heat,urban central water tanks charger,2.79482,0.38497,0.65559
Link,DE0 24 urban central water pits,urban central water pits discharger,103.91277,378.64037,830.29351
Link,DE0 24 urban central water tanks,urban central water tanks discharger,2.79482,0.38497,0.65559
Link,DE0 24 urban decentral heat,urban decentral water tanks charger,22.88726,25.33879,23.04735
Link,DE0 24 urban decentral water tanks,urban decentral water tanks discharger,22.88726,25.33879,23.04735
Link,DE0 25,DAC,0.00899,0.00122,0.00188
Link,DE0 25,H2 Electrolysis,0.03343,0.03327,0.01256
Link,DE0 25,battery charger,0.75166,0.91339,0.13817
Link,DE0 25,electricity distribution grid,2292.45964,4272.84917,5515.7291
Link,DE0 25 H2,Fischer-Tropsch,0.14473,0.40136,0.01233
Link,DE0 25 H2,H2 Fuel Cell,0.09285,0.01775,0.00988
Link,DE0 25 H2,H2 pipeline,0.0,3.84555,5.81849
Link,DE0 25 H2,H2 pipeline retrofitted,0.0,462.14068,899.9717
Link,DE0 25 H2,H2 turbine,0.49801,4.04826,0.40222
Link,DE0 25 H2,Sabatier,0.03912,0.00889,0.0035
Link,DE0 25 H2,methanolisation,1.28752,0.04405,0.02908
Link,DE0 25 battery,battery discharger,0.76916,0.93222,0.14101
Link,DE0 25 biogas,biogas to gas,252.29258,252.29696,0.00633
Link,DE0 25 biogas,biogas to gas CC,1.40416,0.00437,48.45216
Link,DE0 25 co2 stored,CO2 pipeline,0.87903,0.52715,0.04559
Link,DE0 25 co2 stored,co2 sequestered,0.0,0.0,0.0
Link,DE0 25 home battery,home battery discharger,16.99727,219.89804,342.77431
Link,DE0 25 low voltage,BEV charger,1574.0597,9578.3502,14823.63055
Link,DE0 25 low voltage,electricity distribution grid,2292.45964,4272.84917,5515.7291
Link,DE0 25 low voltage,home battery charger,16.61043,215.4552,335.84886
Link,DE0 25 low voltage,rural air heat pump,0.08158,0.00357,0.00166
Link,DE0 25 low voltage,rural ground heat pump,40.23531,92.86169,86.60381
Link,DE0 25 low voltage,rural resistive heater,61.33995,230.572,174.32966
Link,DE0 25 low voltage,urban central air heat pump,0.05081,0.02024,71.81612
Link,DE0 25 low voltage,urban central resistive heater,28.99782,1479.68575,1664.53273
Link,DE0 25 low voltage,urban decentral air heat pump,1.59272,475.96361,728.70607
Link,DE0 25 low voltage,urban decentral resistive heater,8.93192,1716.30278,2589.94779
Link,DE0 25 non-sequestered HVC,HVC to air,0.0,0.0,0.0
Link,DE0 25 non-sequestered HVC,waste CHP,229.11942,323.57055,323.57444
Link,DE0 25 non-sequestered HVC,waste CHP CC,0.50016,0.02462,0.0057
Link,DE0 25 process emissions,process emissions,33.5752,0.00316,0.0003
Link,DE0 25 process emissions,process emissions CC,0.41115,36.13161,36.90761
Link,DE0 25 rural heat,rural water tanks charger,382.16284,529.42733,529.86937
Link,DE0 25 rural water tanks,rural water tanks discharger,382.16284,529.42733,529.86937
Link,DE0 25 solid biomass,biomass to liquid,0.05279,0.00551,0.00325
Link,DE0 25 solid biomass,biomass to liquid CC,0.04078,0.00451,0.00335
Link,DE0 25 solid biomass,rural biomass boiler,68.6032,32.49625,2e-05
Link,DE0 25 solid biomass,solid biomass for industry,176.85218,224.86331,0.00143
Link,DE0 25 solid biomass,solid biomass for industry CC,0.16247,0.0367,294.26883
Link,DE0 25 solid biomass,urban central solid biomass CHP,150.89258,42.82959,0.00485
Link,DE0 25 solid biomass,urban central solid biomass CHP CC,0.04517,0.00387,0.003
Link,DE0 25 solid biomass,urban decentral biomass boiler,1968.62045,1636.42457,432.87826
Link,DE0 25 unsustainable bioliquids,unsustainable bioliquids,1047400.87816,347299.70827,
Link,DE0 25 urban central heat,urban central water pits charger,134.86045,1468.24098,2379.48132
Link,DE0 25 urban central heat,urban central water tanks charger,2.79673,0.47747,0.3182
Link,DE0 25 urban central water pits,urban central water pits discharger,134.86045,1468.24098,2379.48132
Link,DE0 25 urban central water tanks,urban central water tanks discharger,2.79673,0.47747,0.3182
Link,DE0 25 urban decentral heat,urban decentral water tanks charger,104.61345,2798.95782,2799.63298
Link,DE0 25 urban decentral water tanks,urban decentral water tanks discharger,104.61345,2798.95782,2799.63298
Link,DE0 26,DAC,0.0097,0.0012,0.00186
Link,DE0 26,H2 Electrolysis,0.04694,0.0451,0.01732
Link,DE0 26,battery charger,0.76732,1474.45016,1327.17922
Link,DE0 26,electricity distribution grid,1608.36439,2598.6681,2862.88851
Link,DE0 26 H2,Fischer-Tropsch,0.14504,0.30892,0.01212
Link,DE0 26 H2,H2 Fuel Cell,0.09276,0.01568,0.009
Link,DE0 26 H2,H2 pipeline,20.51062,177.33737,495.24887
Link,DE0 26 H2,H2 pipeline retrofitted,0.0,0.0,0.0
Link,DE0 26 H2,H2 turbine,0.49716,3.82293,0.42916
Link,DE0 26 H2,Sabatier,0.04715,0.00864,0.00354
Link,DE0 26 H2,methanolisation,4.69852,0.0449,0.02995
Link,DE0 26 battery,battery discharger,0.78519,1504.85439,1354.54662
Link,DE0 26 biogas,biogas to gas,197.27568,197.28001,0.00642
Link,DE0 26 biogas,biogas to gas CC,1.55945,0.0043,41.49778
Link,DE0 26 co2 stored,CO2 pipeline,3.28079,2.23856,197.96523
Link,DE0 26 co2 stored,co2 sequestered,0.0,0.0,0.0
Link,DE0 26 home battery,home battery discharger,8.15206,72.263,22.6227
Link,DE0 26 low voltage,BEV charger,754.53701,4591.45208,7105.8155
Link,DE0 26 low voltage,electricity distribution grid,1608.36439,2598.6681,2862.88851
Link,DE0 26 low voltage,home battery charger,7.96653,70.80299,22.16563
Link,DE0 26 low voltage,rural air heat pump,0.08269,0.00368,0.00177
Link,DE0 26 low voltage,rural ground heat pump,21.87815,169.50791,164.28599
Link,DE0 26 low voltage,rural resistive heater,37.80969,463.24638,425.46351
Link,DE0 26 low voltage,urban central air heat pump,0.04207,0.00825,19.84058
Link,DE0 26 low voltage,urban central resistive heater,2.22756,467.11162,509.08859
Link,DE0 26 low voltage,urban decentral air heat pump,0.03863,81.28876,81.29362
Link,DE0 26 low voltage,urban decentral resistive heater,1.01007,271.36202,271.38409
Link,DE0 26 non-sequestered HVC,HVC to air,0.0,0.0,0.0
Link,DE0 26 non-sequestered HVC,waste CHP,107.8588,148.48252,148.48615
Link,DE0 26 non-sequestered HVC,waste CHP CC,0.52992,0.02166,0.00508
Link,DE0 26 process emissions,process emissions,543.86876,0.00488,0.00025
Link,DE0 26 process emissions,process emissions CC,0.82496,320.42639,320.42908
Link,DE0 26 rural heat,rural water tanks charger,253.18989,1614.68077,1614.95418
Link,DE0 26 rural water tanks,rural water tanks discharger,253.18989,1614.68077,1614.95418
Link,DE0 26 solid biomass,biomass to liquid,0.06011,0.00554,0.00371
Link,DE0 26 solid biomass,biomass to liquid CC,0.04788,0.00452,0.00909
Link,DE0 26 solid biomass,rural biomass boiler,329.2281,202.97006,3e-05
Link,DE0 26 solid biomass,solid biomass for industry,45.55177,46.79217,0.00145
Link,DE0 26 solid biomass,solid biomass for industry CC,0.18827,0.02756,52.00606
Link,DE0 26 solid biomass,urban central solid biomass CHP,127.98783,64.25982,0.00652
Link,DE0 26 solid biomass,urban central solid biomass CHP CC,0.04451,0.00355,0.00425
Link,DE0 26 solid biomass,urban decentral biomass boiler,446.57354,855.32855,1073.99713
Link,DE0 26 unsustainable bioliquids,unsustainable bioliquids,820872.05806,273448.83947,
Link,DE0 26 urban central heat,urban central water pits charger,85.12928,444.40826,746.74746
Link,DE0 26 urban central heat,urban central water tanks charger,2.76659,0.42489,0.64197
Link,DE0 26 urban central water pits,urban central water pits discharger,85.12928,444.40826,746.74746
Link,DE0 26 urban central water tanks,urban central water tanks discharger,2.76659,0.42489,0.64197
Link,DE0 26 urban decentral heat,urban decentral water tanks charger,11.429,416.73767,416.9842
Link,DE0 26 urban decentral water tanks,urban decentral water tanks discharger,11.429,416.73767,416.9842
Link,DE0 27,DAC,0.00909,0.00124,0.00237
Link,DE0 27,DC,0.0,0.29343,0.31249
Link,DE0 27,H2 Electrolysis,0.03468,379.94863,380.26068
Link,DE0 27,battery charger,0.76708,392.68313,741.69155
Link,DE0 27,electricity distribution grid,1829.82269,3330.89975,3741.75532
Link,DE0 27 H2,Fischer-Tropsch,0.14468,465.33085,465.34286
Link,DE0 27 H2,H2 Fuel Cell,0.08957,0.01372,0.00811
Link,DE0 27 H2,H2 pipeline,0.0,3.08911,1.2703
Link,DE0 27 H2,H2 pipeline retrofitted,0.0,2.12657,1.38324
Link,DE0 27 H2,H2 turbine,0.49807,4.72024,1.08144
Link,DE0 27 H2,Sabatier,0.03876,0.00862,0.00346
Link,DE0 27 H2,methanolisation,8.00135,0.06159,0.03604
Link,DE0 27 battery,battery discharger,0.78495,400.78054,756.98577
Link,DE0 27 biogas,biogas to gas,315.76147,315.76598,0.00612
Link,DE0 27 biogas,biogas to gas CC,1.60434,0.00457,197.08696
Link,DE0 27 co2 stored,CO2 pipeline,2.0827,201.72701,773.83229
Link,DE0 27 co2 stored,co2 sequestered,0.0,712.23125,917.0281
Link,DE0 27 home battery,home battery discharger,6.34655,246.79098,157.06726
Link,DE0 27 low voltage,BEV charger,1029.05944,6261.95544,9691.11716
Link,DE0 27 low voltage,electricity distribution grid,1829.82269,3330.89975,3741.75532
Link,DE0 27 low voltage,home battery charger,6.20211,241.80479,153.89385
Link,DE0 27 low voltage,rural air heat pump,0.0633,0.00373,0.00173
Link,DE0 27 low voltage,rural ground heat pump,28.29668,196.01841,216.43149
Link,DE0 27 low voltage,rural resistive heater,60.20414,684.44761,714.42084
Link,DE0 27 low voltage,urban central air heat pump,0.04875,0.01201,28.76623
Link,DE0 27 low voltage,urban central resistive heater,50.2741,911.92142,862.1541
Link,DE0 27 low voltage,urban decentral air heat pump,0.04384,137.79296,137.79782
Link,DE0 27 low voltage,urban decentral resistive heater,1.02383,590.03152,590.05537
Link,DE0 27 non-sequestered HVC,HVC to air,0.0,0.0,0.0
Link,DE0 27 non-sequestered HVC,waste CHP,146.97995,202.45297,202.45686
Link,DE0 27 non-sequestered HVC,waste CHP CC,0.54751,0.19297,0.00734
Link,DE0 27 process emissions,process emissions,340.1169,0.00208,0.00021
Link,DE0 27 process emissions,process emissions CC,0.79075,200.54963,200.55233
Link,DE0 27 rural heat,rural water tanks charger,597.77291,615.90697,616.31421
Link,DE0 27 rural water tanks,rural water tanks discharger,597.77291,615.90697,616.31421
Link,DE0 27 solid biomass,biomass to liquid,0.05346,0.00585,0.00401
Link,DE0 27 solid biomass,biomass to liquid CC,0.04124,0.00506,86.40344
Link,DE0 27 solid biomass,rural biomass boiler,646.68301,479.5031,0.00013
Link,DE0 27 solid biomass,solid biomass for industry,99.22534,0.07267,0.00112
Link,DE0 27 solid biomass,solid biomass for industry CC,0.16444,134.37424,154.74991
Link,DE0 27 solid biomass,urban central solid biomass CHP,593.91087,389.39043,0.00605
Link,DE0 27 solid biomass,urban central solid biomass CHP CC,0.04011,0.00386,0.00473
Link,DE0 27 solid biomass,urban decentral biomass boiler,618.57738,1013.72995,1362.09783
Link,DE0 27 unsustainable bioliquids,unsustainable bioliquids,1310296.47572,439036.07467,
Link,DE0 27 urban central heat,urban central water pits charger,237.92057,824.41074,1091.97159
Link,DE0 27 urban central heat,urban central water tanks charger,2.80798,0.44209,0.64185
Link,DE0 27 urban central water pits,urban central water pits discharger,237.92057,824.41074,1091.97159
Link,DE0 27 urban central water tanks,urban central water tanks discharger,2.80798,0.44209,0.64185
Link,DE0 27 urban decentral heat,urban decentral water tanks charger,11.66636,721.80517,722.06392
Link,DE0 27 urban decentral water tanks,urban decentral water tanks discharger,11.66636,721.80517,722.06392
Link,DE0 28,DAC,0.00933,0.00121,0.00169
Link,DE0 28,H2 Electrolysis,0.04043,0.03882,0.01638
Link,DE0 28,battery charger,0.76275,3398.50332,3376.54357
Link,DE0 28,electricity distribution grid,2305.69746,3106.9906,3989.16695
Link,DE0 28 H2,Fischer-Tropsch,0.14499,0.35322,0.0135
Link,DE0 28 H2,H2 Fuel Cell,0.09136,0.01202,0.00933
Link,DE0 28 H2,H2 pipeline,3.66901,3.27022,1.14585
Link,DE0 28 H2,H2 pipeline retrofitted,0.0,5.18354,54.20115
Link,DE0 28 H2,H2 turbine,0.49791,0.5657,0.18801
Link,DE0 28 H2,Sabatier,0.0382,0.00885,0.00356
Link,DE0 28 H2,methanolisation,1.84654,0.04772,0.04413
Link,DE0 28 battery,battery discharger,0.78051,3468.58293,3446.17035
Link,DE0 28 biogas,biogas to gas,292.97997,292.98441,0.00672
Link,DE0 28 biogas,biogas to gas CC,1.37277,0.00441,97.73138
Link,DE0 28 co2 stored,CO2 pipeline,1.20997,0.1097,146.24016
Link,DE0 28 co2 stored,co2 sequestered,0.0,0.0,0.0
Link,DE0 28 home battery,home battery discharger,28.40944,45.59679,85.71797
Link,DE0 28 low voltage,BEV charger,1403.11552,8538.13345,13213.77202
Link,DE0 28 low voltage,electricity distribution grid,2305.69746,3106.9906,3989.16695
Link,DE0 28 low voltage,home battery charger,27.76287,44.67554,83.98612
Link,DE0 28 low voltage,rural air heat pump,0.08362,0.00359,0.00167
Link,DE0 28 low voltage,rural ground heat pump,31.37815,162.71512,149.36372
Link,DE0 28 low voltage,rural resistive heater,20.13942,398.12555,378.00773
Link,DE0 28 low voltage,urban central air heat pump,0.03987,0.00723,77.08131
Link,DE0 28 low voltage,urban central resistive heater,1.68365,817.34263,850.6335
Link,DE0 28 low voltage,urban decentral air heat pump,0.04285,139.83961,317.11396
Link,DE0 28 low voltage,urban decentral resistive heater,1.016,482.31363,972.40105
Link,DE0 28 non-sequestered HVC,HVC to air,0.0,0.0,0.0
Link,DE0 28 non-sequestered HVC,waste CHP,200.0036,259.76776,259.77245
Link,DE0 28 non-sequestered HVC,waste CHP CC,0.47533,0.02078,0.00694
Link,DE0 28 process emissions,process emissions,125.86236,0.00633,0.00036
Link,DE0 28 process emissions,process emissions CC,0.39618,145.83278,153.77607
Link,DE0 28 rural heat,rural water tanks charger,227.4296,1134.56092,1135.10441
Link,DE0 28 rural water tanks,rural water tanks discharger,227.4296,1134.56092,1135.10441
Link,DE0 28 solid biomass,biomass to liquid,0.05276,0.00555,0.00317
Link,DE0 28 solid biomass,biomass to liquid CC,0.0407,0.00449,0.0029
Link,DE0 28 solid biomass,rural biomass boiler,184.14607,82.37111,1e-05
Link,DE0 28 solid biomass,solid biomass,48.99777,,
Link,DE0 28 solid biomass,solid biomass for industry,181.42183,207.75465,0.00197
Link,DE0 28 solid biomass,solid biomass for industry CC,0.15954,0.02379,248.60651
Link,DE0 28 solid biomass,urban central solid biomass CHP,857.85006,499.57061,0.005
Link,DE0 28 solid biomass,urban central solid biomass CHP CC,0.03288,0.00341,0.00271
Link,DE0 28 solid biomass,urban decentral biomass boiler,1083.15618,2172.78094,1659.70711
Link,DE0 28 unsustainable bioliquids,unsustainable bioliquids,1215273.29982,401041.59998,
Link,DE0 28 urban central heat,urban central water pits charger,327.41179,786.57074,1175.08935
Link,DE0 28 urban central heat,urban central water tanks charger,2.80614,0.47771,0.67692
Link,DE0 28 urban central water pits,urban central water pits discharger,327.41179,786.57074,1175.08935
Link,DE0 28 urban central water tanks,urban central water tanks discharger,2.80614,0.47771,0.67692
Link,DE0 28 urban decentral heat,urban decentral water tanks charger,11.48609,689.13573,689.91435
Link,DE0 28 urban decentral water tanks,urban decentral water tanks discharger,11.48609,689.13573,689.91435
Link,DE0 29,DAC,0.00974,0.00126,0.00169
Link,DE0 29,H2 Electrolysis,0.04012,0.03361,0.0269
Link,DE0 29,battery charger,0.759,12.29061,162.28968
Link,DE0 29,electricity distribution grid,1027.81741,1413.91519,1569.53041
Link,DE0 29 H2,Fischer-Tropsch,0.14489,0.14402,0.01239
Link,DE0 29 H2,H2 Fuel Cell,0.08448,0.00944,0.00753
Link,DE0 29 H2,H2 pipeline,3.83884,39.27561,43.83377
Link,DE0 29 H2,H2 pipeline retrofitted,0.0,0.0,0.0
Link,DE0 29 H2,H2 turbine,0.49782,0.72878,0.48629
Link,DE0 29 H2,Sabatier,0.03814,0.00872,0.0036
Link,DE0 29 H2,methanolisation,1.94194,0.0488,0.041
Link,DE0 29 battery,battery discharger,0.77667,12.54405,165.63621
Link,DE0 29 biogas,biogas to gas,245.39702,245.40137,0.00667
Link,DE0 29 biogas,biogas to gas CC,1.3369,0.00429,35.66931
Link,DE0 29 co2 stored,co2 sequestered,0.0,0.0,0.0
Link,DE0 29 home battery,home battery discharger,16.20822,26.59374,7.57859
Link,DE0 29 low voltage,BEV charger,470.59809,2863.64828,4431.83463
Link,DE0 29 low voltage,electricity distribution grid,1027.81741,1413.91519,1569.53041
Link,DE0 29 low voltage,home battery charger,15.83934,26.05643,7.42547
Link,DE0 29 low voltage,rural air heat pump,0.2231,0.00354,0.0017
Link,DE0 29 low voltage,rural ground heat pump,8.65022,133.94493,139.63691
Link,DE0 29 low voltage,rural resistive heater,4.21661,402.69679,402.71791
Link,DE0 29 low voltage,urban central air heat pump,0.03883,0.00333,0.00323
Link,DE0 29 low voltage,urban central resistive heater,1.55214,22.60296,192.14835
Link,DE0 29 low voltage,urban decentral air heat pump,0.0303,0.0049,0.00093
Link,DE0 29 low voltage,urban decentral resistive heater,1.01068,0.07336,0.02105
Link,DE0 29 non-sequestered HVC,HVC to air,0.0,0.0,0.0
Link,DE0 29 non-sequestered HVC,waste CHP,66.35284,66.36153,66.35841
Link,DE0 29 non-sequestered HVC,waste CHP CC,0.45109,0.00762,1.57516
Link,DE0 29 process emissions,process emissions,78.29073,0.00664,0.00038
Link,DE0 29 process emissions,process emissions CC,0.36114,89.69482,93.81111
Link,DE0 29 rural heat,rural water tanks charger,57.39333,987.50507,987.75179
Link,DE0 29 rural water tanks,rural water tanks discharger,57.39333,987.50507,987.75179
Link,DE0 29 solid biomass,biomass to liquid,0.06805,0.00795,0.00405
Link,DE0 29 solid biomass,biomass to liquid CC,0.05656,0.00814,194.74853
Link,DE0 29 solid biomass,rural biomass boiler,543.5185,913.32029,541.23437
Link,DE0 29 solid biomass,solid biomass for industry,55.79288,58.20008,0.00178
Link,DE0 29 solid biomass,solid biomass for industry CC,0.22564,0.05087,63.42151
Link,DE0 29 solid biomass,urban central solid biomass CHP,292.25359,164.83839,0.00561
Link,DE0 29 solid biomass,urban central solid biomass CHP CC,0.04066,0.00313,0.00346
Link,DE0 29 solid biomass,urban decentral biomass boiler,79.20751,433.37944,395.86014
Link,DE0 29 unsustainable bioliquids,unsustainable bioliquids,1018650.72561,322861.95617,
Link,DE0 29 urban central heat,urban central water pits charger,9.50928,58.63455,171.23887
Link,DE0 29 urban central heat,urban central water tanks charger,2.33696,0.31566,0.27227
Link,DE0 29 urban central water pits,urban central water pits discharger,9.50928,58.63455,171.23887
Link,DE0 29 urban central water tanks,urban central water tanks discharger,2.33696,0.31566,0.27227
Link,DE0 29 urban decentral heat,urban decentral water tanks charger,11.46861,12.30519,11.61813
Link,DE0 29 urban decentral water tanks,urban decentral water tanks discharger,11.46861,12.30519,11.61813
Link,DE0 3,DAC,0.00925,0.0012,0.00201
Link,DE0 3,DC,2000.00046,2000.15329,2000.15341
Link,DE0 3,H2 Electrolysis,0.03344,0.03148,0.01323
Link,DE0 3,battery charger,0.75724,452.15037,1483.37994
Link,DE0 3,electricity distribution grid,5350.07389,6679.35641,8753.95968
Link,DE0 3 H2,Fischer-Tropsch,0.14465,28.27949,28.29166
Link,DE0 3 H2,H2 Fuel Cell,0.08981,0.01846,0.01012
Link,DE0 3 H2,H2 pipeline,0.0,1134.10639,3359.34609
Link,DE0 3 H2,H2 pipeline retrofitted,0.0,0.0,0.0
Link,DE0 3 H2,H2 turbine,0.49794,1.81609,0.28866
Link,DE0 3 H2,Sabatier,0.03885,0.00898,0.00358
Link,DE0 3 H2,methanolisation,1.09386,0.04639,0.03296
Link,DE0 3 battery,battery discharger,0.77487,461.47404,1513.96832
Link,DE0 3 biogas,biogas to gas,280.62857,280.63294,0.00652
Link,DE0 3 biogas,biogas to gas CC,1.29053,0.00433,31.39586
Link,DE0 3 co2 stored,CO2 pipeline,1.55121,1.71369,270.81769
Link,DE0 3 co2 stored,co2 sequestered,0.0,0.0,0.0
Link,DE0 3 home battery,home battery discharger,3.87405,2.05502,176.13365
Link,DE0 3 low voltage,BEV charger,2189.4737,13323.22139,20619.26192
Link,DE0 3 low voltage,electricity distribution grid,5350.07389,6679.35641,8753.95968
Link,DE0 3 low voltage,home battery charger,3.78588,2.0135,172.57503
Link,DE0 3 low voltage,rural air heat pump,0.06855,0.00379,0.00176
Link,DE0 3 low voltage,rural ground heat pump,49.43815,72.69847,73.74666
Link,DE0 3 low voltage,rural resistive heater,44.43154,104.64388,99.2511
Link,DE0 3 low voltage,urban central air heat pump,0.04743,217.11835,217.12868
Link,DE0 3 low voltage,urban central resistive heater,37.62009,1868.66792,1831.14979
Link,DE0 3 low voltage,urban decentral air heat pump,50.22746,230.66212,525.96781
Link,DE0 3 low voltage,urban decentral resistive heater,139.94952,773.608,1826.09109
Link,DE0 3 non-sequestered HVC,HVC to air,0.0,0.0,0.0
Link,DE0 3 non-sequestered HVC,waste CHP,311.14816,542.93151,542.9345
Link,DE0 3 non-sequestered HVC,waste CHP CC,0.47858,0.01444,0.00303
Link,DE0 3 process emissions,process emissions,195.44702,0.00504,0.00025
Link,DE0 3 process emissions,process emissions CC,0.34745,205.26517,205.26788
Link,DE0 3 rural heat,rural water tanks charger,718.35067,719.4859,718.67718
Link,DE0 3 rural water tanks,rural water tanks discharger,718.35067,719.4859,718.67718
Link,DE0 3 solid biomass,biomass to liquid,0.05264,0.00554,0.00319
Link,DE0 3 solid biomass,biomass to liquid CC,0.04079,0.00449,0.00293
Link,DE0 3 solid biomass,rural biomass boiler,51.24644,51.24646,3e-05
Link,DE0 3 solid biomass,solid biomass,152.19005,,
Link,DE0 3 solid biomass,solid biomass for industry,421.14142,526.2443,0.00171
Link,DE0 3 solid biomass,solid biomass for industry CC,0.16626,0.02694,686.20177
Link,DE0 3 solid biomass,urban central solid biomass CHP,146.98235,73.99742,0.00501
Link,DE0 3 solid biomass,urban central solid biomass CHP CC,0.03877,0.00398,0.0028
Link,DE0 3 solid biomass,urban decentral biomass boiler,2127.06024,5056.41791,3952.01009
Link,DE0 3 unsustainable bioliquids,unsustainable bioliquids,1163933.67451,378538.3979,
Link,DE0 3 urban central heat,urban central water pits charger,628.12931,2159.78516,2167.45576
Link,DE0 3 urban central heat,urban central water tanks charger,2.88018,0.53395,0.20508
Link,DE0 3 urban central water pits,urban central water pits discharger,628.12931,2159.78516,2167.45576
Link,DE0 3 urban central water tanks,urban central water tanks discharger,2.88018,0.53395,0.20508
Link,DE0 3 urban decentral heat,urban decentral water tanks charger,1592.942,1594.47667,1593.7643
Link,DE0 3 urban decentral water tanks,urban decentral water tanks discharger,1592.942,1594.47667,1593.7643
Link,DE0 4,DAC,0.00906,0.00121,0.0017
Link,DE0 4,H2 Electrolysis,0.03374,0.04543,0.04636
Link,DE0 4,battery charger,0.75633,1.57354,1.81236
Link,DE0 4,electricity distribution grid,1855.36643,2711.37466,3004.3266
Link,DE0 4 H2,Fischer-Tropsch,0.14512,861.71037,861.72265
Link,DE0 4 H2,H2 Fuel Cell,0.09279,0.01654,0.00851
Link,DE0 4 H2,H2 pipeline,0.0,2.45378,1.0609
Link,DE0 4 H2,H2 pipeline retrofitted,0.0,0.0,0.0
Link,DE0 4 H2,H2 turbine,0.49768,2.79364,1.59142
Link,DE0 4 H2,Sabatier,0.03923,0.00897,0.00359
Link,DE0 4 H2,methanolisation,2.71292,0.05425,0.03751
Link,DE0 4 battery,battery discharger,0.77394,1.60599,1.84973
Link,DE0 4 biogas,biogas to gas,378.89879,378.90328,0.00647
Link,DE0 4 biogas,biogas to gas CC,1.33621,0.00449,126.19244
Link,DE0 4 co2 stored,CO2 pipeline,1.03074,169.83385,521.88021
Link,DE0 4 co2 stored,co2 sequestered,0.0,0.0,0.0
Link,DE0 4 home battery,home battery discharger,8.96769,188.98214,116.78887
Link,DE0 4 low voltage,BEV charger,1035.66408,6302.14548,9753.316
Link,DE0 4 low voltage,electricity distribution grid,1855.36643,2711.37466,3004.3266
Link,DE0 4 low voltage,home battery charger,8.76359,185.16392,114.42926
Link,DE0 4 low voltage,rural air heat pump,0.05875,0.00336,0.0016
Link,DE0 4 low voltage,rural ground heat pump,31.50342,295.9035,312.265
Link,DE0 4 low voltage,rural resistive heater,73.6744,1025.24781,973.11003
Link,DE0 4 low voltage,urban central air heat pump,0.05691,0.03458,7.0727
Link,DE0 4 low voltage,urban central resistive heater,164.6065,932.56983,954.05605
Link,DE0 4 low voltage,urban decentral air heat pump,0.02556,0.00803,0.00317
Link,DE0 4 low voltage,urban decentral resistive heater,1.00521,0.07302,0.02122
Link,DE0 4 non-sequestered HVC,HVC to air,0.0,0.0,0.0
Link,DE0 4 non-sequestered HVC,waste CHP,148.17792,216.15879,216.16225
Link,DE0 4 non-sequestered HVC,waste CHP CC,0.4485,0.01844,0.00469
Link,DE0 4 process emissions,process emissions,141.00364,0.00494,0.00033
Link,DE0 4 process emissions,process emissions CC,0.35819,163.47788,172.81995
Link,DE0 4 rural heat,rural water tanks charger,792.42589,1739.23723,1739.75715
Link,DE0 4 rural water tanks,rural water tanks discharger,792.42589,1739.23723,1739.75715
Link,DE0 4 solid biomass,biomass to liquid,0.05289,0.00747,0.00395
Link,DE0 4 solid biomass,biomass to liquid CC,0.04099,0.00755,72.14554
Link,DE0 4 solid biomass,rural biomass boiler,828.2107,581.33347,7e-05
Link,DE0 4 solid biomass,solid biomass for industry,155.16466,177.92026,0.00153
Link,DE0 4 solid biomass,solid biomass for industry CC,0.15984,0.20728,211.82342
Link,DE0 4 solid biomass,urban central solid biomass CHP,261.22169,219.12626,88.17328
Link,DE0 4 solid biomass,urban central solid biomass CHP CC,0.04896,0.00517,0.0047
Link,DE0 4 solid biomass,urban decentral biomass boiler,473.1611,1059.24665,1328.34565
Link,DE0 4 unsustainable bioliquids,unsustainable bioliquids,1569889.28449,515504.09141,
Link,DE0 4 urban central heat,urban central water pits charger,354.85925,1034.79842,1365.91934
Link,DE0 4 urban central heat,urban central water tanks charger,2.81728,0.45612,0.61336
Link,DE0 4 urban central water pits,urban central water pits discharger,354.85925,1034.79842,1365.91934
Link,DE0 4 urban central water tanks,urban central water tanks discharger,2.81728,0.45612,0.61336
Link,DE0 4 urban decentral heat,urban decentral water tanks charger,11.45429,12.32755,11.63169
Link,DE0 4 urban decentral water tanks,urban decentral water tanks discharger,11.45429,12.32755,11.63169
Link,DE0 5,DAC,0.00912,0.00123,0.00227
Link,DE0 5,H2 Electrolysis,0.0401,0.645,0.11398
Link,DE0 5,battery charger,0.75834,952.40879,889.57194
Link,DE0 5,electricity distribution grid,3261.15489,6197.89358,7664.81543
Link,DE0 5 H2,Fischer-Tropsch,0.14508,0.15097,0.0117
Link,DE0 5 H2,H2 Fuel Cell,0.09822,0.01583,0.00843
Link,DE0 5 H2,H2 pipeline,2.79774,1.71334,0.7341
Link,DE0 5 H2,H2 pipeline (Kernnetz),31533.33333,67258.33333,67258.33333
Link,DE0 5 H2,H2 pipeline retrofitted,0.0,0.0,0.0
Link,DE0 5 H2,H2 turbine,0.49777,2.61941,1.1527
Link,DE0 5 H2,Sabatier,0.03877,0.00883,0.00358
Link,DE0 5 H2,methanolisation,3.39011,0.0562,0.03742
Link,DE0 5 battery,battery discharger,0.77601,972.04815,907.91556
Link,DE0 5 biogas,biogas to gas,501.41332,501.41788,0.00639
Link,DE0 5 biogas,biogas to gas CC,1.81521,0.00458,197.5137
Link,DE0 5 co2 stored,CO2 pipeline,0.29245,348.52952,1830.31734
Link,DE0 5 co2 stored,co2 sequestered,0.0,0.0,0.0
Link,DE0 5 home battery,home battery discharger,9.94292,274.75481,241.86933
Link,DE0 5 low voltage,BEV charger,3146.47204,19146.67599,29631.74713
Link,DE0 5 low voltage,electricity distribution grid,3261.15489,6197.89358,7664.81543
Link,DE0 5 low voltage,home battery charger,9.71663,269.20363,236.98257
Link,DE0 5 low voltage,rural air heat pump,0.06264,0.00371,0.00173
Link,DE0 5 low voltage,rural ground heat pump,81.09071,468.8432,536.62523
Link,DE0 5 low voltage,rural resistive heater,152.68184,1604.04508,1637.21537
Link,DE0 5 low voltage,urban central air heat pump,0.05971,433.68326,433.68739
Link,DE0 5 low voltage,urban central resistive heater,808.60515,2195.046,2327.43392
Link,DE0 5 low voltage,urban decentral air heat pump,72.1296,316.09963,467.84237
Link,DE0 5 low voltage,urban decentral resistive heater,0.99015,1433.86375,1981.04575
Link,DE0 5 non-sequestered HVC,HVC to air,0.0,0.0,0.0
Link,DE0 5 non-sequestered HVC,waste CHP,450.76904,723.94087,723.94423
Link,DE0 5 non-sequestered HVC,waste CHP CC,0.6658,0.01983,0.00406
Link,DE0 5 process emissions,process emissions,108.42366,0.00416,0.00032
Link,DE0 5 process emissions,process emissions CC,1.58259,127.63266,136.8945
Link,DE0 5 rural heat,rural water tanks charger,1533.82076,3095.36569,3095.91954
Link,DE0 5 rural water tanks,rural water tanks discharger,1533.82076,3095.36569,3095.91954
Link,DE0 5 solid biomass,biomass to liquid,0.05276,0.0059,0.00339
Link,DE0 5 solid biomass,biomass to liquid CC,0.0408,0.00503,0.00392
Link,DE0 5 solid biomass,rural biomass boiler,1599.56503,1213.87914,3e-05
Link,DE0 5 solid biomass,solid biomass,270.23014,,
Link,DE0 5 solid biomass,solid biomass for industry,211.09328,228.27374,0.00157
Link,DE0 5 solid biomass,solid biomass for industry CC,0.16823,0.06285,265.09582
Link,DE0 5 solid biomass,urban central solid biomass CHP,3933.07951,1136.15331,10.97562
Link,DE0 5 solid biomass,urban central solid biomass CHP CC,0.04958,0.00411,0.00276
Link,DE0 5 solid biomass,urban decentral biomass boiler,2129.79896,1181.5204,2221.72897
Link,DE0 5 unsustainable bioliquids,unsustainable bioliquids,2077741.19531,675613.6029,
Link,DE0 5 urban central heat,urban central water pits charger,1546.04674,3061.57916,3294.48654
Link,DE0 5 urban central heat,urban central water tanks charger,2.77855,0.33554,0.21696
Link,DE0 5 urban central water pits,urban central water pits discharger,1546.04674,3061.57916,3294.48654
Link,DE0 5 urban central water tanks,urban central water tanks discharger,2.77855,0.33554,0.21696
Link,DE0 5 urban decentral heat,urban decentral water tanks charger,22.60882,1826.43193,1827.04755
Link,DE0 5 urban decentral water tanks,urban decentral water tanks discharger,22.60882,1826.43193,1827.04755
Link,DE0 6,DAC,0.00902,0.00134,187.27813
Link,DE0 6,DC,1400.00295,14620.53827,14620.63444
Link,DE0 6,H2 Electrolysis,0.04052,15296.57325,19548.05503
Link,DE0 6,battery charger,0.77739,3882.47174,6521.53825
Link,DE0 6,electricity distribution grid,2202.25137,3520.80276,4032.33349
Link,DE0 6 H2,Fischer-Tropsch,0.14492,0.1157,0.01115
Link,DE0 6 H2,H2 Fuel Cell,0.09524,0.00974,0.00635
Link,DE0 6 H2,H2 pipeline,8.49004,2.53242,0.90665
Link,DE0 6 H2,H2 pipeline retrofitted,0.0,0.3137,0.3046
Link,DE0 6 H2,H2 turbine,0.49809,3.0633,0.57293
Link,DE0 6 H2,Sabatier,0.03844,0.00837,0.00341
Link,DE0 6 H2,methanolisation,16.82036,16.88021,0.03735
Link,DE0 6 battery,battery discharger,0.7955,3962.53112,6656.01711
Link,DE0 6 biogas,biogas to gas,282.87521,282.90018,0.00604
Link,DE0 6 biogas,biogas to gas CC,1.84197,66.19507,402.05037
Link,DE0 6 co2 stored,CO2 pipeline,0.70156,0.18793,0.07529
Link,DE0 6 co2 stored,co2 sequestered,0.0,1953.95213,5731.52982
Link,DE0 6 home battery,home battery discharger,3.06004,501.24413,465.65182
Link,DE0 6 low voltage,BEV charger,729.80155,4440.93371,6872.8705
Link,DE0 6 low voltage,electricity distribution grid,2202.25137,3520.80276,4032.33349
Link,DE0 6 low voltage,home battery charger,2.9904,491.11694,456.24375
Link,DE0 6 low voltage,rural air heat pump,0.0603,0.00362,0.00168
Link,DE0 6 low voltage,rural ground heat pump,58.33744,298.63002,301.517
Link,DE0 6 low voltage,rural resistive heater,284.24638,1183.81334,1113.3398
Link,DE0 6 low voltage,urban central air heat pump,0.04776,0.00311,0.00186
Link,DE0 6 low voltage,urban central resistive heater,16.25582,16.35135,0.04471
Link,DE0 6 low voltage,urban decentral air heat pump,0.1812,62.9332,95.3093
Link,DE0 6 low voltage,urban decentral resistive heater,1.3876,295.27877,439.75389
Link,DE0 6 non-sequestered HVC,HVC to air,0.0,0.0,0.0
Link,DE0 6 non-sequestered HVC,waste CHP,102.94672,102.95604,102.95122
Link,DE0 6 non-sequestered HVC,waste CHP CC,0.62752,0.01235,8.71924
Link,DE0 6 process emissions,process emissions,26.76831,0.00166,0.00021
Link,DE0 6 process emissions,process emissions CC,2.44518,26.17033,26.17305
Link,DE0 6 rural heat,rural water tanks charger,1550.28118,1555.41785,1550.6939
Link,DE0 6 rural water tanks,rural water tanks discharger,1550.28118,1555.41785,1550.6939
Link,DE0 6 solid biomass,biomass to liquid,0.05284,0.00551,0.00369
Link,DE0 6 solid biomass,biomass to liquid CC,0.04059,0.0046,0.00713
Link,DE0 6 solid biomass,rural biomass boiler,720.51686,472.675,0.00047
Link,DE0 6 solid biomass,solid biomass,341.49963,,
Link,DE0 6 solid biomass,solid biomass for industry,220.22564,0.12745,0.00113
Link,DE0 6 solid biomass,solid biomass for industry CC,0.16975,356.28192,459.16388
Link,DE0 6 solid biomass,urban central solid biomass CHP,6105.89088,438.35587,0.00399
Link,DE0 6 solid biomass,urban central solid biomass CHP CC,0.03852,0.00285,0.00251
Link,DE0 6 solid biomass,urban decentral biomass boiler,347.03867,245.42813,47.62464
Link,DE0 6 unsustainable bioliquids,unsustainable bioliquids,1175487.15676,408843.22965,
Link,DE0 6 urban central heat,urban central water pits charger,272.839,328.30302,829.36381
Link,DE0 6 urban central heat,urban central water tanks charger,2.77633,0.40827,0.4379
Link,DE0 6 urban central water pits,urban central water pits discharger,272.839,328.30302,829.36381
Link,DE0 6 urban central water tanks,urban central water tanks discharger,2.77633,0.40827,0.4379
Link,DE0 6 urban decentral heat,urban decentral water tanks charger,31.35561,291.32224,292.25258
Link,DE0 6 urban decentral water tanks,urban decentral water tanks discharger,31.35561,291.32224,292.25258
Link,DE0 7,DAC,0.00908,0.00121,0.00169
Link,DE0 7,DC,2000.00458,2000.00503,2000.00516
Link,DE0 7,H2 Electrolysis,0.04059,0.03418,0.0129
Link,DE0 7,battery charger,0.76086,3.34233,3.73736
Link,DE0 7,electricity distribution grid,2926.21306,4241.85755,4935.28936
Link,DE0 7 H2,Fischer-Tropsch,0.14526,0.11825,0.01321
Link,DE0 7 H2,H2 Fuel Cell,0.08894,0.01598,0.00943
Link,DE0 7 H2,H2 pipeline,8.09949,888.71806,901.10748
Link,DE0 7 H2,H2 pipeline retrofitted,0.0,928.32061,1752.34078
Link,DE0 7 H2,H2 turbine,0.49756,0.62944,0.23627
Link,DE0 7 H2,Sabatier,0.03879,0.0089,0.00363
Link,DE0 7 H2,methanolisation,11.24739,11.29071,0.0423
Link,DE0 7 battery,battery discharger,0.77858,3.41125,3.81443
Link,DE0 7 biogas,biogas to gas,449.94266,449.94714,0.00675
Link,DE0 7 biogas,biogas to gas CC,1.71547,0.00445,73.98261
Link,DE0 7 co2 stored,co2 sequestered,0.0,0.0,0.0
Link,DE0 7 home battery,home battery discharger,6.80603,21.07984,6.60152
Link,DE0 7 low voltage,BEV charger,1639.41712,9976.05831,15439.13091
Link,DE0 7 low voltage,electricity distribution grid,2926.21306,4241.85755,4935.28936
Link,DE0 7 low voltage,home battery charger,6.65113,20.65394,6.46814
Link,DE0 7 low voltage,rural air heat pump,0.06815,0.00374,0.00176
Link,DE0 7 low voltage,rural ground heat pump,46.41969,214.10216,198.2097
Link,DE0 7 low voltage,rural resistive heater,77.03491,583.65871,506.64475
Link,DE0 7 low voltage,urban central air heat pump,0.04865,36.55634,81.49859
Link,DE0 7 low voltage,urban central resistive heater,160.73393,1711.5793,1550.96316
Link,DE0 7 low voltage,urban decentral air heat pump,0.03733,216.15041,298.76223
Link,DE0 7 low voltage,urban decentral resistive heater,1.01529,757.14115,975.57349
Link,DE0 7 non-sequestered HVC,HVC to air,0.0,0.0,0.0
Link,DE0 7 non-sequestered HVC,waste CHP,234.12251,388.00271,388.0058
Link,DE0 7 non-sequestered HVC,waste CHP CC,0.58848,0.01354,0.00319
Link,DE0 7 process emissions,process emissions,92.28395,0.00748,0.00038
Link,DE0 7 process emissions,process emissions CC,0.91628,102.0613,106.00353
Link,DE0 7 rural heat,rural water tanks charger,1327.22902,1673.89538,1674.13895
Link,DE0 7 rural water tanks,rural water tanks discharger,1327.22902,1673.89538,1674.13895
Link,DE0 7 solid biomass,biomass to liquid,0.05313,0.0053,0.00332
Link,DE0 7 solid biomass,biomass to liquid CC,0.04126,0.0042,0.00343
Link,DE0 7 solid biomass,rural biomass boiler,261.09219,120.72774,2e-05
Link,DE0 7 solid biomass,solid biomass,56.16184,,
Link,DE0 7 solid biomass,solid biomass for industry,196.25533,206.61416,0.00198
Link,DE0 7 solid biomass,solid biomass for industry CC,0.16668,0.02507,230.84907
Link,DE0 7 solid biomass,urban central solid biomass CHP,596.08099,305.15545,0.00575
Link,DE0 7 solid biomass,urban central solid biomass CHP CC,0.042,0.00363,0.00312
Link,DE0 7 solid biomass,urban decentral biomass boiler,1236.64186,1973.5461,2281.28935
Link,DE0 7 unsustainable bioliquids,unsustainable bioliquids,1864802.16229,591607.55575,
Link,DE0 7 urban central heat,urban central water pits charger,458.70035,1606.20381,1681.29136
Link,DE0 7 urban central heat,urban central water tanks charger,2.84522,0.59438,0.43569
Link,DE0 7 urban central water pits,urban central water pits discharger,458.70035,1606.20381,1681.29136
Link,DE0 7 urban central water tanks,urban central water tanks discharger,2.84522,0.59438,0.43569
Link,DE0 7 urban decentral heat,urban decentral water tanks charger,11.47151,1116.95642,1117.29399
Link,DE0 7 urban decentral water tanks,urban decentral water tanks discharger,11.47151,1116.95642,1117.29399
Link,DE0 8,DAC,0.00934,0.00123,0.00196
Link,DE0 8,H2 Electrolysis,0.04018,0.04332,0.04036
Link,DE0 8,battery charger,0.75981,1.18959,4.90181
Link,DE0 8,electricity distribution grid,1756.17781,3124.60945,3442.04692
Link,DE0 8 H2,Fischer-Tropsch,0.14542,0.4862,0.01209
Link,DE0 8 H2,H2 Fuel Cell,0.09007,0.01379,0.0087
Link,DE0 8 H2,H2 pipeline,0.0,2.55024,1.02966
Link,DE0 8 H2,H2 pipeline retrofitted,0.0,0.39793,0.66405
Link,DE0 8 H2,H2 turbine,0.4972,4.05889,1.0971
Link,DE0 8 H2,Sabatier,0.03857,0.00884,0.0035
Link,DE0 8 H2,methanolisation,1.11099,0.05076,0.03341
Link,DE0 8 battery,battery discharger,0.7775,1.21412,5.00289
Link,DE0 8 biogas,biogas to gas,392.12155,392.12602,0.00634
Link,DE0 8 biogas,biogas to gas CC,1.21608,0.00448,81.86302
Link,DE0 8 co2 stored,co2 sequestered,0.0,0.0,0.0
Link,DE0 8 home battery,home battery discharger,4.58121,201.81164,73.98779
Link,DE0 8 low voltage,BEV charger,1164.39045,7085.46158,10965.59036
Link,DE0 8 low voltage,electricity distribution grid,1756.17781,3124.60945,3442.04692
Link,DE0 8 low voltage,home battery charger,4.47695,197.73422,72.49293
Link,DE0 8 low voltage,rural air heat pump,0.07607,0.00348,0.00166
Link,DE0 8 low voltage,rural ground heat pump,32.4369,340.92728,353.20215
Link,DE0 8 low voltage,rural resistive heater,61.75118,1058.6868,1024.16942
Link,DE0 8 low voltage,urban central air heat pump,0.04136,0.00646,0.03557
Link,DE0 8 low voltage,urban central resistive heater,2.76231,708.07416,1036.74143
Link,DE0 8 low voltage,urban decentral air heat pump,0.16793,80.53933,80.54408
Link,DE0 8 low voltage,urban decentral resistive heater,1.29538,339.23645,339.25875
Link,DE0 8 non-sequestered HVC,HVC to air,0.0,0.0,0.0
Link,DE0 8 non-sequestered HVC,waste CHP,165.95363,222.1816,222.18548
Link,DE0 8 non-sequestered HVC,waste CHP CC,0.42226,0.04691,0.0068
Link,DE0 8 process emissions,process emissions,27.98928,0.00317,0.00031
Link,DE0 8 process emissions,process emissions CC,0.26471,30.95499,31.22718
Link,DE0 8 rural heat,rural water tanks charger,568.47633,1361.80644,1362.15263
Link,DE0 8 rural water tanks,rural water tanks discharger,568.47633,1361.80644,1362.15263
Link,DE0 8 solid biomass,biomass to liquid,0.05824,0.00534,0.00359
Link,DE0 8 solid biomass,biomass to liquid CC,0.04618,0.00429,0.00632
Link,DE0 8 solid biomass,rural biomass boiler,876.80927,601.97093,4e-05
Link,DE0 8 solid biomass,solid biomass,363.77134,,
Link,DE0 8 solid biomass,solid biomass for industry,157.4359,215.73266,0.00142
Link,DE0 8 solid biomass,solid biomass for industry CC,0.17342,0.03479,295.53728
Link,DE0 8 solid biomass,urban central solid biomass CHP,312.4542,171.97213,0.00513
Link,DE0 8 solid biomass,urban central solid biomass CHP CC,0.03817,0.00336,0.00342
Link,DE0 8 solid biomass,urban decentral biomass boiler,609.73066,1193.75176,1400.31285
Link,DE0 8 unsustainable bioliquids,unsustainable bioliquids,1623991.30605,526739.35154,
Link,DE0 8 urban central heat,urban central water pits charger,98.41458,608.94755,1439.28339
Link,DE0 8 urban central heat,urban central water tanks charger,2.77253,0.35675,0.61757
Link,DE0 8 urban central water pits,urban central water pits discharger,98.41458,608.94755,1439.28339
Link,DE0 8 urban central water tanks,urban central water tanks discharger,2.77253,0.35675,0.61757
Link,DE0 8 urban decentral heat,urban decentral water tanks charger,23.0989,490.91201,491.2494
Link,DE0 8 urban decentral water tanks,urban decentral water tanks discharger,23.0989,490.91201,491.2494
Link,DE0 9,DAC,0.00927,0.00121,0.00196
Link,DE0 9,DC,0.0,2000.00001,2000.03338
Link,DE0 9,H2 Electrolysis,0.03347,0.03612,0.01521
Link,DE0 9,battery charger,0.76047,2742.58941,3779.99819
Link,DE0 9,electricity distribution grid,3045.97957,4212.88747,5709.35621
Link,DE0 9 H2,Fischer-Tropsch,0.14501,2.79832,0.0125
Link,DE0 9 H2,H2 Fuel Cell,0.09379,0.01881,0.0106
Link,DE0 9 H2,H2 pipeline,0.0,365.17654,2588.77318
Link,DE0 9 H2,H2 pipeline retrofitted,0.0,302.78863,558.47068
Link,DE0 9 H2,H2 turbine,0.49787,0.68206,0.19001
Link,DE0 9 H2,Sabatier,0.03903,0.00879,0.00353
Link,DE0 9 H2,methanolisation,1.28667,0.04954,0.03696
Link,DE0 9 battery,battery discharger,0.77818,2799.14359,3857.9445
Link,DE0 9 biogas,biogas to gas,249.97742,249.98182,0.00661
Link,DE0 9 biogas,biogas to gas CC,1.31921,0.00435,63.04365
Link,DE0 9 co2 stored,co2 sequestered,0.0,0.0,0.0
Link,DE0 9 home battery,home battery discharger,25.27444,11.65891,14.50864
Link,DE0 9 low voltage,BEV charger,2455.07352,14939.4295,23120.53526
Link,DE0 9 low voltage,electricity distribution grid,3045.97957,4212.88747,5709.35621
Link,DE0 9 low voltage,home battery charger,24.69922,11.42335,14.2155
Link,DE0 9 low voltage,rural air heat pump,0.08487,0.0036,0.00175
Link,DE0 9 low voltage,rural ground heat pump,53.71092,60.01084,58.22443
Link,DE0 9 low voltage,rural resistive heater,41.79906,41.89574,25.93932
Link,DE0 9 low voltage,urban central air heat pump,0.05248,98.9833,187.95682
Link,DE0 9 low voltage,urban central resistive heater,79.27336,1335.423,1523.02096
Link,DE0 9 low voltage,urban decentral air heat pump,56.28663,337.7293,645.60458
Link,DE0 9 low voltage,urban decentral resistive heater,43.98631,1152.04106,2238.92786
Link,DE0 9 non-sequestered HVC,HVC to air,0.0,0.0,0.0
Link,DE0 9 non-sequestered HVC,waste CHP,369.94427,657.1377,657.14064
Link,DE0 9 non-sequestered HVC,waste CHP CC,0.42999,0.01363,0.00287
Link,DE0 9 process emissions,process emissions,53.98084,0.00561,0.00036
Link,DE0 9 process emissions,process emissions CC,0.34699,60.9055,62.65329
Link,DE0 9 rural heat,rural water tanks charger,583.16229,584.21147,583.33434
Link,DE0 9 rural water tanks,rural water tanks discharger,583.16229,584.21147,583.33434
Link,DE0 9 solid biomass,biomass to liquid,0.0524,0.00561,0.00317
Link,DE0 9 solid biomass,biomass to liquid CC,0.04054,0.00451,0.00291
Link,DE0 9 solid biomass,rural biomass boiler,5e-05,6e-05,2e-05
Link,DE0 9 solid biomass,solid biomass for industry,160.87371,189.48942,0.00186
Link,DE0 9 solid biomass,solid biomass for industry CC,0.16012,0.02365,238.45943
Link,DE0 9 solid biomass,urban central solid biomass CHP,448.78653,156.75175,0.00582
Link,DE0 9 solid biomass,urban central solid biomass CHP CC,0.04372,0.00411,0.00299
Link,DE0 9 solid biomass,urban decentral biomass boiler,2216.07541,4871.76628,3822.04659
Link,DE0 9 unsustainable bioliquids,unsustainable bioliquids,1037490.57668,338803.33472,
Link,DE0 9 urban central heat,urban central water pits charger,302.97577,2327.8658,2328.62531
Link,DE0 9 urban central heat,urban central water tanks charger,2.84749,0.4995,0.16198
Link,DE0 9 urban central water pits,urban central water pits discharger,302.97577,2327.8658,2328.62531
Link,DE0 9 urban central water tanks,urban central water tanks discharger,2.84749,0.4995,0.16198
Link,DE0 9 urban decentral heat,urban decentral water tanks charger,168.51563,594.61247,598.06593
Link,DE0 9 urban decentral water tanks,urban decentral water tanks discharger,168.51563,594.61247,598.06593
StorageUnit,DE0 0,PHS,300.0,300.0,300.0
StorageUnit,DE0 1,hydro,169.5,169.5,169.5
StorageUnit,DE0 11,PHS,160.0,160.0,160.0
StorageUnit,DE0 15,PHS,999.8,999.8,999.8
StorageUnit,DE0 16,PHS,1740.0,1740.0,1740.0
StorageUnit,DE0 16,hydro,120.0,120.0,120.0
StorageUnit,DE0 18,PHS,120.0,120.0,120.0
StorageUnit,DE0 21,PHS,161.42,161.42,161.42
StorageUnit,DE0 22,PHS,400.0,400.0,400.0
StorageUnit,DE0 24,PHS,164.0,164.0,164.0
StorageUnit,DE0 25,PHS,278.0,278.0,278.0
StorageUnit,DE0 26,PHS,1294.0,1294.0,1294.0
StorageUnit,DE0 29,PHS,142.0,142.0,142.0
StorageUnit,DE0 3,PHS,44.0,44.0,44.0
StorageUnit,DE0 4,PHS,1060.0,1060.0,1060.0
StorageUnit,DE0 7,PHS,93.0,93.0,93.0
StorageUnit,DE0 8,PHS,480.0,480.0,480.0
StorageUnit,DE0 9,PHS,90.0,90.0,90.0
Store,DE gas,gas,9285.7025,344.66497,96.77149
Store,DE methanol,methanol,5390.77365,3171665.97913,5584614.8878
Store,DE oil,oil,8103.74487,10415.23502,79.84331
Store,DE0 0 H2,H2 Store,500.84394,200190.98119,623880.32389
Store,DE0 0 battery,battery,1.58894,1175.44132,2526.97313
Store,DE0 0 co2 sequestered,co2 sequestered,0.0,0.0,0.0
Store,DE0 0 co2 stored,co2 stored,81.4713,6.75093,0.60074
Store,DE0 0 home battery,home battery,97.22985,817.29948,817.55721
Store,DE0 0 non-sequestered HVC,non-sequestered HVC,1967878.30317,1375387.67388,821746.2347
Store,DE0 0 rural water tanks,rural water tanks,103.28009,177.82995,177.88777
Store,DE0 0 urban central water pits,urban central water pits,49138.4122,210242.074,323909.82415
Store,DE0 0 urban central water tanks,urban central water tanks,172.62126,200.97222,240.76188
Store,DE0 0 urban decentral water tanks,urban decentral water tanks,4.5787,230.63807,230.68772
Store,DE0 1 H2,H2 Store,6.02306,0.35919,0.09909
Store,DE0 1 battery,battery,1.58272,24632.1795,24847.17592
Store,DE0 1 co2 sequestered,co2 sequestered,0.0,0.0,0.0
Store,DE0 1 co2 stored,co2 stored,81.73043,6.74232,0.57137
Store,DE0 1 home battery,home battery,129.72673,654.37893,665.13661
Store,DE0 1 non-sequestered HVC,non-sequestered HVC,2069925.7521,1446710.582,864359.18835
Store,DE0 1 rural water tanks,rural water tanks,60.46375,238.99158,239.07725
Store,DE0 1 urban central water pits,urban central water pits,32932.89959,181492.1493,230929.27634
Store,DE0 1 urban central water tanks,urban central water tanks,171.10705,204.29118,241.99508
Store,DE0 1 urban decentral water tanks,urban decentral water tanks,28.48565,269.1212,269.21091
Store,DE0 10 H2,H2 Store,826.35376,133859.34191,340151.67154
Store,DE0 10 battery,battery,1.60481,5227.27902,5301.7255
Store,DE0 10 co2 sequestered,co2 sequestered,0.0,2636176.4496,23997279.23303
Store,DE0 10 co2 stored,co2 stored,82.29502,5.00734,0.5162
Store,DE0 10 home battery,home battery,17.47815,1648.01507,1648.53257
Store,DE0 10 non-sequestered HVC,non-sequestered HVC,616697.52177,431021.6585,257520.42982
Store,DE0 10 rural water tanks,rural water tanks,106.30364,163.88064,163.96448
Store,DE0 10 urban central water pits,urban central water pits,40207.7472,118781.10098,122216.45837
Store,DE0 10 urban central water tanks,urban central water tanks,170.39404,202.24109,219.9017
Store,DE0 10 urban decentral water tanks,urban decentral water tanks,1.72169,0.15611,0.04151
Store,DE0 11 H2,H2 Store,3.79871,0.35052,0.09367
Store,DE0 11 battery,battery,1.56655,16.24386,2220.77294
Store,DE0 11 co2 sequestered,co2 sequestered,0.0,0.0,0.0
Store,DE0 11 co2 stored,co2 stored,81.50464,6.49583,0.52945
Store,DE0 11 home battery,home battery,16.16464,16.83543,16.29856
Store,DE0 11 non-sequestered HVC,non-sequestered HVC,1649531.71404,1152889.17181,688811.12864
Store,DE0 11 rural water tanks,rural water tanks,198.39156,239.28145,239.32042
Store,DE0 11 urban central water pits,urban central water pits,35554.76219,182602.47385,230626.9572
Store,DE0 11 urban central water tanks,urban central water tanks,169.42725,190.95715,230.30104
Store,DE0 11 urban decentral water tanks,urban decentral water tanks,1.72652,18.35398,20.09207
Store,DE0 12 H2,H2 Store,3.79835,0.3515,0.09239
Store,DE0 12 battery,battery,1.56431,7110.71659,7114.79361
Store,DE0 12 co2 sequestered,co2 sequestered,0.0,0.0,0.0
Store,DE0 12 co2 stored,co2 stored,81.57082,6.58775,0.56344
Store,DE0 12 home battery,home battery,16.01995,16.60447,42.81572
Store,DE0 12 non-sequestered HVC,non-sequestered HVC,671990.48592,469666.96559,280609.65491
Store,DE0 12 rural water tanks,rural water tanks,57.70921,120.80966,121.02093
Store,DE0 12 urban central water pits,urban central water pits,8431.20496,51661.68213,75163.68487
Store,DE0 12 urban central water tanks,urban central water tanks,167.10704,195.17827,224.22576
Store,DE0 12 urban decentral water tanks,urban decentral water tanks,3.94635,1.76239,1.4903
Store,DE0 13 H2,H2 Store,1024.88035,35134.7748,910341.06621
Store,DE0 13 battery,battery,1.57778,16200.78185,20141.87254
Store,DE0 13 co2 sequestered,co2 sequestered,0.0,0.0,0.0
Store,DE0 13 co2 stored,co2 stored,81.69736,16.65252,0.57428
Store,DE0 13 home battery,home battery,20.18231,573.51844,575.99359
Store,DE0 13 non-sequestered HVC,non-sequestered HVC,1388619.56551,970532.69556,579859.48498
Store,DE0 13 rural water tanks,rural water tanks,115.0763,324.92482,325.00584
Store,DE0 13 urban central water pits,urban central water pits,107898.54758,171599.23902,214611.29148
Store,DE0 13 urban central water tanks,urban central water tanks,176.48664,203.60217,245.43998
Store,DE0 13 urban decentral water tanks,urban decentral water tanks,1.72105,0.13296,0.02912
Store,DE0 14 H2,H2 Store,500.82612,605041.82601,1257438.68574
Store,DE0 14 battery,battery,1.5666,21.12013,23.67794
Store,DE0 14 co2 sequestered,co2 sequestered,0.0,0.0,0.0
Store,DE0 14 co2 stored,co2 stored,81.50822,5.81132,0.53054
Store,DE0 14 home battery,home battery,16.17443,2051.37775,2051.53324
Store,DE0 14 non-sequestered HVC,non-sequestered HVC,2421428.55422,1692382.59363,1011139.6593
Store,DE0 14 rural water tanks,rural water tanks,65.01259,67.6748,65.06088
Store,DE0 14 urban central water pits,urban central water pits,29672.77685,241465.94105,436120.70394
Store,DE0 14 urban central water tanks,urban central water tanks,172.60042,197.95752,226.78886
Store,DE0 14 urban decentral water tanks,urban decentral water tanks,175.18131,556.37947,556.41682
Store,DE0 15 H2,H2 Store,1272.53657,277991.76768,418932.22598
Store,DE0 15 battery,battery,1.57206,5515.23195,7922.76842
Store,DE0 15 co2 sequestered,co2 sequestered,0.0,0.0,0.0
Store,DE0 15 co2 stored,co2 stored,81.82274,13.24899,0.89089
Store,DE0 15 home battery,home battery,8.23723,1862.96153,4543.25633
Store,DE0 15 non-sequestered HVC,non-sequestered HVC,1915467.48487,1338756.75349,799860.5355
Store,DE0 15 rural water tanks,rural water tanks,275.01043,278.00898,275.08702
Store,DE0 15 urban central water pits,urban central water pits,147440.50568,345060.13324,346298.18728
Store,DE0 15 urban central water tanks,urban central water tanks,172.39612,205.8412,245.88352
Store,DE0 15 urban decentral water tanks,urban decentral water tanks,1.74263,282.89021,282.98353
Store,DE0 16 H2,H2 Store,5.31975,0.37645,0.10129
Store,DE0 16 battery,battery,1.60909,44443.92305,44445.33561
Store,DE0 16 co2 sequestered,co2 sequestered,0.0,0.0,0.0
Store,DE0 16 co2 stored,co2 stored,82.93347,11.62018,0.56723
Store,DE0 16 home battery,home battery,30.72223,31.81565,30.87937
Store,DE0 16 non-sequestered HVC,non-sequestered HVC,1746698.2945,1220800.74788,729385.93019
Store,DE0 16 rural water tanks,rural water tanks,80.97331,89.16349,81.06733
Store,DE0 16 urban central water pits,urban central water pits,18541.51597,143796.32196,163688.74267
Store,DE0 16 urban central water tanks,urban central water tanks,168.81619,198.98139,210.56456
Store,DE0 16 urban decentral water tanks,urban decentral water tanks,4.96209,59.95834,62.71276
Store,DE0 17 H2,H2 Store,3.79859,0.34799,0.09174
Store,DE0 17 battery,battery,1.54437,5.79088,1.75395
Store,DE0 17 co2 sequestered,co2 sequestered,0.0,0.0,0.0
Store,DE0 17 co2 stored,co2 stored,81.53862,6.03855,0.63226
Store,DE0 17 home battery,home battery,13.58313,13.87813,661.61441
Store,DE0 17 non-sequestered HVC,non-sequestered HVC,3374569.73737,2358551.14311,1409152.16705
Store,DE0 17 rural water tanks,rural water tanks,87.07636,87.22399,87.11618
Store,DE0 17 urban central water pits,urban central water pits,58311.19293,330428.65295,518631.36668
Store,DE0 17 urban central water tanks,urban central water tanks,168.2615,198.02588,221.99418
Store,DE0 17 urban decentral water tanks,urban decentral water tanks,249.56483,249.8804,249.95075
Store,DE0 18 H2,H2 Store,742.11648,272269.12675,318611.29192
Store,DE0 18 battery,battery,1.60206,267.97442,273.73036
Store,DE0 18 co2 sequestered,co2 sequestered,0.0,0.0,0.0
Store,DE0 18 co2 stored,co2 stored,81.70383,6.07999,0.52467
Store,DE0 18 home battery,home battery,114.26554,740.89799,748.93371
Store,DE0 18 non-sequestered HVC,non-sequestered HVC,2928111.56075,2046513.00943,1222720.24949
Store,DE0 18 rural water tanks,rural water tanks,122.02396,131.73469,122.10939
Store,DE0 18 urban central water pits,urban central water pits,155292.84373,464016.60226,540316.98566
Store,DE0 18 urban central water tanks,urban central water tanks,175.25191,205.04661,245.62427
Store,DE0 18 urban decentral water tanks,urban decentral water tanks,5.29142,631.90088,631.98787
Store,DE0 19 H2,H2 Store,2481.44302,106215.548,335579.29857
Store,DE0 19 battery,battery,1.56509,86.51493,17101.13668
Store,DE0 19 co2 sequestered,co2 sequestered,0.0,0.0,0.0
Store,DE0 19 co2 stored,co2 stored,81.53712,8.20287,0.72053
Store,DE0 19 home battery,home battery,43.17021,992.37593,3873.68836
Store,DE0 19 non-sequestered HVC,non-sequestered HVC,1218989.84019,851975.24567,509025.53765
Store,DE0 19 rural water tanks,rural water tanks,173.2149,483.29614,483.36363
Store,DE0 19 urban central water pits,urban central water pits,77132.95347,278098.01077,278136.36684
Store,DE0 19 urban central water tanks,urban central water tanks,161.37153,192.68142,204.43591
Store,DE0 19 urban decentral water tanks,urban decentral water tanks,1.71997,57.32088,57.40664
Store,DE0 2 H2,H2 Store,1183.69234,1846156.31659,7312175.08635
Store,DE0 2 battery,battery,1.53367,1304.3675,1305.54478
Store,DE0 2 co2 sequestered,co2 sequestered,0.0,0.0,0.0
Store,DE0 2 co2 stored,co2 stored,82.14758,6.46918,0.64362
Store,DE0 2 home battery,home battery,15.37181,5051.03243,14022.59274
Store,DE0 2 non-sequestered HVC,non-sequestered HVC,6912468.1296,4831255.79781,2886507.08167
Store,DE0 2 rural water tanks,rural water tanks,224.55328,225.07895,224.605
Store,DE0 2 urban central water pits,urban central water pits,240390.45677,1429467.78218,1465007.04751
Store,DE0 2 urban central water tanks,urban central water tanks,171.23614,203.85132,241.04891
Store,DE0 2 urban decentral water tanks,urban decentral water tanks,603.08315,1378.68114,1378.79541
Store,DE0 20 H2,H2 Store,2488.88532,129690.59517,606374.47103
Store,DE0 20 battery,battery,1.57475,29080.12345,31859.54202
Store,DE0 20 co2 sequestered,co2 sequestered,0.0,0.0,0.0
Store,DE0 20 co2 stored,co2 stored,81.57869,6.4277,0.54021
Store,DE0 20 home battery,home battery,64.02685,979.75509,979.96743
Store,DE0 20 non-sequestered HVC,non-sequestered HVC,1028632.55975,718930.91222,429536.18194
Store,DE0 20 rural water tanks,rural water tanks,5.3598,365.34196,365.39218
Store,DE0 20 urban central water pits,urban central water pits,26352.18329,238708.57919,238994.10481
Store,DE0 20 urban central water tanks,urban central water tanks,171.30218,189.89356,222.48346
Store,DE0 20 urban decentral water tanks,urban decentral water tanks,1.72027,0.11166,0.02242
Store,DE0 21 H2,H2 Store,1214.50109,1209108.97536,2190473.40093
Store,DE0 21 battery,battery,1.55584,6929.51925,6931.23728
Store,DE0 21 co2 sequestered,co2 sequestered,0.0,0.0,0.0
Store,DE0 21 co2 stored,co2 stored,81.65839,5.63281,0.54315
Store,DE0 21 home battery,home battery,15.94265,6438.16684,8178.05131
Store,DE0 21 non-sequestered HVC,non-sequestered HVC,3583029.03892,2504247.32432,1496200.56119
Store,DE0 21 rural water tanks,rural water tanks,133.04092,133.56026,133.12211
Store,DE0 21 urban central water pits,urban central water pits,53801.73918,426718.33952,885943.13637
Store,DE0 21 urban central water tanks,urban central water tanks,178.69316,206.9001,232.70754
Store,DE0 21 urban decentral water tanks,urban decentral water tanks,271.41426,469.42964,469.75987
Store,DE0 22 H2,H2 Store,499.09487,46166.51332,1219063.5036
Store,DE0 22 battery,battery,1.57148,16.66882,312.01748
Store,DE0 22 co2 sequestered,co2 sequestered,0.0,0.0,0.0
Store,DE0 22 co2 stored,co2 stored,81.48567,6.75695,0.59668
Store,DE0 22 home battery,home battery,30.97936,705.71522,705.9916
Store,DE0 22 non-sequestered HVC,non-sequestered HVC,869031.59367,607382.75341,362890.04192
Store,DE0 22 rural water tanks,rural water tanks,62.16141,257.10592,257.18151
Store,DE0 22 urban central water pits,urban central water pits,19857.4424,68240.76021,94300.11623
Store,DE0 22 urban central water tanks,urban central water tanks,168.98856,194.65427,234.76297
Store,DE0 22 urban decentral water tanks,urban decentral water tanks,1.72093,0.1291,0.02236
Store,DE0 23 H2,H2 Store,6.48857,0.42839,0.11577
Store,DE0 23 battery,battery,1.58657,8125.76842,8127.934
Store,DE0 23 co2 sequestered,co2 sequestered,0.0,0.0,0.0
Store,DE0 23 co2 stored,co2 stored,81.71311,6.46966,0.6328
Store,DE0 23 home battery,home battery,61.55953,360.02075,360.12998
Store,DE0 23 non-sequestered HVC,non-sequestered HVC,857701.00263,599463.58725,358158.61594
Store,DE0 23 rural water tanks,rural water tanks,5.19872,413.84778,413.88351
Store,DE0 23 urban central water pits,urban central water pits,3835.20294,25726.36166,30129.21345
Store,DE0 23 urban central water tanks,urban central water tanks,163.72191,180.56204,211.10044
Store,DE0 23 urban decentral water tanks,urban decentral water tanks,1.7194,0.12288,0.02232
Store,DE0 24 H2,H2 Store,3.79881,0.3497,0.09281
Store,DE0 24 battery,battery,1.57235,24.65363,19594.48394
Store,DE0 24 co2 sequestered,co2 sequestered,0.0,0.0,0.0
Store,DE0 24 co2 stored,co2 stored,81.5409,6.23116,0.56611
Store,DE0 24 home battery,home battery,20.59896,232.99942,233.10883
Store,DE0 24 non-sequestered HVC,non-sequestered HVC,1320306.59891,922787.46047,551333.36983
Store,DE0 24 rural water tanks,rural water tanks,102.81666,347.49958,347.53519
Store,DE0 24 urban central water pits,urban central water pits,15586.91603,56796.05498,124544.02649
Store,DE0 24 urban central water tanks,urban central water tanks,168.65288,191.8839,231.44555
Store,DE0 24 urban decentral water tanks,urban decentral water tanks,3.43309,0.36773,0.02401
Store,DE0 25 H2,H2 Store,3.79822,0.34742,0.09148
Store,DE0 25 battery,battery,1.5344,7.90118,1.19479
Store,DE0 25 co2 sequestered,co2 sequestered,0.0,0.0,0.0
Store,DE0 25 co2 stored,co2 stored,81.59744,5.97598,0.6066
Store,DE0 25 home battery,home battery,80.88967,659.6935,1050.94494
Store,DE0 25 non-sequestered HVC,non-sequestered HVC,1956043.82195,1367116.32927,816804.39436
Store,DE0 25 rural water tanks,rural water tanks,57.32443,79.4141,79.48041
Store,DE0 25 urban central water pits,urban central water pits,20229.06712,220236.14701,356922.19817
Store,DE0 25 urban central water tanks,urban central water tanks,168.76785,197.58046,216.78199
Store,DE0 25 urban decentral water tanks,urban decentral water tanks,15.69202,419.84367,419.94495
Store,DE0 26 H2,H2 Store,4.01862,0.3537,0.09586
Store,DE0 26 battery,battery,1.55487,13001.90318,13003.5752
Store,DE0 26 co2 sequestered,co2 sequestered,0.0,0.0,0.0
Store,DE0 26 co2 stored,co2 stored,81.58221,7.25779,0.68289
Store,DE0 26 home battery,home battery,40.02468,238.76391,238.87089
Store,DE0 26 non-sequestered HVC,non-sequestered HVC,937643.88274,655337.19069,391541.14809
Store,DE0 26 rural water tanks,rural water tanks,37.97848,242.20212,242.24313
Store,DE0 26 urban central water pits,urban central water pits,12769.39261,66661.23886,112012.11851
Store,DE0 26 urban central water tanks,urban central water tanks,166.94908,192.58925,231.32885
Store,DE0 26 urban decentral water tanks,urban decentral water tanks,1.71435,60.7963,60.83328
Store,DE0 27 H2,H2 Store,502.93691,291285.46584,539245.18471
Store,DE0 27 battery,battery,1.61669,3607.01465,7267.0537
Store,DE0 27 co2 sequestered,co2 sequestered,0.0,3125085.95878,6250173.40073
Store,DE0 27 co2 stored,co2 stored,81.65797,5.01636,0.51604
Store,DE0 27 home battery,home battery,31.72009,1658.45855,1658.62252
Store,DE0 27 non-sequestered HVC,non-sequestered HVC,1278785.90774,893767.8576,533995.16778
Store,DE0 27 rural water tanks,rural water tanks,89.66594,92.38605,89.72702
Store,DE0 27 urban central water pits,urban central water pits,35688.08577,123661.61114,163795.73883
Store,DE0 27 urban central water tanks,urban central water tanks,169.44727,196.12511,234.85767
Store,DE0 27 urban decentral water tanks,urban decentral water tanks,1.74995,106.52082,106.55963
Store,DE0 28 H2,H2 Store,5.7906,0.35908,0.09943
Store,DE0 28 battery,battery,1.58862,29770.29831,29774.85259
Store,DE0 28 co2 sequestered,co2 sequestered,0.0,0.0,0.0
Store,DE0 28 co2 stored,co2 stored,81.79985,6.69257,0.56685
Store,DE0 28 home battery,home battery,133.93224,136.7872,171.43907
Store,DE0 28 non-sequestered HVC,non-sequestered HVC,1743615.84617,1218646.36596,728098.76202
Store,DE0 28 rural water tanks,rural water tanks,34.11444,170.18414,170.26566
Store,DE0 28 urban central water pits,urban central water pits,49111.76861,117985.61166,176263.40255
Store,DE0 28 urban central water tanks,urban central water tanks,169.33576,198.16282,239.01157
Store,DE0 28 urban decentral water tanks,urban decentral water tanks,1.72291,101.64745,101.76424
Store,DE0 29 H2,H2 Store,4.32264,0.3513,0.09467
Store,DE0 29 battery,battery,1.56386,108.33274,1431.15669
Store,DE0 29 co2 sequestered,co2 sequestered,0.0,0.0,0.0
Store,DE0 29 co2 stored,co2 stored,81.50562,6.21184,0.69086
Store,DE0 29 home battery,home battery,58.2461,79.78363,79.89297
Store,DE0 29 non-sequestered HVC,non-sequestered HVC,584800.24335,408728.04232,244200.77057
Store,DE0 29 rural water tanks,rural water tanks,8.609,139.51676,139.55377
Store,DE0 29 urban central water pits,urban central water pits,1426.39195,10221.57443,27112.22203
Store,DE0 29 urban central water tanks,urban central water tanks,141.02362,160.07223,176.50226
Store,DE0 29 urban decentral water tanks,urban decentral water tanks,1.72029,0.12549,0.02243
Store,DE0 3 H2,H2 Store,3.79834,0.35044,0.09234
Store,DE0 3 battery,battery,1.5752,3986.59837,13080.68056
Store,DE0 3 co2 sequestered,co2 sequestered,0.0,0.0,0.0
Store,DE0 3 co2 stored,co2 stored,81.66248,7.07618,0.72654
Store,DE0 3 home battery,home battery,19.37189,19.63875,352.26851
Store,DE0 3 non-sequestered HVC,non-sequestered HVC,2720803.09558,1901621.16972,1136152.42139
Store,DE0 3 rural water tanks,rural water tanks,107.7526,107.92288,107.80158
Store,DE0 3 urban central water pits,urban central water pits,94219.39605,323967.77408,325118.3642
Store,DE0 3 urban central water tanks,urban central water tanks,173.8036,206.02463,218.40028
Store,DE0 3 urban decentral water tanks,urban decentral water tanks,238.9413,239.1715,239.06464
Store,DE0 4 H2,H2 Store,501.00835,99293.23992,535966.4668
Store,DE0 4 battery,battery,1.56171,13.83096,17.70609
Store,DE0 4 co2 sequestered,co2 sequestered,0.0,0.0,0.0
Store,DE0 4 co2 stored,co2 stored,81.47713,7.76064,0.56552
Store,DE0 4 home battery,home battery,44.83064,566.94515,568.24275
Store,DE0 4 non-sequestered HVC,non-sequestered HVC,1286993.32024,899504.17472,537422.41748
Store,DE0 4 rural water tanks,rural water tanks,118.86388,260.88558,260.96357
Store,DE0 4 urban central water pits,urban central water pits,53228.88783,155219.76242,204887.90127
Store,DE0 4 urban central water tanks,urban central water tanks,170.00832,197.53289,234.54584
Store,DE0 4 urban decentral water tanks,urban decentral water tanks,1.71814,0.13099,0.02661
Store,DE0 5 H2,H2 Store,1017.63581,337869.43214,1251352.02854
Store,DE0 5 battery,battery,1.55528,8398.48668,8715.55366
Store,DE0 5 co2 sequestered,co2 sequestered,0.0,0.0,0.0
Store,DE0 5 co2 stored,co2 stored,81.53062,8.67032,0.56206
Store,DE0 5 home battery,home battery,49.69488,824.25776,827.11747
Store,DE0 5 non-sequestered HVC,non-sequestered HVC,3910040.50645,2732801.87515,1632753.94546
Store,DE0 5 rural water tanks,rural water tanks,230.07311,464.30485,464.38793
Store,DE0 5 urban central water pits,urban central water pits,231907.01029,459236.87383,494172.9807
Store,DE0 5 urban central water tanks,urban central water tanks,167.671,187.91883,201.01131
Store,DE0 5 urban decentral water tanks,urban decentral water tanks,3.39132,270.57347,270.66581
Store,DE0 6 H2,H2 Store,1053.37041,344736.2377,1006287.14116
Store,DE0 6 battery,battery,1.6435,36073.67528,64113.6799
Store,DE0 6 co2 sequestered,co2 sequestered,0.0,14238503.11826,49752533.46267
Store,DE0 6 co2 stored,co2 stored,81.88777,5.01633,0.5164
Store,DE0 6 home battery,home battery,18.33305,3526.4243,3527.48717
Store,DE0 6 non-sequestered HVC,non-sequestered HVC,906905.75724,633853.72859,378705.52769
Store,DE0 6 rural water tanks,rural water tanks,232.54218,233.31268,232.60408
Store,DE0 6 urban central water pits,urban central water pits,40925.8504,49245.45363,124404.57084
Store,DE0 6 urban central water tanks,urban central water tanks,167.5373,192.17436,218.59913
Store,DE0 6 urban decentral water tanks,urban decentral water tanks,4.70334,38.99499,39.13455
Store,DE0 7 H2,H2 Store,6.14632,0.3567,0.09578
Store,DE0 7 battery,battery,1.57668,27.99076,29.80916
Store,DE0 7 co2 sequestered,co2 sequestered,0.0,0.0,0.0
Store,DE0 7 co2 stored,co2 stored,81.78024,8.57672,0.57472
Store,DE0 7 home battery,home battery,34.0465,63.24145,63.37557
Store,DE0 7 non-sequestered HVC,non-sequestered HVC,2037261.82551,1423881.14081,850719.39231
Store,DE0 7 rural water tanks,rural water tanks,199.08435,251.08431,251.12084
Store,DE0 7 urban central water pits,urban central water pits,68805.05183,240930.57185,252193.70409
Store,DE0 7 urban central water tanks,urban central water tanks,171.69421,207.56211,233.85379
Store,DE0 7 urban decentral water tanks,urban decentral water tanks,1.72073,165.82274,165.87337
Store,DE0 8 H2,H2 Store,500.90369,1121383.50396,3367516.25942
Store,DE0 8 battery,battery,1.55793,10.45389,47.81125
Store,DE0 8 co2 sequestered,co2 sequestered,0.0,0.0,0.0
Store,DE0 8 co2 stored,co2 stored,81.45928,6.20552,0.54409
Store,DE0 8 home battery,home battery,22.88311,605.43209,605.5753
Store,DE0 8 non-sequestered HVC,non-sequestered HVC,1446958.30163,1011306.75077,604220.56294
Store,DE0 8 rural water tanks,rural water tanks,85.27145,204.27097,204.32289
Store,DE0 8 urban central water pits,urban central water pits,14762.18707,91342.13321,215892.50829
Store,DE0 8 urban central water tanks,urban central water tanks,167.30795,188.83573,226.1028
Store,DE0 8 urban decentral water tanks,urban decentral water tanks,3.46483,70.17197,70.22258
Store,DE0 9 H2,H2 Store,3.79816,0.35841,0.09797
Store,DE0 9 battery,battery,1.58637,24183.92568,33332.63529
Store,DE0 9 co2 sequestered,co2 sequestered,0.0,0.0,0.0
Store,DE0 9 co2 stored,co2 stored,81.75396,6.86494,0.5669
Store,DE0 9 home battery,home battery,111.13496,111.87156,111.35704
Store,DE0 9 non-sequestered HVC,non-sequestered HVC,3050857.21126,2132302.28536,1273976.35409
Store,DE0 9 rural water tanks,rural water tanks,87.47434,87.63172,87.50015
Store,DE0 9 urban central water pits,urban central water pits,45446.36482,349179.86936,349293.7966
Store,DE0 9 urban central water tanks,urban central water tanks,171.83119,201.97347,211.74795
Store,DE0 9 urban decentral water tanks,urban decentral water tanks,25.27734,89.19187,89.70989
Link,DE methanol,shipping methanol,,661.93246,1512.98848
Link,DE0 0 H2,H2 CCGT,,0.10943,0.0904
Link,DE0 0 H2,H2 OCGT,,1558.60449,3799.6584
Link,DE0 0 H2,H2 pipeline (Kernnetz),,4785.0,4785.0
Link,DE0 0 H2,urban central H2 CHP,,1.54292,327.08999
Link,DE0 1 H2,H2 CCGT,,0.05582,0.03001
Link,DE0 1 H2,H2 OCGT,,0.61606,0.21774
Link,DE0 1 H2,urban central H2 CHP,,0.14969,0.18985
Link,DE0 10 H2,H2 CCGT,,0.07377,0.03592
Link,DE0 10 H2,H2 OCGT,,2739.36367,2785.7636
Link,DE0 10 H2,H2 pipeline (Kernnetz),,8250.0,8250.0
Link,DE0 10 H2,urban central H2 CHP,,0.39886,525.85204
Link,DE0 11 H2,H2 CCGT,,0.07229,0.04294
Link,DE0 11 H2,H2 OCGT,,1.16124,0.42543
Link,DE0 11 H2,H2 pipeline (Kernnetz),,30883.33333,30883.33333
Link,DE0 11 H2,urban central H2 CHP,,0.12607,0.12277
Link,DE0 12 H2,H2 CCGT,,0.0958,0.05866
Link,DE0 12 H2,H2 OCGT,,4.46645,0.39937
Link,DE0 12 H2,H2 pipeline (Kernnetz),,14933.33333,14933.33333
Link,DE0 12 H2,urban central H2 CHP,,97.34912,434.30261
Link,DE0 13 H2,H2 CCGT,,0.08567,0.06619
Link,DE0 13 H2,H2 OCGT,,3.02737,7022.85607
Link,DE0 13 H2,H2 pipeline (Kernnetz),,7466.66667,7466.66667
Link,DE0 13 H2,urban central H2 CHP,,85.27961,420.81581
Link,DE0 14 H2,H2 CCGT,,0.12289,0.09568
Link,DE0 14 H2,H2 OCGT,,9037.70254,9480.43811
Link,DE0 14 H2,H2 pipeline (Kernnetz),,1080.0,1080.0
Link,DE0 14 H2,urban central H2 CHP,,442.87739,3412.54131
Link,DE0 15 H2,H2 CCGT,,0.08852,0.06437
Link,DE0 15 H2,H2 OCGT,,6.46642,1125.99605
Link,DE0 15 H2,H2 pipeline (Kernnetz),,51026.66667,51026.66667
Link,DE0 15 H2,urban central H2 CHP,,192.70574,192.81846
Link,DE0 16 H2,H2 CCGT,,0.04784,0.01578
Link,DE0 16 H2,H2 OCGT,,0.78938,0.28059
Link,DE0 16 H2,H2 pipeline (Kernnetz),,960.0,960.0
Link,DE0 16 H2,urban central H2 CHP,,0.23106,748.90497
Link,DE0 17 H2,H2 CCGT,,0.11038,0.0752
Link,DE0 17 H2,H2 OCGT,,6.93112,0.52718
Link,DE0 17 H2,H2 pipeline (Kernnetz),,36641.66667,36641.66667
Link,DE0 17 H2,urban central H2 CHP,,756.5954,3473.47089
Link,DE0 18 H2,H2 CCGT,,0.08353,0.04628
Link,DE0 18 H2,H2 OCGT,,5536.83739,5809.72261
Link,DE0 18 H2,H2 pipeline (Kernnetz),,6705.0,6705.0
Link,DE0 18 H2,urban central H2 CHP,,3.04249,27.54265
Link,DE0 19 H2,H2 CCGT,,0.08671,0.06365
Link,DE0 19 H2,H2 OCGT,,4.64825,15.51491
Link,DE0 19 H2,urban central H2 CHP,,122.05898,122.27826
Link,DE0 2 H2,H2 CCGT,,0.15813,0.1301
Link,DE0 2 H2,H2 OCGT,,13919.32,40838.91134
Link,DE0 2 H2,H2 pipeline (Kernnetz),,46240.0,46240.0
Link,DE0 2 H2,urban central H2 CHP,,2688.21031,5745.89232
Link,DE0 20 H2,H2 CCGT,,0.0851,0.05848
Link,DE0 20 H2,H2 OCGT,,9.16436,3018.25661
Link,DE0 20 H2,urban central H2 CHP,,0.62265,1229.06269
Link,DE0 21 H2,H2 CCGT,,0.16509,0.13256
Link,DE0 21 H2,H2 OCGT,,21058.33793,21075.27613
Link,DE0 21 H2,urban central H2 CHP,,2739.87395,5671.66914
Link,DE0 22 H2,H2 CCGT,,0.09359,0.06537
Link,DE0 22 H2,H2 OCGT,,319.88192,7212.36918
Link,DE0 22 H2,H2 pipeline (Kernnetz),,16825.0,16825.0
Link,DE0 22 H2,urban central H2 CHP,,0.98977,19.71346
Link,DE0 23 H2,H2 CCGT,,0.05503,0.02904
Link,DE0 23 H2,H2 OCGT,,0.6286,0.30275
Link,DE0 23 H2,urban central H2 CHP,,0.07187,0.03107
Link,DE0 24 H2,H2 CCGT,,0.07573,0.04357
Link,DE0 24 H2,H2 OCGT,,1.53007,0.34566
Link,DE0 24 H2,H2 pipeline (Kernnetz),,20466.66667,20466.66667
Link,DE0 24 H2,urban central H2 CHP,,0.09226,0.0848
Link,DE0 25 H2,H2 CCGT,,0.133,0.09746
Link,DE0 25 H2,H2 OCGT,,4947.24804,4947.93094
Link,DE0 25 H2,H2 pipeline (Kernnetz),,18800.0,18800.0
Link,DE0 25 H2,urban central H2 CHP,,1624.19329,2705.38999
Link,DE0 26 H2,H2 CCGT,,0.1293,0.0731
Link,DE0 26 H2,H2 OCGT,,208.12209,208.85623
Link,DE0 26 H2,H2 pipeline (Kernnetz),,3035.0,3035.0
Link,DE0 26 H2,urban central H2 CHP,,0.32519,101.81008
Link,DE0 27 H2,H2 CCGT,,0.07992,0.04145
Link,DE0 27 H2,H2 OCGT,,6219.48544,6224.50108
Link,DE0 27 H2,H2 pipeline (Kernnetz),,11130.0,11130.0
Link,DE0 27 H2,urban central H2 CHP,,0.45866,568.45325
Link,DE0 28 H2,H2 CCGT,,0.05576,0.02675
Link,DE0 28 H2,H2 OCGT,,0.63356,0.20921
Link,DE0 28 H2,H2 pipeline (Kernnetz),,1080.0,1080.0
Link,DE0 28 H2,urban central H2 CHP,,0.08918,3.73924
Link,DE0 29 H2,H2 CCGT,,0.06938,0.04349
Link,DE0 29 H2,H2 OCGT,,0.87739,0.62866
Link,DE0 29 H2,H2 pipeline (Kernnetz),,27933.33333,27933.33333
Link,DE0 29 H2,urban central H2 CHP,,0.06222,0.0825
Link,DE0 3 H2,H2 CCGT,,0.08043,0.04532
Link,DE0 3 H2,H2 OCGT,,2.84118,0.37515
Link,DE0 3 H2,H2 pipeline (Kernnetz),,32816.66667,32816.66667
Link,DE0 3 H2,urban central H2 CHP,,5.23872,3470.07278
Link,DE0 4 H2,H2 CCGT,,0.09415,0.069
Link,DE0 4 H2,H2 OCGT,,11.94871,5136.79225
Link,DE0 4 H2,H2 pipeline (Kernnetz),,7650.0,7650.0
Link,DE0 4 H2,urban central H2 CHP,,151.8016,152.31142
Link,DE0 5 H2,H2 CCGT,,0.08615,0.07359
Link,DE0 5 H2,H2 OCGT,,3038.47926,9349.17254
Link,DE0 5 H2,urban central H2 CHP,,803.73842,1828.10856
Link,DE0 6 H2,H2 CCGT,,0.06872,0.02778
Link,DE0 6 H2,H2 OCGT,,2932.94464,2933.87468
Link,DE0 6 H2,H2 pipeline (Kernnetz),,55868.33333,55868.33333
Link,DE0 6 H2,urban central H2 CHP,,0.06917,0.05163
Link,DE0 7 H2,H2 CCGT,,0.05934,0.03388
Link,DE0 7 H2,H2 OCGT,,0.71476,0.26949
Link,DE0 7 H2,H2 pipeline (Kernnetz),,4030.0,4030.0
Link,DE0 7 H2,urban central H2 CHP,,0.37393,399.22619
Link,DE0 8 H2,H2 CCGT,,0.11481,0.09748
Link,DE0 8 H2,H2 OCGT,,10491.73242,22635.28103
Link,DE0 8 H2,H2 pipeline (Kernnetz),,7650.0,7650.0
Link,DE0 8 H2,urban central H2 CHP,,0.21077,377.4227
Link,DE0 9 H2,H2 CCGT,,0.05904,0.02808
Link,DE0 9 H2,H2 OCGT,,0.78334,0.21148
Link,DE0 9 H2,urban central H2 CHP,,607.93069,3041.03637
Store,DE0 0 EV battery,EV battery,,21900.68468,33893.90152
Store,DE0 1 EV battery,EV battery,,23036.3794,35651.52351
Store,DE0 10 EV battery,EV battery,,6863.27907,10621.73664
Store,DE0 11 EV battery,EV battery,,18357.77846,28410.83485
Store,DE0 12 EV battery,EV battery,,7478.63916,11574.07921
Store,DE0 13 EV battery,EV battery,,15454.06502,23916.99463
Store,DE0 14 EV battery,EV battery,,26948.28392,41705.65874
Store,DE0 15 EV battery,EV battery,,21317.40023,32991.19981
Store,DE0 16 EV battery,EV battery,,19439.15359,30084.39083
Store,DE0 17 EV battery,EV battery,,37555.87305,58122.15835
Store,DE0 18 EV battery,EV battery,,32587.20211,50432.55201
Store,DE0 19 EV battery,EV battery,,13566.2414,20995.36416
Store,DE0 2 EV battery,EV battery,,76929.44457,119057.4202
Store,DE0 20 EV battery,EV battery,,11447.73907,17716.73107
Store,DE0 21 EV battery,EV battery,,39875.83432,61712.57297
Store,DE0 22 EV battery,EV battery,,9671.52637,14967.8317
Store,DE0 23 EV battery,EV battery,,9545.42726,14772.67841
Store,DE0 24 EV battery,EV battery,,14693.80421,22740.40105
Store,DE0 25 EV battery,EV battery,,21768.97773,33690.06943
Store,DE0 26 EV battery,EV battery,,10435.11836,16149.58068
Store,DE0 27 EV battery,EV battery,,14231.71692,22025.26627
Store,DE0 28 EV battery,EV battery,,19404.84876,30031.30005
Store,DE0 29 EV battery,EV battery,,6508.29155,10072.35144
Store,DE0 3 EV battery,EV battery,,30280.0486,46861.95891
Store,DE0 4 EV battery,EV battery,,14323.05791,22166.62727
Store,DE0 5 EV battery,EV battery,,43515.1727,67344.87984
Store,DE0 6 EV battery,EV battery,,10093.03115,15620.16024
Store,DE0 7 EV battery,EV battery,,22672.85979,35088.93389
Store,DE0 8 EV battery,EV battery,,16103.32176,24921.79628
Store,DE0 9 EV battery,EV battery,,33953.24887,52546.67105
